Appliances,lights,T4,RH_4,T9
60,30,19.0,45.5666666667,17.0333333333
60,30,19.0,45.9925,17.0666666667
50,30,18.9266666667,45.89,17.0
50,40,18.89,45.7233333333,17.0
60,40,18.89,45.53,17.0
50,40,18.89,45.73,17.0
60,50,18.89,45.79,17.0
60,50,18.89,45.8633333333,17.0
60,40,18.89,45.79,17.0
70,40,18.89,46.0966666667,17.0
230,70,18.89,46.43,17.0
580,60,19.0,46.43,16.89
430,50,19.0,46.3633333333,16.9633333333
250,40,19.0,47.2233333333,16.89
100,10,19.0,48.6966666667,16.89
100,10,19.0,48.49,16.89
90,10,18.9266666667,48.1566666667,16.89
70,30,18.89,47.9633333333,16.89
80,30,18.9633333333,48.63,16.89
140,40,19.0333333333,49.5,16.89
120,20,19.175,49.9475,16.89
190,40,19.26,49.6966666667,16.89
110,40,19.3233333333,49.1666666667,16.89
110,40,19.39,48.4266666667,16.89
110,30,19.39,48.1933333333,16.89
110,20,19.39,47.8,16.89
100,30,19.39,47.56,16.89
100,20,19.39,47.5,16.89
100,20,19.4266666667,47.9933333333,16.89
100,20,19.5666666667,48.4666666667,16.89
110,20,19.6666666667,48.0933333333,16.8233333333
400,20,19.6,47.5,16.8233333333
400,20,19.6966666667,47.6266666667,16.89
390,30,20.0966666667,47.5666666667,16.89
240,20,20.5966666667,47.2233333333,16.8233333333
60,20,20.9966666667,47.03,16.89
60,20,21.1666666667,46.5266666667,16.89
60,20,21.0333333333,46.4,16.89
50,10,20.9633333333,46.4333333333,16.89
70,20,20.865,46.5675,16.89
60,20,20.73,46.59,16.89
40,20,20.7,46.79,16.89
40,10,20.6333333333,46.79,16.89
30,20,20.5666666667,46.9333333333,16.89
40,20,20.5,47.1333333333,16.89
50,20,20.5,47.23,16.89
310,10,20.4266666667,47.23,16.89
380,20,20.46,47.36,16.89
380,20,20.7933333333,47.56,16.89
370,20,21.2633333333,47.4666666667,16.89
120,10,21.5966666667,47.4,16.89
50,0,21.89,46.9666666667,16.89
40,0,21.8233333333,46.2266666667,16.89
50,0,21.6666666667,46.06,16.89
40,0,21.5333333333,45.9333333333,16.89
50,0,21.3566666667,45.9,16.9633333333
50,0,21.23,45.9,17.0
50,0,21.0666666667,45.9,17.0
40,0,20.9266666667,45.9,17.0
40,0,20.745,45.9,17.0
30,0,20.6666666667,46.0,17.0
20,0,20.5333333333,46.0,17.0
20,0,20.39,46.03,17.0
40,0,20.39,46.1633333333,17.0
50,0,20.29,46.2,17.0666666667
50,0,20.23,46.26,17.0666666667
40,0,20.1,46.29,17.0333333333
50,0,20.0333333333,46.29,17.0333333333
40,0,20.0,46.4,17.0333333333
40,0,19.9266666667,46.4666666667,17.0333333333
40,0,19.8566666667,46.4666666667,17.1
60,0,19.79,46.4666666667,17.1
50,0,19.76,46.59,17.1
50,0,19.7,46.6633333333,17.1
40,0,19.6666666667,46.6633333333,17.1
40,0,19.6,46.59,17.1
40,0,19.6,46.6266666667,17.1
40,0,19.6,46.7,17.1
50,0,19.5,46.7,17.1
70,10,19.5,46.7,17.1
40,0,19.4266666667,46.7,17.1
30,0,19.39,46.7,17.1333333333
20,10,19.39,46.7,17.2
30,0,19.29,46.79,17.2
40,10,19.29,46.79,17.2
50,10,19.29,46.79,17.2
60,20,19.29,46.5966666667,17.2
60,20,19.26,46.2966666667,17.2
70,20,19.2,46.09,17.2
60,30,19.1666666667,45.9666666667,17.15
140,20,19.1666666667,45.9,17.1
110,30,19.2,45.76,17.1
90,10,19.2,45.6266666667,17.1
60,0,19.1,45.5266666667,17.1
60,0,19.1,45.4,17.1
60,0,19.1,45.3633333333,17.0333333333
50,0,19.1,45.23,17.0
60,0,19.1,45.09,17.0666666667
50,0,19.1,44.9666666667,17.0333333333
30,0,19.0333333333,44.7666666667,17.0333333333
40,0,19.0,44.6633333333,17.0
30,0,19.0666666667,44.59,17.0
260,0,19.1,44.6933333333,17.0
500,0,19.1666666667,45.0266666667,17.0
450,0,19.36,45.36,17.0
50,10,19.6933333333,45.56,17.0
60,0,20.0,45.1333333333,17.0333333333
60,0,20.0666666667,44.86,17.0333333333
50,0,20.1333333333,44.7,17.05
50,0,20.2,44.6266666667,17.1
50,0,20.2,44.59,17.1
60,0,20.1333333333,44.4633333333,17.1
60,0,20.1,44.1633333333,17.1
60,0,20.1,44.03,17.1
60,0,20.0333333333,43.9,17.1
190,0,20.0333333333,43.6933333333,17.1
220,0,20.0,43.845,17.1
170,0,20.0,43.8266666667,17.1
390,0,20.0,43.9666666667,17.1
90,0,19.89,44.09,17.1
60,0,19.89,44.1633333333,17.1666666667
290,0,19.8566666667,44.16,17.1666666667
130,0,19.8566666667,44.0266666667,17.1
140,0,19.79,43.8633333333,17.1
240,0,19.73,43.53,17.1
50,0,19.7,43.5,17.1
60,0,19.7,43.5,17.1
60,0,19.7,43.4666666667,17.1
60,0,19.7,43.4,17.1
370,0,19.6,43.2,17.1
200,0,19.6,43.1266666667,17.1
70,0,19.5666666667,43.06,17.1
50,0,19.5,43.0,17.1
40,0,19.4633333333,43.06,17.1
40,0,19.39,43.0,17.1
30,0,19.445,43.145,17.1
30,0,19.5333333333,43.1633333333,17.1666666667
30,0,19.6,43.03,17.1666666667
30,0,19.6,42.8633333333,17.2
40,0,19.5333333333,42.79,17.2
50,0,19.39,42.59,17.2
40,0,19.39,42.59,17.2
40,0,19.29,42.59,17.1
40,0,19.29,42.59,17.1
60,0,19.26,42.56,17.1
60,10,19.2,42.56,17.1
210,20,19.2,42.6266666667,17.1
380,20,19.2,42.76,17.1
370,40,19.36,43.5666666667,17.1
230,30,19.6933333333,43.9,17.0666666667
80,40,20.1633333333,43.8333333333,17.0
90,30,20.29,43.6266666667,17.0333333333
70,20,20.2,43.49,17.0333333333
40,10,20.2,43.0966666667,17.0
40,0,20.1,42.845,17.0
30,0,19.9633333333,42.59,17.0
50,0,19.89,42.59,17.0
50,0,19.8566666667,42.56,17.0
60,0,19.79,42.5,16.9266666667
50,0,19.76,42.53,16.89
60,0,19.7,42.53,16.9633333333
60,0,19.6666666667,42.56,16.89
60,0,19.6,42.5,16.89
50,0,19.6,42.5,16.89
50,0,19.5333333333,42.5,16.89
50,0,19.5,42.5,16.89
50,0,19.5,42.5,16.89
50,0,19.4633333333,42.4666666667,16.89
60,0,19.39,42.4,16.89
60,0,19.39,42.4333333333,16.89
40,0,19.3233333333,42.5,16.89
30,0,19.29,42.5,16.89
30,20,19.29,42.5,16.79
30,10,19.29,42.69,16.79
40,0,19.29,42.73,16.89
50,10,19.23,42.79,16.89
50,0,19.2,43.0,16.89
50,0,19.2,43.1333333333,16.89
40,0,19.2,43.23,16.9266666667
50,0,19.2,43.3633333333,16.9266666667
40,0,19.1333333333,43.4,17.0
40,0,19.1333333333,43.4666666667,17.0
40,0,19.1,43.5,17.0
40,0,19.1,43.5,17.0
50,0,19.1,43.53,17.0
50,0,19.0333333333,43.53,17.0
50,0,19.0,43.59,17.0
30,0,19.0,43.59,17.0
20,0,18.9633333333,43.6266666667,17.0
30,0,18.89,43.7,17.0
20,0,18.89,43.7,17.0
40,0,18.89,43.76,17.0
50,0,18.89,43.79,17.0
60,0,18.89,43.8266666667,17.0333333333
50,0,18.89,43.9,17.0333333333
40,0,18.79,43.9,17.0
40,0,18.79,43.9,17.0
50,0,18.79,43.9333333333,17.1
40,0,18.79,44.0,17.0333333333
40,0,18.79,44.0,17.1
50,0,18.79,44.06,17.1
50,0,18.76,44.09,17.1
50,0,18.7,44.09,17.1
40,0,18.7,44.1266666667,17.1
30,0,18.7,44.1266666667,17.1
20,0,18.7,44.1266666667,17.1
20,0,18.7,44.2,17.1
20,0,18.7,44.2,17.1
50,0,18.7,44.2,17.1
50,0,18.6333333333,44.1266666667,17.1
50,0,18.6333333333,44.2,17.1
40,0,18.6,44.145,17.1
40,0,18.6,44.1266666667,17.2
50,0,18.6,44.2,17.2
40,0,18.5333333333,44.2,17.2
50,0,18.6,44.2,17.2
50,0,18.5666666667,44.2,17.2
50,0,18.5,44.2,17.2
40,0,18.5,44.2,17.2
40,0,18.5,44.2,17.2
50,0,18.5,44.2,17.2
20,0,18.5,44.2,17.2
20,0,18.4633333333,44.1633333333,17.2
50,0,18.4633333333,44.1633333333,17.2
30,10,18.39,44.1266666667,17.2
50,10,18.39,44.1266666667,17.2
50,10,18.39,44.09,17.2
200,0,18.39,44.1633333333,17.2
110,10,18.39,44.1633333333,17.2
80,10,18.39,44.09,17.2
50,0,18.39,44.09,17.2
50,0,18.39,43.9666666667,17.2
50,0,18.3233333333,43.9,17.2
40,0,18.29,43.79,17.1
40,0,18.29,43.79,17.1
30,0,18.29,43.7,17.1
180,20,18.29,43.7,17.1
350,30,18.23,43.6566666667,17.1
350,20,18.4966666667,43.8633333333,17.1
300,30,18.8233333333,44.0,17.0
400,20,19.03,44.0,17.0
390,30,19.46,44.06,17.0
290,30,19.7266666667,43.9333333333,17.0
60,30,20.0666666667,43.6633333333,17.0
70,20,20.2,43.2566666667,17.0
110,30,20.1666666667,43.0266666667,17.0
90,20,20.1,42.7666666667,17.1
60,20,20.1,42.7,17.1
70,20,20.1,42.7,17.1
80,20,20.05,42.6,17.1
60,0,20.0,42.3266666667,17.0
40,10,19.9266666667,42.4,17.0
30,10,19.8566666667,42.0266666667,17.0
70,10,19.79,41.8266666667,17.0
50,10,19.7,41.7666666667,16.9633333333
80,10,19.6333333333,42.1,16.89
80,10,19.6,42.86,16.89
50,0,19.6,43.6,16.89
40,0,19.5666666667,43.5266666667,16.89
50,0,19.4266666667,43.2666666667,16.89
40,0,19.39,42.8633333333,16.89
40,0,19.39,42.6566666667,16.89
50,0,19.29,42.3633333333,16.89
30,0,19.29,42.23,16.89
30,0,19.2,41.8633333333,16.89
20,0,19.2,41.79,16.89
20,0,19.1666666667,41.7,16.89
50,0,19.1,41.7,16.89
40,0,19.1,41.79,16.89
50,0,19.1,41.79,16.89
40,0,19.1,41.79,16.89
60,0,19.0,41.7,16.89
40,0,19.0,41.7,16.8233333333
40,0,19.0,41.59,16.89
50,0,19.0,41.59,16.89
40,0,19.0333333333,41.5,16.89
40,0,19.1,41.36,16.89
30,0,19.1,41.1333333333,16.89
30,0,19.1,41.0,16.89
30,0,19.1333333333,40.8633333333,16.89
40,0,19.2,40.6566666667,17.0
80,0,19.29,40.5,17.0
70,0,19.29,40.5,17.0
80,0,19.29,40.3633333333,17.0666666667
70,0,19.29,40.29,17.0666666667
80,0,19.2,40.2,17.0
80,0,19.1333333333,40.1266666667,17.0
100,0,19.1,40.09,17.0
90,0,19.0666666667,40.0266666667,17.0
100,10,19.0,39.9,17.0
90,0,19.0,39.9333333333,17.0
110,0,19.0,40.0,17.0
90,10,18.89,40.0,16.89
100,0,18.89,40.0,16.89
100,10,18.89,40.1266666667,16.89
110,0,18.8233333333,40.0666666667,16.89
100,10,18.79,40.09,16.8566666667
90,10,18.79,40.09,16.865
90,10,18.79,40.09,16.89
180,10,18.73,40.09,16.79
140,0,18.7,40.09,16.79
100,10,18.7,40.1633333333,16.79
110,20,18.7,40.29,16.79
340,20,18.7,40.29,16.79
380,20,18.6666666667,40.3633333333,16.79
210,30,18.6,40.3725,16.79
150,20,18.6,40.4666666667,16.73
330,20,18.7,40.8,16.79
420,20,18.76,41.2666666667,16.73
330,20,19.1333333333,41.6566666667,16.7
130,20,19.4,41.93,16.7
130,20,19.73,41.8633333333,16.7
110,20,19.79,41.73,16.7
250,10,19.7,41.2966666667,16.7
520,0,19.6333333333,41.03,16.7
360,0,19.5666666667,40.6933333333,16.6666666667
330,0,19.5,40.36,16.65
310,0,19.39,40.06,16.6
270,0,19.39,39.9333333333,16.6
230,0,19.29,39.76,16.6
170,10,19.29,39.7,16.6
60,0,19.2,39.6333333333,16.6
30,0,19.1333333333,40.1,16.6
30,0,19.1,40.53,16.6
30,0,19.075,40.7675,16.6
40,0,19.0,40.9666666667,16.6
50,0,18.9633333333,41.03,16.6
50,0,18.89,41.09,16.6
40,0,18.89,41.1266666667,16.6666666667
40,0,18.8233333333,41.1266666667,16.6
50,0,18.79,41.23,16.6666666667
50,0,18.79,41.29,16.6
40,0,18.76,41.3266666667,16.6
60,0,18.7,41.4666666667,16.6666666667
40,0,18.7,41.5,16.65
40,0,18.7,41.5,16.6333333333
50,0,18.7,41.59,16.6333333333
40,0,18.6333333333,41.59,16.7
30,0,18.6,41.59,16.6333333333
30,0,18.6,41.59,16.7
30,0,18.5333333333,41.7,16.7
40,0,18.5333333333,41.7,16.7
40,0,18.5,41.79,16.7
50,0,18.5,41.79,16.7
40,0,18.5,41.79,16.7
40,0,18.39,41.79,16.7
40,0,18.4633333333,41.8633333333,16.7
50,0,18.39,41.8266666667,16.7
50,0,18.39,41.9,16.7
50,0,18.39,41.9,16.7
40,0,18.39,41.9666666667,16.7
50,0,18.3566666667,42.0,16.7
40,0,18.29,42.04,16.7
40,0,18.29,42.0266666667,16.7
20,0,18.29,41.9666666667,16.7
30,0,18.29,42.09,16.7
30,0,18.29,42.09,16.7
40,0,18.29,42.1266666667,16.7
50,0,18.23,42.1266666667,16.73
40,0,18.2,42.2,16.73
40,0,18.2,42.2,16.7
50,0,18.2,42.2,16.7
40,0,18.2,42.2,16.73
50,0,18.15,42.29,16.73
50,0,18.1,42.29,16.73
40,0,18.1,42.3633333333,16.79
50,0,18.1,42.4,16.7
40,0,18.1,42.4,16.7
40,0,18.1,42.5,16.79
40,0,18.1,42.5,16.73
40,0,18.1,42.53,16.7
30,10,18.1,42.59,16.7
70,10,18.0,42.53,16.745
360,20,18.0,42.59,16.79
400,10,18.0666666667,42.9266666667,16.79
70,10,18.4,43.26,16.76
70,0,18.73,43.1233333333,16.7
390,0,18.79,42.53,16.7
100,0,18.79,42.1333333333,16.7
80,10,18.73,42.0,16.7
70,0,18.7,42.0,16.7
170,10,18.7,41.9333333333,16.7
360,0,18.65,41.79,16.7
180,10,18.6,41.6633333333,16.7
130,0,18.6,41.53,16.7
70,20,18.5666666667,41.4,16.7
70,10,18.5,41.4,16.7
180,20,18.5,41.5966666667,16.7
170,20,18.5666666667,41.8633333333,16.745
390,30,18.6333333333,42.0666666667,16.79
420,20,18.7,42.26,16.79
340,20,18.7,42.29,16.79
550,10,18.7,42.29,16.89
690,10,18.7,42.5,16.89
620,10,18.76,42.3,16.89
610,10,18.79,42.09,16.89
490,10,18.79,42.09,16.89
260,20,18.79,42.1266666667,16.89
240,10,18.79,42.2,16.89
220,10,18.89,42.29,16.89
130,10,18.89,42.42,16.9266666667
90,10,18.89,42.7233333333,17.0
290,10,18.9266666667,42.9333333333,17.0
410,0,19.0,43.1933333333,17.0
320,0,19.0,43.4333333333,17.0
260,0,19.0,43.1,17.0666666667
210,0,18.9633333333,42.43,17.1
210,0,18.89,42.1566666667,17.1
140,0,18.8566666667,42.0666666667,17.1
60,0,18.8566666667,42.7933333333,17.1
50,0,18.9266666667,43.6266666667,17.15
60,0,19.0,43.76,17.2
50,0,19.1,43.9,17.2
60,0,19.1,43.9,17.2
140,0,19.1,43.79,17.26
270,0,19.1,43.79,17.26
200,0,19.1,43.7233333333,17.2
60,0,19.0333333333,43.33,17.2
50,0,19.0,42.9666666667,17.2
60,0,18.9175,42.8175,17.2
80,0,18.89,42.73,17.2
50,0,18.89,42.59,17.2
40,0,18.8233333333,42.53,17.1333333333
50,0,18.79,42.5,17.1
50,0,18.79,42.4333333333,17.1
40,0,18.76,42.3633333333,17.1
30,0,18.76,42.29,17.1
30,0,18.7,42.26,17.1
200,0,18.7,42.1266666667,17.0333333333
450,0,18.7,42.1566666667,17.1
400,0,18.7,42.29,17.0666666667
740,0,18.7,42.3266666667,17.0
910,0,18.7,42.66,17.0
610,10,18.6333333333,43.3,17.0
510,10,18.7,44.4933333333,17.0
190,0,18.7,45.4633333333,17.0
110,10,18.76,45.6633333333,17.0
100,0,18.73,45.4666666667,17.0
90,10,18.745,45.295,17.0
110,10,18.79,45.1266666667,17.0
100,0,18.79,44.9666666667,16.9266666667
110,10,18.79,44.8266666667,16.9266666667
100,10,18.79,44.7,16.89
790,10,18.79,44.6266666667,16.89
380,10,18.79,44.59,16.89
360,10,18.79,44.59,16.89
360,10,18.79,44.73,16.89
100,10,18.79,45.0633333333,16.865
100,10,18.89,46.4333333333,16.8566666667
90,10,18.89,47.0266666667,16.89
90,20,18.9633333333,47.23,16.9633333333
110,10,18.89,47.29,16.9816666667
140,30,18.9633333333,47.1333333333,17.0
110,20,18.89,46.86,17.0
100,20,18.9633333333,46.6633333333,17.0
110,20,18.89,46.4633333333,17.0
130,20,18.89,46.2666666667,16.9633333333
140,30,19.0225,46.9225,16.89
130,20,19.26,47.23,16.89
120,20,19.29,46.7666666667,16.89
100,10,19.23,46.3,16.89
80,0,19.2,46.1266666667,16.89
50,10,19.2,46.1266666667,16.89
50,0,19.2,45.8333333333,16.89
50,0,19.1333333333,45.6266666667,17.0
40,0,19.1,45.56,17.0
50,0,19.0333333333,45.3,17.0
50,0,19.0,45.1333333333,17.1
50,0,18.9266666667,44.9333333333,17.1
40,0,18.89,44.76,17.1
30,0,18.8233333333,44.6266666667,17.1
30,0,18.79,44.4666666667,17.1
40,0,18.79,44.3266666667,17.1
40,0,18.76,44.26,17.1
50,0,18.7,44.2,17.1
60,0,18.7,44.09,17.1
50,0,18.7,44.0225,17.1
60,0,18.7,43.9333333333,17.1
50,0,18.6666666667,43.8633333333,17.1
50,0,18.6,43.73,17.1333333333
50,0,18.6,43.7,17.2
50,0,18.6,43.7,17.2
50,0,18.5666666667,43.56,17.2
50,0,18.5,43.5,17.2
60,0,18.5,43.5,17.2
50,0,18.5,43.4333333333,17.2
50,0,18.5,43.4,17.2
50,0,18.5,43.4,17.2
50,0,18.5,43.4,17.2
40,0,18.5,43.4,17.2
50,0,18.4633333333,43.26,17.2
40,0,18.39,43.2,17.26
30,0,18.39,43.1266666667,17.23
40,0,18.39,43.2,17.29
30,0,18.39,43.09,17.29
60,0,18.39,43.09,17.29
50,0,18.39,43.09,17.29
50,0,18.3233333333,43.06,17.29
40,0,18.39,43.0,17.29
50,0,18.39,43.0,17.29
60,0,18.3233333333,43.0,17.29
50,0,18.3233333333,42.9,17.29
50,0,18.3233333333,42.9,17.29
50,0,18.29,42.8633333333,17.29
50,0,18.29,42.79,17.29
40,0,18.29,42.79,17.3233333333
50,0,18.29,42.73,17.3233333333
50,0,18.23,42.6266666667,17.3233333333
50,0,18.23,42.5666666667,17.39
60,0,18.2,42.5,17.39
50,0,18.2,42.5,17.39
40,0,18.2,42.4,17.39
50,0,18.2,42.4,17.39
50,0,18.2,42.4,17.39
50,0,18.2,42.4,17.39
30,0,18.1333333333,42.3266666667,17.39
70,10,18.1333333333,42.29,17.39
50,10,18.1333333333,42.29,17.4266666667
50,10,18.1,42.29,17.4266666667
50,10,18.1,42.29,17.4633333333
50,0,18.1,42.29,17.4633333333
40,10,18.1,42.29,17.39
50,10,18.1,42.29,17.39
50,10,18.1,42.29,17.39
150,10,18.1,42.4,17.39
390,20,18.1,42.3266666667,17.39
390,10,18.2633333333,42.4666666667,17.29
380,10,18.6566666667,42.3266666667,17.29
400,10,19.3,42.2,17.29
370,10,19.6933333333,41.9266666667,17.29
310,10,20.0666666667,41.3633333333,17.29
40,10,20.3266666667,41.1566666667,17.29
50,0,20.5,40.8,17.29
70,10,20.3566666667,40.59,17.29
60,10,20.29,40.4633333333,17.29
90,10,20.2,40.3633333333,17.29
60,10,20.1333333333,40.29,17.29
60,20,20.1,40.09,17.29
100,0,20.1030864198,40.1098765432,17.29
380,10,20.1061728395,40.1297530864,17.29
390,10,20.1092592593,40.1496296296,17.26
130,10,20.112345679,40.1695061728,17.26
60,0,20.1154320988,40.189382716,17.29
60,10,20.1185185185,40.2092592593,17.29
50,10,20.1216049383,40.2291358025,17.29
60,10,20.124691358,40.2490123457,17.29
60,10,20.1277777778,40.2688888889,17.29
240,0,20.1308641975,40.2887654321,17.29
80,10,20.1339506173,40.3086419753,17.29
80,0,20.137037037,40.3285185185,17.26
400,0,20.1401234568,40.3483950617,17.26
400,0,20.1432098765,40.3682716049,17.29
460,10,20.1462962963,40.3881481481,17.29
170,0,20.149382716,40.4080246914,17.29
210,0,20.1524691358,40.4279012346,17.29
190,0,20.1555555556,40.4477777778,17.3233333333
70,0,20.1586419753,40.467654321,17.39
80,0,20.1617283951,40.4875308642,17.5
60,10,20.1648148148,40.5074074074,17.5666666667
70,0,20.1679012346,40.5272839506,17.6
60,0,20.1709876543,40.5471604938,17.6666666667
70,0,20.1740740741,40.567037037,17.65
60,0,20.1771604938,40.5869135802,17.7
60,0,20.1802469136,40.6067901235,17.6333333333
60,0,20.1833333333,40.6266666667,17.6
60,0,20.1864197531,40.6465432099,17.6
60,0,20.1895061728,40.6664197531,17.5
50,10,20.1925925926,40.6862962963,17.5
50,0,20.1956790123,40.7061728395,17.5
60,0,20.1987654321,40.7260493827,17.5
50,0,20.2018518519,40.7459259259,17.5
50,0,20.2049382716,40.7658024691,17.5
70,0,20.2080246914,40.7856790123,17.4633333333
50,0,20.2111111111,40.8055555556,17.4633333333
60,0,20.2141975309,40.8254320988,17.5
60,0,20.2172839506,40.845308642,17.5
90,0,20.2203703704,40.8651851852,17.39
100,10,20.2234567901,40.8850617284,17.39
90,0,20.2265432099,40.9049382716,17.39
100,10,20.2296296296,40.9248148148,17.39
110,0,20.2327160494,40.944691358,17.34
100,10,20.2358024691,40.9645679012,17.3566666667
80,0,20.2388888889,40.9844444444,17.3566666667
110,10,20.2419753086,41.0043209877,17.29
260,10,20.2450617284,41.0241975309,17.29
350,10,20.2481481481,41.0440740741,17.29
500,10,20.2512345679,41.0639506173,17.29
370,10,20.2543209877,41.0838271605,17.29
330,20,20.2574074074,41.1037037037,17.29
100,10,20.2604938272,41.1235802469,17.29
110,20,20.2635802469,41.1434567901,17.29
140,20,20.2666666667,41.1633333333,17.29
310,30,20.5333333333,43.2233333333,17.29
330,20,20.3266666667,43.3333333333,17.29
190,20,20.1333333333,43.2,17.29
160,20,20.0666666667,43.0,17.29
160,30,20.0666666667,43.46,17.29
480,10,20.1,43.4333333333,17.29
280,20,20.2933333333,43.5,17.29
130,20,20.7633333333,42.9966666667,17.245
150,20,20.89,42.33,17.2
140,20,20.8566666667,42.2,17.2
130,20,20.79,42.26,17.2
130,20,20.79,42.53,17.2
340,20,20.79,42.6633333333,17.2
490,10,20.8566666667,42.9,17.2
230,10,20.79,42.9,17.2
360,10,20.76,42.7233333333,17.2
410,10,20.76,42.7966666667,17.29
150,0,21.145,43.19,17.3566666667
80,10,21.7,43.1,17.5333333333
80,10,21.7,42.9,17.6
70,10,21.5666666667,42.9333333333,17.6
70,10,21.5,43.1333333333,17.6666666667
70,0,21.39,43.3266666667,17.73
60,10,21.39,43.4666666667,17.79
60,10,21.29,43.6266666667,17.79
50,10,21.23,43.76,17.865
50,0,21.2,43.79,17.89
50,0,21.1333333333,43.79,17.89
30,0,21.0,43.7,17.89
20,0,20.9266666667,43.7,17.89
40,0,20.76,43.7,17.89
50,0,20.7,43.7,17.89
50,0,20.6666666667,43.6633333333,17.89
50,0,20.6,43.53,17.89
60,0,20.5,43.5,17.89
50,0,20.4266666667,43.4333333333,17.89
60,0,20.3566666667,43.5,17.89
50,0,20.29,43.5,17.89
40,0,20.23,43.4333333333,17.89
50,0,20.2,43.4,17.89
50,0,20.2,43.4,17.89
50,0,20.1,43.4,17.89
50,0,20.1,43.4,17.89
40,0,20.0,43.29,17.89
30,0,20.0,43.29,17.89
30,0,19.9633333333,43.29,17.89
40,0,19.89,43.29,17.89
50,0,19.8566666667,43.26,17.89
50,0,19.79,43.2,17.89
50,0,19.79,43.2,17.89
50,0,19.79,43.2,17.89
60,0,19.7,43.2,17.9633333333
50,0,19.7,43.2,17.89
50,0,19.7,43.1633333333,17.89
40,0,19.7,43.09,17.89
50,0,19.6,43.0,17.89
50,0,19.575,43.0,17.89
50,0,19.5666666667,43.0,17.89
50,0,19.5666666667,43.0,17.9266666667
30,0,19.5,43.0,17.9266666667
30,0,19.5,42.9,17.89
30,0,19.5,42.9,17.89
50,0,19.39,42.8633333333,17.89
50,0,19.39,42.79,17.89
40,0,19.39,42.79,17.89
60,0,19.39,42.79,17.89
60,0,19.29,42.79,17.89
50,0,19.29,42.79,17.89
50,0,19.29,42.79,17.89
50,0,19.29,42.79,17.89
220,0,19.26,42.76,17.89
390,10,19.2,42.76,17.89
380,10,19.5966666667,43.03,17.89
390,10,20.0633333333,43.03,17.89
390,10,20.545,42.95,17.89
240,10,20.9933333333,42.8633333333,17.89
40,10,21.26,42.6566666667,17.89
70,10,21.3566666667,42.5,17.89
50,0,21.23,42.5,17.8233333333
50,0,21.1666666667,42.6266666667,17.89
70,0,21.0333333333,42.6266666667,17.89
60,0,20.89,42.6633333333,17.89
70,0,20.8233333333,42.59,17.89
60,0,20.7,42.59,17.89
50,0,20.7,42.59,17.79
60,0,20.6,42.59,17.79
60,0,20.5333333333,42.59,17.79
80,0,20.5,42.59,17.79
100,0,20.5,42.53,17.79
60,0,20.5,42.4666666667,17.8566666667
70,0,20.5,42.3266666667,17.8233333333
60,0,20.5,42.3266666667,17.89
60,0,20.5,42.3266666667,17.89
50,0,20.5666666667,42.26,17.89
50,0,20.5,42.245,17.89
40,0,20.5,42.2,17.89
50,0,20.5,42.1633333333,17.89
70,0,20.5,42.09,17.89
60,0,20.5,42.1633333333,17.89
60,0,20.5,42.09,17.9633333333
80,0,20.4633333333,41.9666666667,17.9266666667
80,0,20.4633333333,41.9,18.0
80,0,20.39,41.8633333333,18.0
90,0,20.1966666667,40.53,18.0
90,0,20.1,40.2233333333,18.0
100,0,20.1666666667,39.9633333333,18.0333333333
80,0,20.1666666667,40.09,18.0333333333
90,0,20.1666666667,40.3633333333,18.0
80,0,20.2,41.03,18.0
80,0,20.26,41.6233333333,18.0333333333
80,0,20.29,41.9,18.1
80,0,20.3566666667,41.9,18.1333333333
90,0,20.39,41.9666666667,18.2
70,0,20.39,41.9,18.2
50,0,20.39,41.9,18.2
60,10,20.39,41.6633333333,18.2
70,10,20.39,41.59,18.2
80,10,20.29,41.3333333333,18.1666666667
70,10,20.29,41.2,18.1
370,10,20.29,41.09,18.1
410,20,20.43,41.4233333333,18.1
250,10,20.9266666667,41.7,18.1
80,10,21.4666666667,41.5,18.1
70,10,21.6666666667,40.9,18.0333333333
70,0,21.5333333333,40.5,18.1
80,10,21.3566666667,40.2233333333,18.1
70,20,21.29,40.09,18.1
80,20,21.1666666667,39.9666666667,18.0333333333
80,20,21.1,39.8266666667,18.0
150,20,21.0666666667,39.93,18.0
380,30,21.0,39.73,18.0
290,30,21.0,39.6933333333,17.9266666667
270,20,20.9175,39.5225,17.89
420,30,20.89,39.53,17.89
280,20,20.89,39.26,17.89
300,20,20.89,39.2,17.89
350,30,20.8566666667,39.1633333333,17.89
270,20,20.79,39.09,17.89
560,20,20.8233333333,39.2666666667,17.79
1080,30,20.89,39.7333333333,17.79
750,20,20.89,39.9266666667,17.79
390,10,20.89,40.5333333333,17.79
350,10,20.89,40.2966666667,17.79
340,10,20.8233333333,39.89,17.79
290,20,20.79,40.3966666667,17.79
230,40,20.79,40.6566666667,17.79
120,30,20.79,40.26,17.79
110,40,20.79,40.1266666667,17.79
100,40,20.79,40.1666666667,17.79
110,40,20.8566666667,40.8333333333,17.79
130,40,20.9266666667,41.1266666667,17.79
140,30,21.0,41.17,17.79
110,30,21.0,40.7666666667,17.79
100,20,21.0,40.3333333333,17.79
100,30,21.0666666667,40.46,17.73
110,20,21.1,40.43,17.76
110,20,21.1,40.23,17.76
190,20,21.1,40.06,17.7
450,20,21.1,40.06,17.745
210,20,21.3,40.53,17.7
100,30,21.6333333333,40.53,17.7
90,20,21.7,40.29,17.7
90,20,21.7,40.29,17.7
80,20,21.7,40.4633333333,17.7
70,20,21.6333333333,40.53,17.7
70,10,21.6,40.6266666667,17.7
70,10,21.5333333333,40.76,17.7
60,0,21.4633333333,40.9,17.7
30,0,21.3233333333,40.9,17.7
30,0,21.26,41.0,17.76
30,0,21.175,41.0675,17.7
40,0,21.1,41.1633333333,17.7
50,0,20.9633333333,41.23,17.7
60,0,20.89,41.29,17.7
50,0,20.89,41.4,17.7
50,0,20.8233333333,41.3266666667,17.76
50,0,20.7,41.4,17.79
50,0,20.7,41.4,17.745
50,0,20.6666666667,41.4666666667,17.79
50,0,20.6,41.4,17.79
50,0,20.5666666667,41.53,17.79
60,0,20.5,41.59,17.79
50,0,20.5,41.7,17.79
60,0,20.4266666667,41.7,17.79
50,0,20.39,41.7,17.79
40,0,20.39,41.7,17.79
30,0,20.29,41.79,17.79
30,0,20.29,41.79,17.79
30,0,20.26,41.8633333333,17.79
60,0,20.2,41.79,17.79
50,0,20.2,41.8633333333,17.79
60,0,20.2,41.9,17.79
50,0,20.2,41.9,17.79
50,0,20.1,41.9333333333,17.79
50,0,20.1,42.0,17.79
40,0,20.1,42.0,17.79
60,0,20.1,42.0,17.79
50,0,20.0,41.9,17.79
60,0,20.0,41.9,17.79
50,0,20.0,41.9333333333,17.79
50,0,19.9266666667,41.9333333333,17.8233333333
40,0,19.89,41.9666666667,17.8233333333
50,0,19.89,41.9666666667,17.79
50,0,19.89,42.0,17.79
30,0,19.89,42.0,17.79
40,0,19.79,41.9,17.79
30,0,19.79,41.9,17.89
50,0,19.79,41.9666666667,17.8233333333
50,0,19.79,41.975,17.79
40,0,19.79,42.0,17.8566666667
50,0,19.73,41.9,17.8566666667
50,0,19.73,41.9,17.8566666667
170,0,19.7,42.0,17.8233333333
400,0,19.7,42.0,17.8233333333
390,10,19.8933333333,42.1266666667,17.89
370,10,20.2933333333,42.1266666667,17.865
390,10,20.7633333333,41.9,17.8566666667
370,10,21.03,41.5666666667,17.79
380,10,21.36,41.1333333333,17.8566666667
100,10,21.6333333333,40.9333333333,17.79
90,20,21.79,40.6333333333,17.79
470,10,21.79,40.6333333333,17.79
320,0,21.79,40.5333333333,17.79
270,0,21.73,40.0,17.79
260,0,21.6666666667,39.6333333333,17.79
230,0,21.5333333333,39.36,17.73
470,10,21.3566666667,38.93,17.73
400,0,21.29,38.79,17.7
290,0,21.2,38.5,17.76
100,0,21.2633333333,38.9633333333,17.79
90,0,21.4633333333,39.1633333333,17.79
90,0,21.5333333333,39.4633333333,17.76
90,0,21.6,39.59,17.76
90,0,21.6,39.79,17.79
100,0,21.6,39.8633333333,17.79
80,0,21.6333333333,39.9,17.79
180,0,21.7,39.7666666667,17.89
440,0,21.79,39.46,17.8233333333
300,0,21.8566666667,39.26,17.89
250,0,21.8566666667,39.1,17.89
280,0,21.79,38.6333333333,17.89
460,0,21.76,38.5,17.89
120,0,21.7,38.56,18.0
120,0,21.6666666667,38.59,18.0
110,0,21.6,38.59,18.0
130,0,21.6,38.7,18.0
110,0,21.5333333333,38.76,18.0
120,0,21.5,38.95,18.0
120,0,21.5,38.9,18.0
120,0,21.5,38.9,18.0666666667
130,0,21.5,39.09,18.1
120,0,21.5,38.89,18.1666666667
120,0,21.39,38.4666666667,18.2
410,0,21.39,38.4,18.2225
420,0,21.3566666667,37.5633333333,18.29
140,0,21.29,37.23,18.29
60,0,21.26,36.5933333333,18.29
60,0,21.2,36.0666666667,18.39
70,10,21.2,35.8633333333,18.39
80,0,21.2,35.73,18.39
100,0,21.2,35.6633333333,18.39
80,0,21.2,35.59,18.39
80,0,21.2,35.56,18.39
70,0,21.2,35.5,18.39
80,0,21.2,35.53,18.39
80,0,21.2,35.53,18.39
90,0,21.2,35.545,18.39
80,0,21.1,35.59,18.5
80,0,21.1,35.6633333333,18.5
80,0,21.0666666667,35.79,18.2233333333
80,0,21.0,35.79,17.89
80,10,20.89,35.8266666667,18.0
90,10,20.89,36.1,18.1
130,10,20.89,36.4633333333,18.1
380,20,20.89,36.6633333333,18.1
800,10,21.0,36.8266666667,18.1
790,10,21.0666666667,36.9666666667,18.1
540,20,21.7333333333,36.9666666667,18.1
120,20,22.26,37.2333333333,18.1
110,20,22.39,37.3266666667,18.1
160,30,22.3233333333,37.4666666667,18.2
140,20,22.1666666667,37.4666666667,18.1333333333
550,20,22.0333333333,37.3266666667,18.1
530,10,21.8566666667,37.06,18.1
100,0,21.79,37.0,18.0
100,10,21.65,36.9,18.0
90,10,21.5666666667,36.9666666667,17.9633333333
90,10,21.5,36.9,17.89
100,10,21.3566666667,36.79,17.9633333333
130,10,21.29,36.8633333333,17.8233333333
110,10,21.2,36.9,17.89
120,20,21.2,36.9666666667,17.79
100,30,21.2,37.29,17.79
110,20,21.2,37.43,17.89
100,20,21.1666666667,37.6566666667,17.89
120,20,21.1666666667,37.73,17.89
250,30,21.2,37.3333333333,17.89
110,10,21.1333333333,37.1266666667,17.79
110,0,21.1,37.1633333333,17.79
150,10,21.1,36.9633333333,17.79
110,20,21.0,36.7266666667,17.79
50,10,21.0,37.1333333333,17.7
40,10,21.0666666667,38.0966666667,17.7
50,10,21.0666666667,38.5633333333,17.76
50,10,21.1,38.9633333333,17.7
70,10,21.1,39.2675,17.7
60,20,21.1,39.4666666667,17.7
60,10,21.1333333333,39.53,17.7
70,10,21.1333333333,39.59,17.7
50,10,21.2,39.7,17.7
70,10,21.2,39.7,17.6666666667
60,10,21.1333333333,39.79,17.6666666667
70,20,21.1333333333,39.79,17.6
60,10,21.1,39.79,17.6
60,10,21.1666666667,39.8633333333,17.6
50,10,21.1,39.8266666667,17.6666666667
40,10,21.1,39.9,17.6
30,20,21.1,39.9333333333,17.6
40,0,21.1,40.0,17.6
50,0,21.0666666667,40.0266666667,17.6
50,0,21.0,39.6933333333,17.6
40,0,20.9633333333,39.4,17.6
50,10,20.89,39.3266666667,17.6666666667
40,0,20.79,39.1633333333,17.6
40,0,20.7225,39.09,17.6
40,0,20.6333333333,39.03,17.6
60,0,20.6,38.9666666667,17.6
50,0,20.5333333333,38.9,17.6
50,0,20.4633333333,38.6333333333,17.6
40,0,20.39,38.56,17.6
40,0,20.3566666667,38.4666666667,17.6666666667
20,0,20.29,38.4,17.6
30,0,20.26,38.43,17.6
20,0,20.2,38.29,17.6333333333
50,0,20.2,38.29,17.6333333333
60,0,20.2,38.23,17.6
40,0,20.1,38.09,17.6
50,0,20.1,38.1633333333,17.6
40,0,20.0666666667,38.06,17.6
40,0,20.0,38.0,17.6
50,0,19.89,38.0,17.6
50,0,19.89,38.0,17.6
40,0,19.89,38.0,17.6
50,0,19.865,37.925,17.6
40,0,19.79,37.9,17.6
50,0,19.79,37.8633333333,17.6
30,0,19.79,37.79,17.6
20,0,19.7,37.8633333333,17.6
30,0,19.7,37.8633333333,17.6
30,0,19.7,37.9,17.6
50,0,19.6333333333,37.9,17.6
80,0,19.6,37.9,17.6
40,0,19.6,37.9,17.6
50,10,19.5666666667,37.9,17.6
40,0,19.5,37.8266666667,17.6
70,10,19.5,37.9,17.6
100,0,19.4266666667,37.9,17.5666666667
60,20,19.4633333333,38.2666666667,17.5
50,0,19.39,38.4666666667,17.5666666667
40,0,19.39,38.4666666667,17.5
40,0,19.39,38.4,17.5
40,0,19.39,38.4,17.5
20,0,19.315,38.4,17.5
20,0,19.29,38.3266666667,17.4266666667
30,0,19.29,38.3633333333,17.39
50,0,19.29,38.29,17.39
50,0,19.2,38.2,17.39
40,0,19.2,38.2,17.39
40,0,19.2,38.2,17.39
40,0,19.2,38.2,17.39
40,0,19.1,38.2,17.3233333333
50,0,19.1,38.1266666667,17.29
50,0,19.1666666667,38.0,17.29
50,0,19.1,38.0,17.29
40,0,19.1,37.9666666667,17.29
40,0,19.1,37.9666666667,17.29
20,0,19.1,37.9,17.29
20,0,19.1,37.9,17.29
30,0,19.1,37.9666666667,17.29
40,0,19.1,37.9666666667,17.29
50,0,19.1,38.045,17.29
50,0,19.1,38.09,17.29
40,0,19.1,38.03,17.29
40,0,19.1,38.0,17.26
50,0,19.1,38.0,17.2
40,0,19.0666666667,37.9666666667,17.29
40,0,19.0666666667,38.0266666667,17.23
50,0,19.0333333333,38.0666666667,17.29
40,0,19.0333333333,38.1266666667,17.2
50,0,19.0,38.09,17.26
40,0,19.0,38.1633333333,17.29
20,0,19.0,38.2,17.23
20,0,19.0,38.2,17.23
30,0,19.0,38.2,17.23
40,0,19.0,38.2,17.29
50,0,19.0,38.23,17.29
50,0,18.9266666667,38.29,17.2
50,0,18.89,38.29,17.26
40,0,18.89,38.29,17.29
40,0,18.89,38.29,17.29
40,0,18.89,38.29,17.2
40,0,18.89,38.29,17.2
40,0,18.89,38.29,17.2
50,0,18.89,38.3633333333,17.2
50,0,18.89,38.29,17.2
30,0,18.89,38.29,17.2
20,0,18.8566666667,38.3633333333,17.2
30,0,18.79,38.29,17.2
30,0,18.79,38.29,17.2
40,0,18.79,38.23,17.2
50,0,18.79,38.2,17.2
50,0,18.79,38.2,17.2
50,0,18.7,38.1633333333,17.2
40,0,18.7,38.09,17.1
40,0,18.7,38.0,17.1
50,0,18.7,38.06,17.1
40,0,18.7,38.09,17.1
40,0,18.6333333333,38.03,17.1
40,0,18.6,38.045,17.1
40,0,18.6,38.09,17.0666666667
20,0,18.6,38.09,17.0
30,0,18.5666666667,38.1633333333,17.0666666667
30,10,18.5,38.09,17.0
70,10,18.5,38.1266666667,17.0
230,10,18.5,38.2,17.0
660,10,18.4633333333,38.1633333333,17.0
510,0,18.39,38.1633333333,17.0
300,10,18.39,38.2,17.0
300,20,18.39,38.2,16.9633333333
350,10,18.3566666667,38.3266666667,16.89
90,10,18.29,38.4,16.89
100,0,18.29,38.4333333333,16.89
130,10,18.29,38.5,16.89
200,0,18.29,38.5,16.9633333333
480,0,18.29,38.5,17.0
430,10,18.26,38.43,17.0666666667
630,10,18.2,38.2225,17.0666666667
600,10,18.4,38.7333333333,17.0
470,20,19.0233333333,38.9666666667,17.0
740,10,19.4966666667,38.6933333333,16.9266666667
600,0,20.13,38.1,16.89
560,10,20.5966666667,37.6933333333,16.89
440,20,21.0966666667,37.3633333333,16.8233333333
280,10,21.4966666667,37.0966666667,16.8566666667
110,20,21.79,37.09,16.79
80,10,21.73,36.83,16.8233333333
70,20,21.43,36.6333333333,16.89
50,10,21.23,36.36,17.0
50,10,21.0666666667,36.6266666667,17.0666666667
60,20,20.9266666667,36.8333333333,17.0
60,10,20.8566666667,37.09,17.0
50,10,20.73,37.1633333333,17.0
60,20,20.6666666667,37.4333333333,17.0
50,10,20.6,37.56,17.0
50,10,20.5666666667,37.73,16.9266666667
40,20,20.5,37.8633333333,16.89
30,10,20.39,38.0,16.89
40,10,20.3566666667,38.1266666667,16.89
50,20,20.29,38.26,16.89
50,0,20.26,38.4,16.8566666667
50,0,20.2,38.4,16.84
40,0,20.1,38.53,16.79
50,0,20.0333333333,38.59,16.89
40,0,19.8566666667,38.56,16.89
50,0,19.79,38.5,16.79
40,0,19.7,38.5,16.79
50,0,19.6333333333,38.4333333333,16.89
50,0,19.5,38.4,16.8233333333
40,0,19.5,38.4666666667,16.89
40,0,19.39,38.4333333333,16.89
30,0,19.3233333333,38.5,16.79
20,0,19.26,38.4666666667,16.8566666667
20,0,19.2,38.4,16.8233333333
40,0,19.1666666667,38.4,16.89
50,0,19.1,38.4,16.79
40,0,19.0333333333,38.4,16.79
50,0,19.0,38.29,16.79
50,0,18.9266666667,38.29,16.79
40,0,18.89,38.29,16.8566666667
40,0,18.89,38.29,16.79
50,0,18.79,38.2,16.79
50,0,18.79,38.2,16.79
50,0,18.76,38.2,16.79
40,0,18.76,38.2,16.79
50,0,18.7,38.2,16.79
20,0,18.7,38.2,16.79
30,0,18.6666666667,38.1633333333,16.79
10,0,18.6,38.1633333333,16.79
40,0,18.6,38.09,16.79
60,0,18.6,38.09,16.79
40,0,18.5,38.09,16.79
50,0,18.5,38.1633333333,16.79
40,0,18.4633333333,38.06,16.79
40,0,18.445,38.045,16.79
40,0,18.39,38.0,16.79
70,10,18.39,38.0,16.79
50,0,18.39,38.0,16.79
50,0,18.29,38.03,16.79
40,10,18.29,38.09,16.79
30,0,18.29,38.09,16.79
30,10,18.29,38.09,16.79
20,10,18.2,38.0,16.79
50,0,18.2,38.06,16.79
50,0,18.2,38.23,16.79
50,0,18.2,38.29,16.76
50,10,18.2,38.4,16.7
40,0,18.1333333333,38.4666666667,16.7
40,0,18.1,38.6266666667,16.7
50,0,18.1,38.6266666667,16.7
40,0,18.1,38.59,16.7
40,0,18.1,38.53,16.6666666667
40,0,18.0666666667,38.4666666667,16.6
40,0,18.0,38.3175,16.6
20,0,18.0,38.29,16.6
30,0,18.0,38.2,16.6
30,0,17.89,38.2,16.6
40,0,17.89,38.1633333333,16.6
40,0,17.89,38.09,16.6
40,0,17.89,38.09,16.5
50,0,17.89,38.09,16.5
50,0,17.89,38.09,16.5
50,0,17.89,38.09,16.5
40,0,17.9266666667,38.09,16.5
40,0,18.0,38.09,16.5333333333
40,0,18.1333333333,38.1633333333,16.6
20,0,18.2,38.03,16.6
20,0,18.29,37.9666666667,16.6
30,0,18.29,37.9,16.6
50,0,18.29,37.9,16.6
40,0,18.29,37.9666666667,16.6
50,0,18.29,37.95,16.6666666667
40,0,18.29,37.9,16.7
40,0,18.29,37.8266666667,16.7
40,0,18.29,37.79,16.7
40,0,18.29,37.79,16.7
50,0,18.29,37.7233333333,16.7
50,0,18.23,37.53,16.73
50,0,18.2,37.4666666667,16.73
30,0,18.2,37.3266666667,16.79
30,0,18.1,37.29,16.79
20,0,18.1,37.29,16.89
20,0,18.1,37.29,16.89
50,0,18.1666666667,37.29,16.8233333333
50,0,18.1,37.29,16.8233333333
50,0,18.1666666667,37.29,16.79
40,0,18.1,37.2,16.79
40,0,18.1,37.2,16.89
40,0,18.2,37.345,16.79
40,0,18.2,37.4666666667,16.79
40,0,18.23,37.53,16.79
50,0,18.29,37.645,16.84
60,0,18.23,37.53,16.79
20,0,18.29,37.6633333333,16.89
20,0,18.23,37.59,16.89
30,0,18.23,37.53,16.89
40,0,18.23,37.53,16.89
40,0,18.2,37.5,16.89
50,0,18.2,37.5,16.89
40,0,18.1333333333,37.4,16.89
50,0,18.1333333333,37.4,16.89
50,0,18.0666666667,37.3333333333,16.89
40,0,18.0,37.26,16.8566666667
40,0,18.0,37.2,16.79
50,0,18.0,37.26,16.79
60,10,17.89,37.3266666667,16.79
190,20,17.89,37.4,16.79
350,10,17.89,37.4,16.79
210,10,17.815,37.4,16.76
140,10,17.79,37.4666666667,16.7
110,10,17.79,37.5,16.7
120,0,17.79,37.56,16.7
120,10,17.7,37.53,16.7
110,10,17.7,37.59,16.675
260,10,17.7,37.59,16.6
550,0,17.7,37.53,16.6
480,10,17.6,37.1,16.6
360,10,17.6,36.8266666667,16.5666666667
360,20,17.6,36.6633333333,16.5666666667
290,10,17.5333333333,36.59,16.5
460,10,17.5,36.5,16.5
570,20,17.5,36.5,16.4633333333
470,20,17.8666666667,36.76,16.4633333333
450,20,18.5333333333,36.7,16.39
450,10,19.2666666667,36.5266666667,16.39
380,20,19.7933333333,36.4666666667,16.39
110,10,20.1966666667,36.76,16.39
110,10,20.445,36.2,16.29
110,20,20.3233333333,35.7,16.29
100,10,20.1,35.8266666667,16.29
110,10,19.96,35.9666666667,16.29
120,0,19.76,35.76,16.23
70,10,19.5666666667,35.5,16.315
50,0,19.4633333333,35.6566666667,16.39
40,0,19.3233333333,35.93,16.39
30,0,19.1666666667,36.1266666667,16.39
30,0,19.1,36.3333333333,16.39
50,0,18.9633333333,36.53,16.39
50,0,18.89,36.6633333333,16.39
50,0,18.79,36.8266666667,16.39
40,0,18.73,36.9666666667,16.39
50,0,18.6666666667,37.2,16.39
40,0,18.6,37.3333333333,16.39
40,0,18.5,37.53,16.39
50,0,18.5,37.59,16.39
40,0,18.39,37.73,16.39
30,0,18.365,37.8175,16.39
30,0,18.29,37.9666666667,16.39
30,0,18.26,38.0,16.3233333333
30,0,18.2,38.0,16.39
50,0,18.1666666667,38.09,16.39
40,0,18.1,38.1633333333,16.39
50,0,18.1,38.23,16.39
50,0,18.0333333333,38.23,16.39
50,0,18.0,38.2,16.39
40,0,18.0,38.2,16.39
40,0,17.9633333333,38.2,16.39
40,0,17.89,38.26,16.39
30,0,17.89,38.29,16.39
20,0,17.8233333333,38.23,16.3566666667
20,0,17.8566666667,38.29,16.3566666667
30,0,17.79,38.29,16.39
50,0,17.79,38.29,16.3233333333
50,0,17.73,38.29,16.39
40,0,17.745,38.29,16.39
50,0,17.7,38.3633333333,16.3566666667
40,0,17.7,38.3633333333,16.3566666667
40,0,17.6,38.23,16.39
50,0,17.6,38.29,16.39
50,0,17.6,38.23,16.39
50,0,17.6,38.29,16.29
30,0,17.5,38.29,16.3566666667
30,0,17.5,38.29,16.39
20,0,17.4633333333,38.26,16.39
20,0,17.4633333333,38.3333333333,16.3566666667
40,0,17.5,38.4,16.29
50,0,17.5,38.4,16.39
50,0,17.39,38.29,16.39
50,0,17.39,38.29,16.3566666667
40,0,17.39,38.4,16.3566666667
80,0,17.3233333333,38.4,16.29
40,10,17.3566666667,38.4,16.29
50,0,17.29,38.425,16.29
340,10,17.29,38.5,16.29
150,10,17.29,38.5,16.3233333333
50,0,17.29,38.56,16.3233333333
40,0,17.29,38.5,16.29
60,10,17.29,38.3,16.29
60,0,17.2,37.8633333333,16.245
60,0,17.2,37.73,16.2
50,0,17.2,37.56,16.2
70,0,17.1333333333,37.4333333333,16.1666666667
60,0,17.1,37.1633333333,16.1
60,10,17.1,37.03,16.1
60,10,17.1,36.9666666667,16.1
350,20,17.1,36.9,16.0666666667
360,10,17.0,36.79,16.0
80,10,17.0,36.79,16.0
50,10,17.0,36.79,16.0
60,0,17.0,36.79,16.0
80,10,16.89,36.7,16.0
50,10,16.89,36.6175,15.89
80,0,16.89,36.53,15.89
90,10,16.89,36.5,15.89
90,10,16.89,36.6333333333,15.89
70,0,17.0,37.4233333333,15.89
90,10,17.0,38.09,15.89
60,0,16.89,38.06,15.89
70,10,16.89,37.86,15.8
90,0,16.89,37.6333333333,15.8
70,10,16.89,37.5,15.8
110,0,16.79,37.2233333333,15.8
70,0,16.79,37.03,15.7266666667
70,0,16.79,36.8633333333,15.8
80,0,16.79,36.73,15.8
330,10,16.79,36.59,15.8
220,0,16.79,36.53,15.89
70,0,16.79,36.4,15.89
60,0,16.79,36.3266666667,15.89
50,0,16.745,36.2,15.89
60,0,16.7,36.1633333333,15.89
80,0,16.7,36.09,15.89
70,0,16.7,36.06,15.8
80,0,16.7,36.0,15.8
70,0,16.7,35.9666666667,15.8
80,0,16.7,35.9,15.8
70,0,16.6,35.79,15.8
80,0,16.6666666667,35.8633333333,15.8
50,0,16.6,35.79,15.8
40,0,16.6,35.79,15.8
30,0,16.6,35.79,15.8
50,0,16.6,35.79,15.8
80,0,16.6,35.845,15.8
80,0,16.5333333333,35.8633333333,15.7633333333
80,0,16.5,35.9,15.69
70,0,16.5,35.9,15.69
90,0,16.5,36.0,15.69
80,0,16.5,36.0,15.69
80,0,16.5,36.0,15.63
80,0,16.4633333333,36.0266666667,15.69
70,0,16.39,35.9666666667,15.69
60,0,16.39,36.0,15.6
50,0,16.39,36.06,15.6
80,0,16.39,36.2,15.6
80,0,16.39,36.2,15.6
60,0,16.39,36.2,15.6
70,0,16.3233333333,36.26,15.6
340,0,16.29,36.29,15.6
360,0,16.29,36.29,15.6
160,0,16.29,36.4,15.6
120,10,16.29,36.4,15.5
90,0,16.2,36.3266666667,15.5
90,0,16.2,36.4,15.5
90,10,16.2,36.4,15.5
80,0,16.2,36.4666666667,15.5
170,10,16.2,36.5,15.5
830,10,16.2,36.53,15.5
540,30,16.2,36.59,15.4266666667
340,30,16.2,36.59,15.39
410,40,16.1333333333,36.6633333333,15.39
390,30,16.1,36.7,15.39
360,40,16.1,36.7,15.39
330,50,16.1333333333,36.9266666667,15.39
210,40,16.2,37.3333333333,15.4175
100,40,16.23,37.4333333333,15.5
160,30,16.23,37.4333333333,15.5333333333
390,20,16.23,37.5266666667,15.66
440,10,16.6233333333,38.6666666667,15.7266666667
400,20,17.4566666667,38.7966666667,15.8
420,10,18.1233333333,38.4633333333,15.8
390,10,18.8,38.0633333333,15.86
410,20,19.26,37.6566666667,15.89
210,10,19.8,37.43,15.89
70,20,20.1933333333,37.23,15.9266666667
60,10,20.295,36.55,16.0
50,10,19.93,36.5666666667,16.0
70,20,19.73,36.8333333333,16.0666666667
160,10,19.5,37.1933333333,16.0
360,20,19.4266666667,37.6,16.0
150,10,19.5966666667,37.8633333333,16.0
60,10,19.9966666667,37.73,16.0
60,20,20.0666666667,37.43,15.945
50,10,19.9266666667,37.29,15.9633333333
50,10,19.76,37.4633333333,15.89
50,20,19.6333333333,37.7233333333,15.89
50,10,19.5,38.0,15.89
50,0,19.4266666667,38.0,15.89
60,0,19.26,38.0,15.89
50,0,19.1333333333,38.0,15.89
40,0,18.9633333333,37.9,15.89
20,0,18.8233333333,37.9,15.89
30,0,18.7,38.0,15.89
50,0,18.65,38.0225,15.89
50,0,18.5,38.09,15.89
60,0,18.39,38.03,15.89
60,0,18.3233333333,38.09,15.89
60,0,18.26,38.09,15.89
40,0,18.2,38.09,15.89
60,0,18.1,38.09,15.89
40,0,18.1,38.09,15.89
40,0,18.0,38.03,15.89
40,0,18.0,38.09,15.89
30,0,17.89,38.09,15.89
40,0,17.8233333333,38.03,15.89
60,0,17.79,38.09,15.89
50,0,17.79,38.09,15.89
50,0,17.7,38.09,15.89
40,0,17.7,38.09,15.89
50,0,17.6666666667,38.09,15.89
50,0,17.6,38.03,15.89
60,0,17.6,38.09,15.89
50,0,17.575,38.09,15.89
40,0,17.5,38.09,15.89
30,0,17.5,38.09,15.89
30,0,17.5,38.09,15.89
40,0,17.4633333333,38.06,15.89
50,0,17.39,38.0,15.89
50,0,17.39,38.0,15.89
60,0,17.39,38.0,15.89
60,0,17.3566666667,38.03,15.89
50,0,17.29,38.09,15.89
40,0,17.29,38.09,15.89
50,0,17.29,38.09,15.89
50,0,17.29,38.09,15.89
60,10,17.23,38.03,15.89
30,0,17.2,38.0,15.89
30,0,17.2,38.0,15.89
50,10,17.2,38.0,15.89
50,0,17.1333333333,38.06,15.89
50,10,17.1,38.0,15.89
40,10,17.1,38.0,15.89
60,10,17.1,37.86,15.89
40,10,17.1,37.56,15.86
50,10,17.0333333333,37.36,15.8
40,0,17.0,37.09,15.8
30,0,17.0,37.03,15.8
20,0,16.89,36.9,15.8
20,0,16.89,36.8266666667,15.7175
40,0,16.89,36.7,15.69
40,0,16.8233333333,36.5666666667,15.69
40,0,16.79,36.5,15.69
50,0,16.79,36.4333333333,15.69
60,0,16.79,36.4,15.69
60,20,16.79,36.4,15.6
60,10,16.79,36.29,15.6
50,20,16.79,36.29,15.6
40,10,16.8233333333,36.5,15.6
30,20,16.9633333333,36.76,15.6
50,10,17.05,36.95,15.6
70,10,17.23,37.0666666667,15.6
60,20,17.29,37.2,15.6
60,10,17.3233333333,37.2,15.6
60,20,17.4633333333,37.26,15.6
60,20,17.6333333333,37.2,15.63
60,10,17.76,37.1266666667,15.63
50,20,17.8233333333,37.03,15.63
50,10,17.89,37.09,15.69
40,0,17.9266666667,37.06,15.69
50,10,18.0,37.0,15.69
50,0,17.9633333333,36.9666666667,15.69
60,0,17.9633333333,36.9,15.69
60,10,18.0,36.9,15.69
50,0,17.9266666667,36.9,15.7633333333
50,0,18.0,36.9,15.69
50,10,17.9266666667,36.8266666667,15.69
50,0,17.89,36.9,15.7633333333
50,0,17.815,36.645,15.8
290,0,17.79,36.36,15.8
360,0,17.7633333333,36.4,15.89
230,0,18.1566666667,36.4,15.89
60,0,18.5333333333,36.2966666667,15.9633333333
70,0,18.6666666667,35.89,15.89
70,0,18.6,35.4666666667,16.0
80,0,18.5333333333,35.1933333333,15.9266666667
60,0,18.39,35.09,16.0
60,0,18.39,35.1633333333,15.9633333333
40,0,18.3233333333,35.4633333333,15.9633333333
50,0,18.39,35.6633333333,16.0
50,0,18.39,35.86,16.0
40,0,18.4633333333,36.1933333333,16.0
40,0,18.5,36.5,16.0
40,0,18.5666666667,36.56,16.0
50,0,18.6,36.6266666667,16.0
40,0,18.5333333333,36.7,16.1
50,0,18.5,36.745,16.1
40,0,18.4633333333,36.8633333333,16.1
40,0,18.39,36.8633333333,16.1
40,0,18.3566666667,36.9,16.1
40,0,18.29,36.8266666667,16.1
50,0,18.2,36.56,16.1
40,0,18.2,36.4333333333,16.1
20,0,18.1,36.7666666667,16.1
20,0,18.0333333333,36.9,16.0333333333
30,0,18.0,37.1266666667,16.05
50,10,18.0,37.26,16.0
70,10,17.9633333333,37.43,16.0
90,30,17.89,37.0966666667,16.0
110,20,17.79,36.6966666667,16.0
200,10,17.79,36.29,15.9633333333
430,20,17.76,35.6,15.9633333333
1070,30,17.7,35.4,16.0
890,20,17.6,35.1333333333,16.0
590,30,17.6,35.1333333333,16.0
100,0,17.6,36.2,16.0
100,10,17.6,38.2933333333,15.9633333333
120,10,17.6666666667,38.9,15.9633333333
150,0,17.7,39.09,16.0
120,10,17.7,39.09,15.9266666667
120,20,17.7,39.1266666667,16.0
160,20,17.7,39.0,16.0
480,10,17.6666666667,38.73,16.1
460,0,17.6666666667,38.79,16.075
360,0,17.6,38.6633333333,16.0
330,0,17.6,38.59,16.0
310,0,17.5,38.4666666667,16.0
250,0,17.5,38.4,15.89
220,10,17.4633333333,38.26,15.89
90,0,17.39,38.0666666667,15.89
80,0,17.39,37.9666666667,15.89
80,0,17.3233333333,37.8266666667,15.8
70,0,17.29,37.7,15.8
50,0,17.29,37.6175,15.8
50,0,17.29,37.6633333333,15.8
40,10,17.2,37.6266666667,15.9266666667
40,0,17.2,37.76,15.9266666667
40,0,17.1666666667,37.79,15.89
30,0,17.1,37.8633333333,15.89
50,0,17.1,37.9333333333,15.89
50,0,17.1,38.0,15.9633333333
40,0,17.0,37.9,15.89
50,0,17.0,37.9666666667,15.89
40,0,17.0,38.0,15.89
40,10,17.0,38.0,15.89
40,0,17.0,38.03,15.89
40,0,17.0,38.09,15.89
50,0,16.9633333333,38.09,15.89
30,0,16.89,38.09,15.89
30,0,16.89,38.09,15.9633333333
20,0,16.89,38.09,15.9266666667
40,0,16.89,38.2,16.0
40,0,16.89,38.2,16.0
50,0,16.8233333333,38.1266666667,15.9266666667
40,0,16.79,38.09,15.9266666667
50,0,16.79,38.09,16.0
50,0,16.79,38.09,16.0
40,0,16.79,38.1633333333,16.0
40,0,16.79,38.1266666667,16.0
30,0,16.79,38.2,16.0
20,0,16.7,38.2,16.0
30,0,16.7,38.2,16.0
30,0,16.7,38.2,16.0
40,0,16.7,38.2,15.9266666667
50,0,16.7,38.2,16.0
40,0,16.7,38.2,16.0
50,0,16.6333333333,38.2,16.0
30,0,16.6333333333,38.2,16.0
40,0,16.6666666667,38.2,16.0
40,0,16.6,38.2,15.9633333333
50,0,16.6,38.2,15.9633333333
40,0,16.6,38.2,16.0
20,0,16.5333333333,38.2,16.0
20,0,16.5666666667,38.2,16.0
30,0,16.5,38.2,16.0
40,0,16.5,38.2,16.0
40,0,16.5,38.2,16.0
50,0,16.5,38.2,15.9633333333
50,0,16.5,38.2,15.9633333333
40,0,16.4633333333,38.2233333333,16.0
50,0,16.39,38.1633333333,15.9266666667
40,0,16.39,38.2,16.0
40,0,16.39,38.2,15.9633333333
30,0,16.39,38.2,15.9633333333
30,10,16.39,38.2,16.0
20,0,16.3566666667,38.2,16.0
30,0,16.29,38.2,16.0
70,10,16.29,38.2,16.0
50,0,16.29,38.2,16.0
60,10,16.29,38.2,16.0
40,10,16.29,38.2,16.0
40,10,16.29,38.2,16.0
40,10,16.29,38.29,16.0
60,10,16.23,38.23,15.9266666667
50,20,16.2,38.23,16.0
30,0,16.26,38.43,16.0
80,0,16.29,38.7,16.0
340,0,16.29,38.7,16.0
50,0,16.2,38.59,15.89
50,0,16.2,38.59,15.89
60,0,16.2,38.59,15.89
60,0,16.2,38.59,15.86
60,0,16.2,38.5,15.86
60,0,16.2,38.5,15.8
50,0,16.2,38.5,15.8
60,0,16.2,38.5,15.8
30,0,16.2,38.45,15.8
30,0,16.2,38.4,15.8
30,0,16.2,38.4,15.8
340,0,16.29,38.59,15.8
400,0,16.29,38.53,15.8
70,0,16.3233333333,38.5,15.86
50,0,16.3233333333,38.5,15.86
40,0,16.3566666667,38.4,15.83
40,0,16.29,38.4666666667,15.89
40,0,16.39,38.4333333333,15.89
40,0,16.3233333333,38.5,15.8675
30,0,16.29,38.4333333333,15.86
30,0,16.29,38.5,15.83
20,0,16.29,38.5,15.89
30,0,16.29,38.5,15.89
40,0,16.29,38.5,15.83
50,0,16.29,38.56,15.86
40,0,16.29,38.59,15.8
40,0,16.29,38.59,15.8
50,0,16.29,38.59,15.8
50,0,16.26,38.56,15.8
40,0,16.2,38.56,15.8
30,0,16.2,38.59,15.8
20,0,16.2,38.59,15.8
20,0,16.2,38.59,15.8
20,0,16.2,38.59,15.8
40,0,16.2,38.59,15.8
50,0,16.2,38.59,15.8
50,0,16.1333333333,38.6266666667,15.8
40,0,16.1333333333,38.7,15.8
40,0,16.1,38.79,15.8
40,0,16.1,38.79,15.7633333333
40,0,16.1,38.8266666667,15.69
40,0,16.1,38.9,15.69
20,0,16.0666666667,38.9666666667,15.69
30,0,16.0,38.9666666667,15.69
20,0,16.05,39.045,15.69
40,0,16.0,39.09,15.69
40,0,16.0,39.1633333333,15.69
40,0,16.0,39.23,15.69
40,0,16.0,39.29,15.69
40,0,16.0,39.29,15.66
40,0,15.9266666667,39.3633333333,15.6
50,0,15.89,39.4333333333,15.6
50,0,15.89,39.5,15.6
20,0,15.89,39.5,15.6
20,0,15.89,39.56,15.6
20,0,15.89,39.59,15.6
30,0,15.89,39.6633333333,15.6
40,0,15.89,39.7,15.6
40,0,15.89,39.76,15.6
50,0,15.86,39.79,15.6
40,0,15.8,39.79,15.6
50,0,15.8,39.9,15.6
40,0,15.8,39.9,15.5666666667
30,0,15.8,39.9666666667,15.5
20,0,15.8,40.0,15.5333333333
20,0,15.8,40.0,15.5333333333
20,0,15.8,40.09,15.5
50,0,15.8,40.1633333333,15.5
50,0,15.7266666667,40.2,15.5
40,0,15.7266666667,40.2,15.5
40,0,15.69,40.2,15.5
40,0,15.69,40.26,15.5
40,0,15.69,40.29,15.5
40,0,15.69,40.29,15.5
30,0,15.69,40.4,15.5
20,0,15.69,40.4,15.5
30,0,15.69,40.4,15.4266666667
30,0,15.69,40.4666666667,15.39
40,0,15.69,40.5,15.39
40,0,15.69,40.56,15.39
40,0,15.6,40.5,15.39
40,0,15.6,40.59,15.39
40,0,15.6,40.59,15.39
50,0,15.6,40.6266666667,15.39
40,0,15.6,40.7,15.39
20,0,15.6,40.7,15.39
20,0,15.6,40.76,15.39
20,0,15.6,40.79,15.39
40,0,15.5333333333,40.8633333333,15.39
40,0,15.6,40.9,15.39
50,0,15.5333333333,40.9666666667,15.33
40,0,15.5666666667,41.0,15.33
50,0,15.5,41.0,15.3225
40,0,15.5,41.09,15.3
40,0,15.5,41.1633333333,15.3
20,0,15.5,41.1266666667,15.3
20,0,15.5,41.2,15.3
20,0,15.5,41.23,15.3
30,0,15.5,41.3175,15.3
50,0,15.5,41.4,15.3
50,0,15.5,41.4333333333,15.3
40,0,15.5,41.5,15.3
40,0,15.5,41.59,15.3
40,0,15.5,41.59,15.3
40,0,15.5,41.6266666667,15.3
30,0,15.5,41.7,15.3
20,0,15.4633333333,41.7,15.3
30,0,15.39,41.7,15.2266666667
30,0,15.39,41.7,15.19
40,0,15.39,41.7,15.2633333333
40,0,15.39,41.79,15.2266666667
50,0,15.39,41.8633333333,15.3
40,0,15.39,41.9,15.2266666667
40,0,15.39,41.9,15.19
30,0,15.39,42.0,15.19
50,0,15.39,42.0,15.19
20,0,15.39,42.09,15.19
20,0,15.39,42.09,15.19
20,0,15.39,42.09,15.19
40,0,15.39,42.2,15.19
40,0,15.39,42.2,15.19
50,0,15.36,42.23,15.19
40,0,15.3,42.29,15.19
40,0,15.3,42.3633333333,15.19
50,0,15.3,42.3633333333,15.19
50,0,15.3,42.4333333333,15.19
10,0,15.3,42.5,15.19
20,0,15.3,42.53,15.19
20,0,15.3,42.59,15.13
40,0,15.3,42.59,15.145
40,0,15.3,42.59,15.1
40,0,15.3,42.73,15.1
50,0,15.3,42.79,15.16
50,0,15.3,42.8266666667,15.1
40,0,15.3,42.9,15.16
40,0,15.3,42.9,15.16
20,0,15.3,42.9,15.1
20,0,15.3,42.9666666667,15.1
40,10,15.3,43.0,15.1
120,20,15.3,43.0,15.1
160,10,15.3,43.0,15.1
220,20,15.3,43.0,15.1
130,20,15.2633333333,43.0266666667,15.1
210,10,15.2633333333,43.0266666667,15.1
140,20,15.19,43.0,15.1
130,20,15.19,43.0,15.1
190,10,15.2266666667,43.03,15.1
130,10,15.2266666667,43.03,15.1
120,10,15.19,43.0,15.1
120,10,15.19,43.0,15.1
120,10,15.19,43.09,15.1
200,10,15.19,43.09,15.1
120,10,15.19,43.145,15.1
110,10,15.19,43.1266666667,15.1
120,10,15.19,43.2,15.1
130,10,15.19,43.2,15.1
130,10,15.19,43.26,15.1
170,10,15.19,43.3266666667,15.1
110,10,15.19,43.4,15.0333333333
140,10,15.19,43.4,15.0333333333
110,10,15.19,43.4,15.1
120,10,15.19,43.4333333333,15.1
110,10,15.19,43.5,15.1
110,10,15.19,43.5,15.0666666667
250,10,15.19,43.56,15.0666666667
250,10,15.19,43.6633333333,15.0
100,10,15.19,43.6633333333,15.025
120,10,15.19,43.7,15.1
120,10,15.19,43.7,15.0666666667
140,10,15.19,43.73,15.0
190,10,15.19,43.8175,15.0
150,10,15.19,43.9,15.0666666667
150,10,15.19,43.9333333333,15.1
150,10,15.19,44.0,15.1
150,10,15.19,44.03,15.1
140,10,15.19,44.09,15.1
130,10,15.19,44.09,15.0
180,10,15.19,44.09,15.0
280,10,15.19,44.1266666667,15.0
170,10,15.19,44.2,15.0
130,20,15.16,44.2,15.0
80,0,15.1,44.2,15.0
80,10,15.13,44.2,15.0
70,0,15.19,44.2,15.0
80,10,15.16,44.2,15.0
60,0,15.1,44.26,15.0
40,10,15.19,44.29,15.0
50,0,15.13,44.29,15.0
70,0,15.1,44.29,15.0
80,10,15.1,44.3633333333,15.0
120,10,15.1,44.3633333333,15.0
120,10,15.1,44.3266666667,15.0
420,10,15.1,44.5266666667,15.0
410,20,15.1,44.73,15.0
240,10,15.1,44.79,15.0
220,10,15.1,44.9633333333,15.0
60,10,15.1,45.09,15.0
70,10,15.1,45.1633333333,15.0
90,0,15.16,45.2233333333,15.0
110,10,15.1,45.4633333333,15.0
90,0,15.1,45.6633333333,15.0
100,10,15.19,45.9333333333,15.0
90,0,15.19,46.1333333333,15.0
90,10,15.19,46.4633333333,15.0
90,10,15.19,46.7233333333,15.0
70,20,15.3,47.1566666667,15.0
70,0,15.3,47.565,15.0
80,10,15.3,47.8633333333,15.0
100,0,15.39,48.1266666667,15.0
100,0,15.39,48.26,15.0
90,0,15.4266666667,48.4633333333,15.0
110,0,15.5,48.59,15.0
110,0,15.5333333333,48.6266666667,14.9633333333
110,0,15.6,48.7,14.89
110,0,15.6,48.7,14.89
100,0,15.66,48.76,14.89
80,0,15.69,48.79,14.89
90,0,15.69,48.79,14.89
100,0,15.7266666667,48.7,14.89
110,0,15.8,48.7,14.89
100,0,15.8,48.59,14.89
100,0,15.86,48.6633333333,14.89
90,10,15.89,48.56,14.89
70,0,15.89,48.5,15.0
70,0,15.89,48.345,15.0666666667
60,0,15.89,48.2,15.1
50,0,15.89,48.2,15.1
50,0,15.9633333333,48.06,15.1
60,0,15.89,48.0,15.1
80,0,16.0,47.9666666667,15.1
70,0,15.9266666667,47.8266666667,15.1
80,0,15.89,47.76,15.1
80,0,15.89,47.7,15.1
60,0,15.89,47.59,15.1
40,0,15.89,47.53,15.1
40,0,15.89,47.5,15.1
20,0,15.89,47.4333333333,15.16
20,0,15.89,47.4,15.19
30,0,15.89,47.4,15.19
50,0,15.89,47.29,15.19
40,0,15.89,47.29,15.19
50,0,15.89,47.2,15.19
40,0,15.89,47.1725,15.19
40,0,15.83,47.03,15.19
40,0,15.86,46.9666666667,15.2633333333
50,0,15.86,46.9666666667,15.19
30,0,15.83,46.9,15.3
30,0,15.89,46.8266666667,15.3
20,0,15.8,46.7,15.3
20,0,15.8,46.7,15.3
40,0,15.8,46.6633333333,15.3
40,0,15.8,46.59,15.3
50,0,15.8,46.59,15.3
40,0,15.8,46.53,15.3
50,0,15.8,46.5,15.3
50,0,15.7266666667,46.5,15.3
40,0,15.8,46.5,15.33
20,0,15.8,46.4333333333,15.33
30,0,15.69,46.5,15.39
20,0,15.69,46.4333333333,15.39
30,0,15.69,46.4,15.39
40,0,15.69,46.4,15.39
50,0,15.69,46.4,15.39
50,0,15.69,46.4,15.39
40,0,15.69,46.4,15.39
40,0,15.69,46.4,15.39
40,0,15.69,46.4,15.39
40,0,15.69,46.4,15.39
30,0,15.69,46.4,15.39
20,0,15.69,46.4,15.4266666667
30,0,15.69,46.4,15.5
30,0,15.66,46.3633333333,15.5
40,0,15.66,46.3633333333,15.5
40,0,15.69,46.4,15.5
50,0,15.69,46.4,15.5
40,0,15.63,46.3266666667,15.4633333333
40,0,15.63,46.3266666667,15.4633333333
40,0,15.6,46.29,15.5
50,0,15.6,46.29,15.5
40,0,15.6,46.29,15.5
220,10,15.6,46.29,15.5
360,0,15.66,46.6233333333,15.5
360,30,16.1666666667,46.99,15.5
590,20,16.76,46.53,15.5
850,20,17.5233333333,45.7666666667,15.5
690,10,17.9966666667,45.36,15.5
800,10,18.4933333333,44.9,15.5
710,20,18.8266666667,44.5,15.5
680,20,19.3,44.06,15.5
290,10,19.6333333333,43.8,15.5
190,20,19.7266666667,43.2,15.5
120,10,19.46,43.3333333333,15.5
140,20,19.1333333333,43.4333333333,15.5
260,20,18.9266666667,43.56,15.5
310,20,18.76,43.7666666667,15.5
230,40,18.5666666667,43.9666666667,15.5
180,30,18.445,44.145,15.55
320,40,18.39,44.53,15.69
620,40,18.39,44.7233333333,15.69
620,30,18.6633333333,44.8633333333,15.69
530,40,18.8566666667,44.79,15.69
180,30,19.1333333333,44.8633333333,15.69
180,40,19.2,44.53,15.69
120,30,19.0666666667,44.6266666667,15.69
140,30,19.0,44.76,15.69
100,30,18.9266666667,44.9633333333,15.69
120,30,18.9266666667,45.1633333333,15.69
100,40,18.89,45.2666666667,15.69
130,30,18.89,45.4666666667,15.69
270,30,18.89,45.53,15.66
520,30,18.89,45.59,15.66
580,20,19.0,45.73,15.6
520,20,19.0,45.99,15.6
350,10,18.89,46.2,15.63
340,10,18.8233333333,46.1266666667,15.645
330,10,18.745,46.0,15.69
290,10,18.6,46.29,15.63
300,20,18.6,46.3633333333,15.63
280,30,18.6,46.8,15.69
220,40,18.5333333333,47.0,15.69
90,30,18.4633333333,46.7233333333,15.8
90,20,18.39,46.59,15.8
100,20,18.29,46.59,15.7633333333
90,20,18.29,46.59,15.69
80,10,18.2,46.53,15.7633333333
80,10,18.2,46.8633333333,15.69
80,0,18.2,47.03,15.69
90,10,18.1333333333,47.09,15.69
90,10,18.1,47.09,15.69
90,0,18.0333333333,47.03,15.69
80,10,17.9633333333,46.9,15.69
70,0,17.89,46.9,15.69
50,10,17.89,46.9,15.69
60,0,17.865,46.8725,15.69
40,0,17.79,46.73,15.69
60,10,17.79,46.7,15.69
60,10,17.73,46.7,15.69
140,20,17.7,46.7,15.69
80,10,17.7,46.7,15.69
70,10,17.7,46.7,15.7266666667
60,10,17.7,46.7,15.8
70,10,17.6666666667,46.6633333333,15.89
60,0,17.6,46.59,15.89
70,0,17.6,46.59,15.8
70,10,17.6,46.59,15.8
70,0,17.6,46.5,15.8
60,10,17.6,46.56,15.8
40,10,17.5,46.59,15.8
40,10,17.5,46.59,15.8
60,30,17.5,46.56,15.8
350,20,17.5,46.6333333333,15.8
410,30,17.6966666667,47.2333333333,15.8
80,30,18.4975,47.5475,15.8
100,30,19.2266666667,46.83,15.8
80,10,19.29,46.9,15.9266666667
270,10,19.29,46.9666666667,16.0
280,0,19.1666666667,47.0,16.0333333333
90,0,19.1,47.0,16.1
90,0,18.89,46.79,16.1
90,0,18.8233333333,46.79,16.1
90,0,18.76,46.76,16.1
80,0,18.6333333333,46.6266666667,16.1
70,0,18.5666666667,46.59,16.1
70,10,18.5,46.59,16.1
90,0,18.39,46.5,16.1
100,10,18.39,46.5,16.1
90,20,18.29,46.5,16.1
280,0,18.29,46.7666666667,16.1666666667
390,10,18.4266666667,47.2,16.2
150,0,18.4266666667,47.1266666667,16.2
50,0,18.39,47.1266666667,16.29
50,0,18.315,47.2,16.29
40,0,18.29,47.2,16.29
50,0,18.2,47.09,16.29
30,0,18.2,47.09,16.29
20,0,18.1666666667,47.09,16.29
40,0,18.1,47.09,16.29
50,0,18.1,47.09,16.29
50,0,18.0333333333,47.03,16.29
50,0,18.0,47.0,16.29
40,0,18.0,47.0,16.29
50,0,18.0,47.0,16.29
50,0,18.0,47.0,16.29
50,0,17.9266666667,47.03,16.29
50,0,17.9266666667,47.09,16.3566666667
60,0,17.89,47.03,16.39
50,0,17.89,47.09,16.39
40,0,17.89,47.09,16.39
40,0,17.89,47.09,16.39
20,0,17.79,47.0,16.39
30,0,17.79,47.0,16.39
40,0,17.79,47.0,16.39
50,0,17.79,47.0,16.39
50,0,17.79,47.0,16.39
60,0,17.76,47.09,16.4633333333
40,0,17.7,47.09,16.39
50,0,17.7,47.0,16.39
50,0,17.7,47.06,16.39
40,0,17.7,47.09,16.4633333333
50,0,17.7,47.09,16.4633333333
60,0,17.7,47.09,16.4266666667
50,0,17.7,47.09,16.5
60,0,17.7,47.1266666667,16.5
30,0,17.6333333333,47.1266666667,16.5
30,0,17.6333333333,47.0666666667,16.5
20,0,17.7,47.2,16.5
40,0,17.6,47.09,16.5
50,0,17.6,47.09,16.5
50,0,17.6,47.09,16.5
60,0,17.6,47.03,16.5
50,0,17.6,47.09,16.5
40,0,17.6,47.0,16.5
50,0,17.6,47.0,16.5666666667
40,20,17.5,47.03,16.6
50,0,17.5666666667,47.1633333333,16.6
40,0,17.6,47.29,16.6
50,0,17.6,47.29,16.6
60,0,17.5666666667,47.29,16.6
30,0,17.5,47.29,16.6
20,0,17.5,47.2,16.6
30,0,17.5,47.1266666667,16.6
50,0,17.5,47.09,16.5333333333
50,0,17.5,47.09,16.5333333333
40,0,17.5,47.0,16.5
60,0,17.5,47.0,16.5
50,0,17.39,46.9,16.5
50,0,17.39,46.845,16.5
50,0,17.39,46.9,16.5
50,0,17.39,46.79,16.5
40,0,17.39,46.79,16.5
50,0,17.39,46.79,16.5
50,0,17.39,46.79,16.5
20,0,17.39,46.76,16.4266666667
40,0,17.39,46.7,16.5
30,0,17.39,46.7,16.4266666667
50,0,17.39,46.7,16.4266666667
40,0,17.39,46.7,16.5
50,0,17.39,46.6266666667,16.5
50,0,17.5333333333,46.6333333333,16.5
40,0,17.6,46.4333333333,16.5
50,0,17.7,46.3333333333,16.5
50,0,17.76,46.2,16.5666666667
60,0,17.89,46.1633333333,16.6
50,0,17.9633333333,46.03,16.6
50,0,18.15,45.895,16.6
40,0,18.2,45.76,16.6
40,0,18.2,45.6266666667,16.6
30,0,18.2,45.56,16.6333333333
20,0,18.2,45.4333333333,16.7
40,0,18.2,45.3633333333,16.7
50,0,18.26,45.29,16.7
60,0,18.2,45.1633333333,16.7
40,0,18.2,45.09,16.7
50,0,18.2,45.09,16.7
50,0,18.2,45.09,16.7
40,0,18.2,45.09,16.79
50,0,18.2,45.03,16.79
60,0,18.2,45.0,16.8233333333
50,0,18.2,45.0,16.89
60,0,18.1,44.9,16.89
40,0,18.1,44.9,16.9633333333
50,0,18.2,44.9,17.0
30,0,18.2,44.9,17.0
30,0,18.2,45.0,17.0
20,0,18.23,45.03,17.0
40,0,18.29,45.09,17.0
60,0,18.29,45.09,17.0
50,0,18.29,45.03,17.0
50,0,18.39,44.9666666667,17.0333333333
50,0,18.39,44.9,17.0333333333
40,0,18.4266666667,44.8266666667,17.1
50,0,18.5,44.9,17.1
50,0,18.5,44.9,17.1
40,0,18.5,44.8266666667,17.1
60,0,18.5,44.79,17.1
50,0,18.5,44.73,17.1
50,0,18.5,44.7,17.1
50,0,18.5,44.7,17.1
50,0,18.39,44.7,17.1
30,0,18.39,44.7,17.1
30,0,18.39,44.73,17.1
30,0,18.3233333333,44.79,17.1
40,0,18.29,44.79,17.1
60,0,18.29,44.9,17.1
50,0,18.29,44.9,17.1
50,0,18.2,44.9,17.1333333333
40,0,18.2,44.9666666667,17.1333333333
50,0,18.2,45.03,17.1
40,0,18.2,45.09,17.1
50,0,18.1666666667,45.09,17.1
50,0,18.1,45.09,17.1
50,0,18.1,45.1266666667,17.1
60,0,18.1,45.2,17.1
50,0,18.0666666667,45.2,17.1
40,0,18.0,45.2,17.1
360,20,18.0,45.2,17.1
380,10,18.0666666667,45.4,17.1
390,20,18.6966666667,45.6633333333,17.1
390,10,19.2233333333,45.39,17.1
320,0,20.0233333333,44.8333333333,17.1
80,10,20.645,44.1725,17.1
70,10,20.8233333333,43.5966666667,17.1
80,20,20.6333333333,43.53,17.1
80,10,20.36,43.59,17.1
70,10,20.1666666667,43.53,17.0333333333
80,30,20.0333333333,43.59,17.0333333333
80,20,19.89,43.8,17.0
80,10,19.89,44.1933333333,17.0
80,10,19.79,44.3266666667,17.0
60,10,19.73,44.4666666667,17.0
50,10,19.6666666667,44.7,17.0
40,0,19.6,44.8333333333,17.0
70,0,19.5666666667,44.9,17.0
80,10,19.5,44.9,17.0
80,0,19.4633333333,44.9,17.0
90,10,19.39,44.9,17.0
80,0,19.3566666667,45.0,17.0
130,20,19.29,45.0,17.0
370,20,19.29,45.1266666667,17.0
370,30,19.5725,45.525,17.0
160,30,20.4,45.3,17.0
250,20,21.1333333333,44.7666666667,17.0
380,30,21.1333333333,44.6333333333,17.0
380,20,21.5233333333,44.8333333333,17.0
100,20,22.0633333333,44.6266666667,17.0
40,30,22.4633333333,44.2966666667,17.0
30,10,22.3233333333,44.09,17.0
30,0,22.1333333333,44.23,17.0
30,0,21.86,44.29,17.0
50,0,21.6333333333,44.4,17.0
50,0,21.4266666667,44.4,17.0
50,10,21.26,44.4666666667,17.0
50,0,21.1333333333,44.4666666667,17.0
50,0,20.89,44.53,17.0
40,0,20.8233333333,44.59,17.0
50,0,20.7,44.73,17.0
40,0,20.6333333333,44.73,17.0
40,0,20.4633333333,44.79,17.0
50,0,20.365,44.9475,17.0
50,0,20.23,45.0,17.0
50,10,20.1666666667,45.1266666667,17.0
40,0,20.1,45.2,17.0
20,0,20.0,45.23,17.0333333333
20,0,20.0,45.29,17.0333333333
30,0,19.89,45.4333333333,17.0
50,0,19.89,45.5,17.0
50,0,19.79,45.4333333333,17.0666666667
50,0,19.79,45.5,17.0
50,0,19.7,45.59,17.0333333333
50,0,19.7,45.59,17.0333333333
40,10,19.6,45.59,17.0333333333
40,0,19.6,45.59,17.1
40,0,19.5666666667,45.7,17.0666666667
50,0,19.5,45.76,17.0666666667
50,0,19.4633333333,45.76,17.1
50,0,19.39,45.7,17.1
50,0,19.39,45.73,17.1
20,0,19.315,45.79,17.1
20,0,19.29,45.79,17.1
20,0,19.29,45.9,17.1
40,0,19.29,45.9,17.1
50,0,19.2,45.9,17.1
50,0,19.2,45.9,17.1
50,0,19.2,45.9333333333,17.1
50,0,19.2,46.0,17.1
40,0,19.1666666667,46.03,17.1
40,0,19.1666666667,46.09,17.1
70,0,19.1,46.09,17.1
380,30,19.1,46.09,17.1
190,10,19.3,46.39,17.1
60,10,19.9,46.39,17.1
60,10,20.2,45.76,17.1666666667
40,10,20.1333333333,45.76,17.1
20,0,20.0,45.8266666667,17.1
20,0,20.0,45.9,17.1
40,0,19.8566666667,45.9666666667,17.1
40,0,19.79,45.925,17.15
40,0,19.73,46.0,17.1
50,0,19.6666666667,46.09,17.1
50,0,19.6,46.09,17.1
40,0,19.5,46.1266666667,17.1
50,0,19.5,46.26,17.1
40,0,19.39,46.2,17.1
30,0,19.39,46.2,17.1
50,0,19.3566666667,46.29,17.1
40,0,19.29,46.3633333333,17.1
40,0,19.29,46.4,17.1
50,0,19.29,46.4,17.1
30,0,19.26,46.4666666667,17.1
20,0,19.2,46.4,17.1
20,0,19.2,46.4333333333,17.1
40,0,19.2,46.5,17.1666666667
40,0,19.2,46.59,17.1
40,0,19.1333333333,46.59,17.1
50,0,19.1,46.59,17.1333333333
40,0,19.1,46.6725,17.175
50,0,19.1,46.7,17.1666666667
50,0,19.1,46.79,17.1
40,0,19.1,46.79,17.1
40,0,19.0666666667,46.76,17.1333333333
40,0,19.0666666667,46.76,17.2
40,0,19.0,46.7,17.2
50,0,19.0,46.7,17.2
50,0,19.0,46.6633333333,17.2
30,0,19.0,46.59,17.2
20,0,19.0333333333,46.6266666667,17.2
20,0,19.1,46.6266666667,17.26
30,0,19.0333333333,46.4666666667,17.29
40,0,19.1,46.4,17.23
50,0,19.0,46.26,17.29
40,0,19.0,46.2,17.29
50,0,19.0,46.1633333333,17.29
50,0,19.0,46.09,17.29
40,0,19.0,46.0,17.29
50,0,19.0,45.925,17.29
40,0,19.0,45.9,17.29
30,0,19.0,45.79,17.29
50,0,19.0,45.79,17.29
40,0,19.0,45.9333333333,17.29
50,0,19.0,46.0,17.29
40,0,18.9633333333,46.03,17.23
50,0,18.89,46.09,17.23
40,0,18.89,46.09,17.23
20,0,18.89,46.1633333333,17.29
20,0,18.89,46.2,17.23
20,0,18.8233333333,46.1266666667,17.29
40,0,18.8566666667,46.1633333333,17.23
50,0,18.79,46.09,17.23
50,0,18.79,46.09,17.26
50,0,18.79,46.09,17.2
40,0,18.79,46.09,17.2
40,0,18.79,46.09,17.2
40,0,18.76,46.09,17.2
40,0,18.7,46.09,17.2
40,0,18.7,46.09,17.2
50,0,18.7,46.09,17.2
40,0,18.7,46.09,17.1333333333
40,0,18.6666666667,46.09,17.1333333333
20,0,18.6,46.03,17.2
20,0,18.6,46.09,17.1666666667
30,0,18.6,46.09,17.1
20,0,18.6,46.09,17.1
50,0,18.6,46.09,17.1
50,0,18.6,46.09,17.1
60,0,18.6,46.09,17.1
540,10,18.6,46.06,17.1
610,10,18.5333333333,46.0,17.1
90,10,18.5,46.0,17.1
50,10,18.5,46.06,17.1
60,10,18.5,46.03,17.1
60,0,18.5,46.09,17.1
70,0,18.5,46.09,17.1
70,0,18.5,46.09,17.025
60,0,18.5,46.1633333333,17.0666666667
70,0,18.5,46.2,17.1
40,0,18.5,46.2,17.1
40,0,18.5,46.29,17.1
40,0,18.5,46.29,17.1
310,30,18.5,46.29,17.1
390,40,18.5,46.43,17.1
380,50,19.2,46.5266666667,17.0666666667
370,30,19.9333333333,46.1333333333,17.0666666667
370,40,20.6666666667,45.49,17.0666666667
90,20,21.1933333333,45.03,17.0666666667
60,30,21.5,44.6333333333,17.0333333333
50,20,21.5,44.5,17.1
50,20,21.29,44.8,17.0
50,10,21.23,45.0,17.0666666667
40,0,21.0666666667,45.09,17.0333333333
50,0,20.9266666667,45.1633333333,17.1
30,0,20.745,45.145,17.1
20,0,20.5666666667,45.23,17.1
20,0,20.4266666667,45.29,17.1
30,0,20.3566666667,45.4,17.1
40,0,20.23,45.4,17.1
50,0,20.1666666667,45.5,17.1
50,0,20.0333333333,45.5,17.1
40,0,19.9633333333,45.59,17.1
40,0,19.89,45.6633333333,17.1
40,0,19.8566666667,45.7,17.1
40,0,19.79,45.7,17.1
40,0,19.7,45.9,17.1
40,0,19.7,45.9,17.1
20,0,19.6666666667,45.9,17.1
30,0,19.6,45.9,17.1
20,0,19.5,45.9333333333,17.1666666667
40,0,19.5,46.0,17.1666666667
40,0,19.4633333333,46.06,17.1666666667
40,0,19.39,46.0,17.1666666667
40,0,19.39,46.045,17.1
50,0,19.39,46.2,17.1333333333
50,0,19.3233333333,46.2,17.2
40,0,19.29,46.2,17.2
40,0,19.29,46.26,17.2
30,0,19.23,46.23,17.2
20,0,19.23,46.29,17.2
20,0,19.2,46.29,17.2
20,0,19.2,46.29,17.2
50,0,19.2,46.3633333333,17.2
50,0,19.2,46.3633333333,17.2
40,0,19.1,46.4,17.2
40,0,19.1,46.4,17.2
50,0,19.1,46.4333333333,17.2
40,0,19.1,46.5,17.26
40,0,19.0666666667,46.4666666667,17.23
40,0,19.0,46.4,17.29
20,10,19.0,46.4,17.26
60,10,19.0,46.4666666667,17.2
20,10,19.0,46.5,17.245
40,10,19.0,46.53,17.29
110,0,19.0,46.59,17.29
310,0,19.0,46.59,17.29
50,0,18.9266666667,46.6633333333,17.23
60,0,18.89,46.7,17.26
60,0,18.89,46.7,17.2
60,0,18.89,46.73,17.2
60,0,18.89,46.79,17.2
60,0,18.89,46.79,17.2
60,0,18.89,46.8633333333,17.2
50,0,18.79,46.79,17.2
60,0,18.79,46.79,17.2
40,0,18.79,46.79,17.2
50,0,18.79,46.79,17.2
390,0,18.79,46.79,17.2
340,0,18.79,46.8633333333,17.2
40,0,18.79,46.9,17.2
20,0,18.73,46.9,17.1333333333
20,0,18.745,46.95,17.2
20,0,18.7,47.0,17.1666666667
30,0,18.7,47.0,17.1
40,0,18.7,47.03,17.1
50,0,18.7,47.09,17.1666666667
50,0,18.7,47.09,17.1666666667
40,0,18.7,47.09,17.1666666667
40,0,18.7,47.2,17.2
40,0,18.7,47.2,17.2
40,0,18.7,47.2,17.2
40,0,18.7,47.2,17.2
40,0,18.6,47.1266666667,17.1333333333
30,0,18.6,47.2,17.2
30,0,18.6,47.2,17.1
30,0,18.6,47.2,17.1
20,0,18.6,47.2,17.1666666667
40,0,18.6,47.26,17.1
40,0,18.6,47.29,17.1
40,0,18.6,47.29,17.1
40,0,18.6,47.29,17.1
50,0,18.6,47.29,17.1
40,0,18.6,47.29,17.1
60,0,18.6,47.29,17.1
40,0,18.6,47.3633333333,17.1
30,0,18.5666666667,47.4,17.1
40,0,18.5,47.4,17.1
40,0,18.5,47.4,17.1
40,0,18.5,47.4,17.1
30,0,18.5,47.4333333333,17.1
20,0,18.5,47.4333333333,17.1
30,0,18.5,47.5,17.1
20,0,18.5,47.5,17.1
50,0,18.5,47.5,17.1
40,0,18.5,47.5,17.1
30,0,18.5,47.5,17.1
50,0,18.5,47.5,17.1
40,0,18.5,47.5,17.1
40,0,18.5,47.5,17.1
50,0,18.445,47.45,17.1
40,0,18.4266666667,47.4333333333,17.1
40,0,18.4266666667,47.4333333333,17.1
40,0,18.39,47.4,17.1
40,0,18.39,47.4666666667,17.1
30,0,18.39,47.5,17.1
30,0,18.39,47.5,17.1
20,0,18.39,47.5,17.1
30,0,18.39,47.56,17.1
40,0,18.39,47.59,17.1
40,0,18.39,47.59,17.1
50,0,18.39,47.59,17.1
40,0,18.3233333333,47.59,17.1
40,0,18.39,47.6633333333,17.1
40,0,18.39,47.6633333333,17.1
40,0,18.29,47.7,17.1
50,0,18.29,47.7,17.1
40,0,18.29,47.7,17.1
30,0,18.29,47.7,17.075
40,0,18.29,47.76,17.0666666667
30,0,18.29,47.79,17.0
20,0,18.29,47.79,17.0
20,0,18.29,47.8266666667,17.0
30,0,18.29,47.9,17.0
40,0,18.29,47.9,17.0
40,0,18.29,47.9,17.0
50,0,18.2,47.79,17.0
30,0,18.2,47.79,17.0
40,0,18.29,48.0,17.0
40,0,18.23,47.9333333333,17.0
50,0,18.2,47.9,17.0
40,0,18.2,47.9666666667,17.0
50,0,18.2,48.0,17.0
40,0,18.2,48.0,17.0
40,0,18.2,48.0,17.0
40,0,18.2,48.0,17.0
30,0,18.2,48.03,17.0
30,0,18.2,48.09,17.0
20,0,18.2,48.09,17.0
30,0,18.2,48.1266666667,17.0
20,0,18.1333333333,48.2,17.0
50,0,18.1,48.2,17.0
40,0,18.1,48.2,17.0
40,0,18.1,48.23,17.0
40,0,18.1,48.29,17.0
40,0,18.1,48.29,17.0
40,0,18.1,48.29,17.0
50,0,18.1,48.3266666667,17.0
50,0,18.1,48.4,17.0
40,0,18.1,48.4,16.9266666667
40,0,18.1,48.4666666667,17.0
40,0,18.1,48.5,17.0
20,0,18.1,48.5,17.0
20,0,18.1,48.5,16.9633333333
30,0,18.1,48.5,16.89
30,0,18.1,48.59,16.9266666667
50,0,18.1,48.5675,16.945
50,0,18.1,48.56,17.0
30,0,18.1,48.5,16.9633333333
40,0,18.1,48.5,16.89
50,0,18.0,48.4,16.9633333333
30,0,18.0,48.4,16.9633333333
50,0,18.0666666667,48.43,16.89
50,0,18.0,48.29,16.89
40,0,18.0,48.2,16.89
40,0,18.0,48.2,16.89
40,0,18.0,48.09,16.89
30,0,18.0,48.09,16.89
10,0,18.0,48.09,16.89
20,0,18.0,48.03,16.89
30,0,18.0,48.0,16.89
50,0,18.0,47.9333333333,16.89
50,0,18.0,47.9,16.89
40,0,17.9266666667,47.9,16.89
40,0,17.945,47.845,16.89
40,0,17.9633333333,47.76,16.89
40,0,17.89,47.7,16.89
40,0,17.89,47.7,16.8566666667
40,0,17.89,47.7,16.8566666667
50,0,17.89,47.6633333333,16.79
40,0,17.89,47.59,16.79
40,0,17.89,47.59,16.79
20,0,17.89,47.59,16.79
20,0,17.89,47.56,16.79
20,0,17.89,47.5,16.79
40,0,17.8566666667,47.4,16.79
50,0,17.8566666667,47.4,16.79
40,0,17.79,47.26,16.79
40,0,17.79,47.2,16.79
40,0,17.79,47.2,16.79
40,0,17.79,47.2,16.79
30,0,17.79,47.09,16.79
40,0,17.79,47.09,16.79
50,0,17.79,47.0,16.745
30,0,17.76,47.0,16.76
40,0,17.76,46.9333333333,16.76
10,0,17.76,46.9,16.7
20,0,17.7,46.9,16.7
40,0,17.7,46.79,16.76
40,0,17.7,46.79,16.7
40,0,17.7,46.7,16.7
50,0,17.7,46.7,16.7
50,0,17.7,46.59,16.7
40,0,17.7,46.59,16.7
40,0,17.7,46.56,16.7
40,0,17.76,46.5,16.7
40,0,17.79,46.5,16.79
30,0,17.79,46.4333333333,16.79
20,0,17.89,46.3633333333,16.79
20,0,17.9633333333,46.23,16.79
30,0,18.1,46.1633333333,16.79
50,0,18.175,45.9975,16.79
40,0,18.2,45.9,16.79
40,0,18.2,45.9,16.89
40,0,18.2,45.9,16.89
50,0,18.2,45.8633333333,16.89
40,0,18.2,45.79,16.89
40,0,18.2,45.76,16.89
50,0,18.2,45.7,16.89
50,0,18.2,45.6633333333,16.89
40,0,18.2,45.59,16.9633333333
30,0,18.2,45.59,16.89
10,0,18.2,45.59,16.9633333333
20,0,18.2,45.59,17.0
30,0,18.2,45.53,17.0
50,0,18.2,45.5,17.1
50,0,18.2,45.5,17.1
40,0,18.2,45.4,17.1
50,0,18.2,45.4,17.1
40,0,18.2,45.3633333333,17.1
40,0,18.2,45.345,17.1
40,0,18.2,45.29,17.1
40,0,18.2,45.2,17.1
50,0,18.2,45.2,17.1
50,0,18.2,45.09,17.1
20,0,18.2,45.09,17.1
20,0,18.23,45.09,17.1
20,0,18.29,45.03,17.1666666667
20,0,18.26,44.93,17.2
40,0,18.26,44.79,17.2
50,0,18.29,44.79,17.23
50,0,18.29,44.79,17.23
40,0,18.29,44.79,17.29
50,0,18.29,44.73,17.29
30,0,18.29,44.43,17.29
40,0,18.29,44.1566666667,17.29
40,0,18.26,44.0266666667,17.29
40,0,18.2,43.8266666667,17.29
40,0,18.2,43.7,17.23
50,0,18.2,43.7,17.23
50,0,18.1333333333,43.7,17.2
30,0,18.1,43.86,17.2
20,0,18.1,44.06,17.2
20,0,18.1,44.23,17.2
20,0,18.0333333333,44.29,17.2
50,0,18.0,44.3266666667,17.1
40,0,18.0,44.4,17.1
50,0,17.9633333333,44.4,17.1
50,0,17.9633333333,44.4,17.1
40,0,17.9266666667,44.4,17.1
40,0,17.9266666667,44.4,17.1
40,0,17.89,44.4,17.1
40,0,17.89,44.4,17.0333333333
30,0,17.8233333333,44.3266666667,17.1
20,0,17.8233333333,44.3266666667,17.0333333333
20,0,17.79,44.29,17.0
30,0,17.79,44.29,17.0
40,0,17.79,44.2,17.0
40,0,17.79,44.2,17.0
50,0,17.79,44.2,17.0
30,0,17.7,44.1266666667,16.9633333333
40,0,17.7,44.2,16.9633333333
50,0,17.7,44.1633333333,16.89
40,0,17.7,44.09,16.89
50,0,17.7,44.09,16.89
40,0,17.7,44.09,16.89
40,0,17.6333333333,44.0,16.89
40,0,17.6333333333,44.0,16.89
20,0,17.6,43.9666666667,16.89
20,0,17.6,43.9666666667,16.8233333333
30,0,17.6,43.9,16.8566666667
20,0,17.6,43.9,16.79
50,0,17.6,43.9,16.79
40,0,17.6,43.9,16.79
40,0,17.6,43.9,16.79
40,0,17.5333333333,43.9,16.79
40,0,17.5,43.845,16.79
40,0,17.5,43.8633333333,16.79
50,0,17.5,43.79,16.745
50,0,17.5,43.79,16.7
40,0,17.5,43.79,16.7
20,0,17.4633333333,43.76,16.7
20,0,17.39,43.7,16.7
20,0,17.39,43.7,16.7
30,0,17.39,43.7,16.7
50,0,17.39,43.6266666667,16.7
50,0,17.39,43.6266666667,16.7
40,0,17.39,43.59,16.7
50,0,17.39,43.59,16.6333333333
40,0,17.39,43.59,16.6
40,0,17.39,43.59,16.6
40,0,17.39,43.59,16.6
40,0,17.3233333333,43.59,16.6
40,0,17.29,43.59,16.6
50,0,17.29,43.59,16.6
40,0,17.29,43.59,16.6
20,0,17.29,43.53,16.6
20,0,17.29,43.53,16.5333333333
20,0,17.29,43.56,16.5
30,0,17.29,43.56,16.5
50,0,17.26,43.56,16.5
40,0,17.26,43.5,16.5
50,0,17.2,43.4333333333,16.5
40,0,17.2,43.4333333333,16.5
50,0,17.2,43.4666666667,16.5
40,0,17.2,43.4666666667,16.5
40,0,17.2,43.4333333333,16.5
20,0,17.2,43.5,16.5
30,0,17.2,43.5,16.5
20,0,17.2,43.5,16.4266666667
20,0,17.1333333333,43.5,16.39
50,0,17.1333333333,43.5,16.39
40,0,17.1,43.5,16.39
40,0,17.1,43.5,16.39
40,0,17.1,43.56,16.39
40,0,17.1,43.5,16.39
40,0,17.1,43.56,16.39
40,0,17.1,43.53,16.39
50,0,17.1,43.59,16.39
50,0,17.1,43.59,16.39
20,0,17.0333333333,43.53,16.39
20,0,17.0,43.5,16.39
20,0,17.0,43.5,16.39
30,0,17.0,43.5,16.3566666667
40,0,17.0,43.5,16.29
40,0,17.0,43.59,16.29
50,0,17.0,43.59,16.29
40,0,17.0,43.59,16.29
40,0,17.0,43.59,16.29
40,0,17.0,43.59,16.29
40,0,17.0,43.59,16.29
40,0,16.89,43.6266666667,16.29
40,0,16.89,43.645,16.29
20,0,16.9633333333,43.7,16.29
20,0,16.89,43.7,16.29
30,0,16.89,43.76,16.29
40,0,16.89,43.73,16.29
40,0,16.89,43.79,16.29
40,0,16.89,43.79,16.29
40,0,16.89,43.79,16.29
40,0,16.89,43.8266666667,16.29
40,0,16.89,43.8266666667,16.29
50,0,16.89,43.9,16.29
40,0,16.89,43.9,16.29
40,0,16.89,43.9,16.26
30,0,16.89,43.9666666667,16.26
20,0,16.89,44.0,16.29
20,0,16.89,44.0,16.29
10,0,16.89,44.09,16.29
60,0,16.89,44.09,16.29
40,0,16.89,44.145,16.29
40,0,16.8233333333,44.1566666667,16.23
50,0,16.8233333333,44.23,16.2
40,0,16.79,44.23,16.23
40,0,16.79,44.29,16.23
40,0,16.79,44.3266666667,16.2
40,0,16.79,44.3266666667,16.2
50,0,16.79,44.4333333333,16.2
20,0,16.79,44.5,16.2
30,0,16.8566666667,44.56,16.23
20,0,16.79,44.5,16.23
20,0,16.79,44.53,16.2
40,0,16.79,44.59,16.2
50,0,16.79,44.6266666667,16.26
40,0,16.79,44.7,16.2
40,0,16.79,44.7,16.2
50,0,16.79,44.76,16.2
50,0,16.79,44.79,16.23
30,0,16.79,44.8633333333,16.23
40,0,16.79,44.9,16.2
30,0,16.73,45.0,16.2
20,0,16.79,45.0,16.2
20,0,16.79,45.0,16.2
30,0,16.79,45.06,16.2
40,0,16.76,45.2,16.2
50,0,16.7,45.2,16.2
40,0,16.7,45.2,16.2
40,0,16.7,45.2,16.2
50,10,16.7,45.29,16.2
60,0,16.7,45.29,16.2
70,10,16.7,45.3266666667,16.2
60,0,16.7,45.4,16.2
70,0,16.7,45.4333333333,16.1333333333
70,10,16.7,45.5,16.1333333333
70,0,16.7,45.5,16.1
50,0,16.7,45.56,16.1
70,10,16.7,45.59,16.1
80,0,16.7,45.6725,16.1
110,10,16.7,45.7,16.1333333333
80,0,16.7,45.7,16.2
90,0,16.7,45.7,16.1
80,10,16.7,45.7,16.1
80,10,16.7,45.76,16.1
70,10,16.7,45.79,16.2
80,0,16.7,45.79,16.2
90,0,16.7,45.79,16.2
100,0,16.7,45.79,16.2
110,10,16.6666666667,45.79,16.2
90,0,16.6666666667,45.79,16.2
80,0,16.6666666667,45.8633333333,16.2
70,0,16.6666666667,45.8633333333,16.2
60,0,16.7,45.9,16.2
80,0,16.7,45.9,16.2
80,0,16.7,45.9,16.2
80,0,16.7,45.9666666667,16.2
90,0,16.7,46.0,16.2
80,10,16.7,46.0,16.2
90,0,16.7,46.06,16.2
80,0,16.7,46.1266666667,16.2
60,0,16.7,46.2,16.2
70,0,16.7,46.2,16.23
70,0,16.7,46.2,16.29
70,0,16.7,46.2,16.29
80,0,16.7,46.26,16.29
80,0,16.7,46.29,16.29
50,0,16.7,46.29,16.29
50,0,16.7,46.29,16.23
60,0,16.7,46.3633333333,16.29
50,0,16.6333333333,46.3266666667,16.29
80,0,16.6333333333,46.2666666667,16.29
60,0,16.6,46.29,16.29
50,0,16.6666666667,46.3633333333,16.29
50,0,16.6,46.29,16.29
40,0,16.6,46.29,16.29
40,0,16.6,46.29,16.29
40,0,16.6,46.29,16.29
40,0,16.6,46.29,16.29
50,0,16.6,46.29,16.29
40,0,16.6,46.29,16.29
40,0,16.6,46.4,16.29
30,0,16.6,46.3266666667,16.29
20,0,16.6,46.4,16.29
20,0,16.6,46.4,16.29
50,0,16.6,46.4,16.3566666667
40,0,16.6,46.4,16.29
40,0,16.6,46.4,16.39
40,0,16.6,46.4,16.3233333333
50,0,16.6,46.4,16.39
50,0,16.6,46.4,16.39
50,0,16.6,46.4,16.39
30,0,16.6,46.4,16.39
40,0,16.6,46.4,16.39
40,0,16.575,46.475,16.39
40,0,16.5,46.5,16.39
50,0,16.6,46.5,16.39
20,0,16.6,46.5,16.39
30,0,16.6,46.4333333333,16.39
20,0,16.6,46.5,16.39
30,0,16.6,46.5,16.39
40,0,16.6,46.5,16.39
40,0,16.5333333333,46.53,16.39
50,0,16.5333333333,46.59,16.39
40,0,16.5,46.59,16.39
50,0,16.5,46.59,16.39
40,0,16.5,46.59,16.39
40,0,16.5,46.6633333333,16.39
50,0,16.5,46.7,16.39
30,0,16.5,46.7,16.39
40,0,16.5,46.79,16.39
40,0,16.5,46.79,16.39
50,0,16.5,46.79,16.39
40,0,16.5,46.8975,16.39
50,0,16.5,47.0,16.39
30,0,16.5,47.0,16.39
20,0,16.5,47.0,16.4266666667
20,0,16.5,47.03,16.4175
20,0,16.5,47.09,16.39
40,0,16.5,47.09,16.39
40,0,16.4266666667,47.03,16.39
50,0,16.5,47.2,16.4266666667
50,0,16.5,47.2,16.4266666667
40,0,16.4266666667,47.1266666667,16.5
40,10,16.5,47.26,16.5
60,0,16.5,47.29,16.5
50,0,16.5,47.29,16.5
40,10,16.4633333333,47.26,16.5
50,0,16.39,47.2,16.4266666667
50,0,16.4633333333,47.29,16.4266666667
40,0,16.39,47.29,16.4266666667
30,0,16.445,47.4,16.4633333333
30,0,16.4633333333,47.4666666667,16.39
60,0,16.4633333333,47.5266666667,16.39
50,0,16.39,47.5,16.39
40,0,16.39,47.5,16.39
40,0,16.39,47.53,16.39
100,0,16.39,47.59,16.4633333333
60,0,16.39,47.59,16.4633333333
50,0,16.39,47.59,16.39
40,0,16.39,47.6266666667,16.39
50,0,16.39,47.7,16.39
40,0,16.39,47.7,16.39
50,0,16.39,47.76,16.39
180,10,16.4266666667,47.9266666667,16.39
100,10,16.5,48.26,16.4633333333
80,0,16.5,48.3633333333,16.4633333333
200,10,16.5,48.29,16.39
80,10,16.5,48.4,16.39
70,0,16.5,48.3175,16.39
80,0,16.5,48.29,16.39
70,0,16.5,48.2,16.39
90,0,16.5,48.1266666667,16.39
220,0,16.5,48.06,16.39
430,10,16.5,48.06,16.39
400,0,16.9566666667,48.9233333333,16.39
410,10,17.6233333333,48.1966666667,16.39
420,10,18.3666666667,47.2333333333,16.39
420,0,18.9,46.6333333333,16.39
140,10,19.2633333333,46.2233333333,16.39
130,0,19.4633333333,45.9633333333,16.39
130,0,19.4633333333,46.1266666667,16.39
440,0,19.3233333333,46.26,16.39
320,0,19.3,46.5,16.3233333333
400,0,19.76,46.4266666667,16.3233333333
230,0,19.8566666667,46.03,16.29
130,10,19.73,46.09,16.3566666667
100,0,19.53,45.8633333333,16.3566666667
100,0,19.315,45.745,16.3566666667
110,0,19.23,45.79,16.39
110,0,19.1,45.56,16.39
120,0,19.0333333333,45.3,16.29
100,0,18.89,45.06,16.3566666667
160,0,18.8233333333,45.1333333333,16.39
510,10,18.79,45.4,16.39
450,0,18.79,45.4666666667,16.39
670,20,18.79,45.5,16.29
660,20,18.9966666667,45.8333333333,16.29
630,30,19.7666666667,45.3633333333,16.29
610,20,20.4333333333,44.6966666667,16.29
590,20,21.1966666667,43.96,16.29
260,20,21.5966666667,43.5,16.29
120,20,22.1,42.96,16.29
250,30,21.96,42.6266666667,16.29
400,20,21.6666666667,42.6266666667,16.29
120,0,21.7266666667,42.7,16.29
120,30,22.0666666667,42.3,16.29
190,0,21.87,41.925,16.29
670,10,21.5666666667,41.86,16.29
780,0,21.3566666667,41.6633333333,16.29
620,0,21.1633333333,41.53,16.29
210,10,20.9633333333,41.1633333333,16.29
110,0,20.8233333333,41.09,16.29
100,10,20.6666666667,41.0266666667,16.29
90,10,20.5333333333,40.9666666667,16.29
90,10,20.3566666667,40.9333333333,16.29
100,10,20.23,40.86,16.29
100,0,20.1666666667,41.0966666667,16.29
110,0,20.1,41.5633333333,16.29
100,0,20.0,41.59,16.29
110,0,19.9266666667,41.6633333333,16.29
100,0,19.76,41.86,16.29
100,0,19.7,42.0,16.29
90,0,19.6,41.9333333333,16.29
90,0,19.6,42.1333333333,16.29
90,0,19.5,42.29,16.29
90,0,19.3925,42.14,16.29
70,0,19.29,42.09,16.29
60,20,19.2,41.93,16.29
70,0,19.1333333333,41.8633333333,16.29
50,0,19.1,42.0666666667,16.365
50,0,19.1,42.26,16.39
50,0,19.0,42.29,16.5
50,0,18.9266666667,42.3633333333,16.5
60,0,18.89,42.53,16.5
40,0,18.8233333333,42.59,16.5
40,0,18.79,42.7,16.5
40,0,18.79,42.76,16.5
50,0,18.7,42.9333333333,16.5
40,0,18.7,43.0,16.5
50,0,18.6666666667,43.09,16.5
50,0,18.6,43.09,16.5
50,0,18.5666666667,43.2,16.6
40,0,18.5,43.2,16.6
50,0,18.5,43.23,16.6
40,0,18.5,43.29,16.6
30,0,18.5,43.3633333333,16.6
30,0,18.39,43.29,16.6
30,0,18.39,43.29,16.6
30,0,18.39,43.29,16.6
50,0,18.39,43.3633333333,16.6
50,0,18.39,43.4,16.6333333333
40,0,18.3233333333,43.4666666667,16.7
40,0,18.29,43.5,16.7
50,0,18.29,43.5,16.7
40,0,18.26,43.4666666667,16.7
60,0,18.2,43.4,16.7
50,0,18.2,43.4,16.7
40,0,18.2,43.4,16.7
50,0,18.2,43.5,16.7
40,0,18.2,43.5,16.7
40,0,18.1,43.5,16.7
50,0,18.1,43.5,16.7
30,0,18.1,43.5,16.79
30,0,18.1,43.5225,16.79
30,0,18.1,43.59,16.79
30,0,18.0,43.5,16.79
50,0,18.0,43.5,16.79
40,0,18.0,43.59,16.79
40,0,18.0,43.59,16.79
50,0,18.0,43.59,16.79
50,0,17.9266666667,43.59,16.79
40,0,17.89,43.59,16.79
60,0,17.89,43.6633333333,16.79
40,0,17.89,43.7,16.79
50,0,17.89,43.7,16.79
40,0,17.89,43.7,16.8233333333
40,0,17.89,43.76,16.89
50,0,17.8233333333,43.73,16.89
40,0,17.8233333333,43.73,16.8233333333
40,0,17.79,43.7,16.89
40,0,17.79,43.76,16.89
30,0,17.79,43.79,16.8233333333
20,0,17.79,43.79,16.8233333333
40,0,17.79,43.79,16.89
40,10,17.79,43.8266666667,16.89
190,10,17.73,43.8266666667,16.89
150,40,17.73,43.9333333333,16.89
350,40,17.9966666667,44.06,16.89
70,10,18.5566666667,44.1333333333,16.89
90,10,19.03,43.6666666667,16.89
80,10,19.03,43.26,16.89
60,20,18.89,43.2,16.89
50,10,18.76,43.2,16.89
360,30,18.7,43.2,16.89
440,40,18.7633333333,43.4633333333,16.79
440,30,19.2233333333,43.53,16.79
450,30,20.0233333333,43.3333333333,16.79
440,30,20.6233333333,43.0666666667,16.79
140,30,21.3333333333,42.6333333333,16.79
190,30,21.7266666667,42.3,16.79
450,10,21.6333333333,42.09,16.79
360,10,21.295,42.1725,16.79
110,10,20.96,42.2,16.79
70,10,20.6666666667,42.0,16.79
130,10,20.5333333333,42.06,16.79
70,10,20.3566666667,42.1266666667,16.79
60,10,20.23,42.2,16.79
140,10,20.0666666667,42.1633333333,16.79
130,10,20.0,42.09,16.79
210,20,19.89,42.29,16.79
530,30,19.65,42.1,16.79
410,40,19.7,42.8,16.79
480,30,19.76,43.0,16.79
410,40,19.89,43.2,16.79
320,30,20.03,43.26,16.79
310,30,20.2,43.26,16.73
290,10,20.2,43.0666666667,16.79
220,10,20.0666666667,42.8633333333,16.79
130,10,20.0,42.79,16.73
130,10,19.9633333333,42.9,16.79
130,20,19.89,43.07,16.79
130,20,19.8233333333,43.2,16.79
120,20,19.79,43.4333333333,16.73
90,10,19.79,43.56,16.79
90,0,19.76,43.6266666667,16.79
80,10,19.6333333333,43.7,16.79
80,0,19.6,43.9,16.79
90,0,19.5333333333,43.9,16.79
170,10,19.5,43.9333333333,16.73
90,0,19.4266666667,44.0,16.73
110,10,19.39,44.0666666667,16.79
90,0,19.39,44.4,16.79
140,0,19.4266666667,44.8,16.73
160,20,19.5,45.1333333333,16.73
100,10,19.5,45.39,16.79
110,10,19.5,45.7966666667,16.79
180,0,19.5,46.6266666667,16.79
400,10,19.5,46.76,16.79
130,0,19.5,46.9333333333,16.73
150,0,19.5,47.0675,16.79
140,0,19.5,47.1633333333,16.73
140,10,19.5,47.29,16.79
150,20,19.5,47.3633333333,16.79
190,20,19.5,47.6933333333,16.79
140,20,19.5,48.1,16.79
140,30,19.6,48.79,16.79
150,40,19.6,48.79,16.79
130,50,19.7,49.0666666667,16.79
180,40,19.76,49.4,16.79
640,20,19.96,49.76,16.79
650,30,20.1,49.5,16.79
140,30,20.0666666667,49.5666666667,16.79
80,20,20.0,49.9,16.79
90,30,19.9633333333,49.76,16.89
130,20,19.89,49.76,16.89
130,20,19.89,50.1266666667,16.8233333333
140,30,19.89,50.26,16.8233333333
120,20,19.89,50.3266666667,16.89
130,30,19.89,50.3175,16.8233333333
140,30,19.89,50.3633333333,16.9266666667
110,20,19.8566666667,50.43,17.075
200,30,19.79,50.29,17.1
220,20,19.89,51.09,17.1
120,20,19.9633333333,50.9633333333,17.1
100,20,19.89,50.6633333333,17.1
100,10,19.8233333333,50.53,17.1
90,10,19.76,50.4,17.1
100,20,19.7,50.4,17.1
90,10,19.7,50.26,17.1
100,10,19.6333333333,50.2,17.1
90,10,19.6,50.09,17.1
70,10,19.6,50.03,17.1
70,20,19.5,50.03,17.1
60,10,19.5,50.09,17.1666666667
30,10,19.39,49.9,17.29
20,10,19.39,49.9,17.23
20,10,19.39,49.79,17.2
30,10,19.39,49.79,17.2
50,10,19.3233333333,49.79,17.29
60,10,19.29,49.79,17.29
50,10,19.29,49.73,17.29
40,20,19.29,49.7,17.29
50,10,19.23,49.6266666667,17.29
40,10,19.2,49.59,17.29
50,10,19.2,49.59,17.3566666667
40,20,19.2,49.5,17.3566666667
50,10,19.2,49.5,17.3566666667
60,10,19.1666666667,49.5,17.3233333333
50,10,19.1,49.5,17.39
40,10,19.1,49.5,17.39
50,10,19.1,49.5,17.39
40,10,19.1,49.4,17.39
40,10,19.1,49.4,17.39
50,20,19.0666666667,49.3633333333,17.39
50,10,19.0,49.29,17.39
40,10,19.0,49.29,17.39
30,10,19.0,49.29,17.39
20,10,19.0,49.29,17.39
40,10,18.9266666667,49.29,17.4725
40,10,18.9266666667,49.29,17.5
50,20,19.0,49.29,17.5
40,10,18.9266666667,49.29,17.5
50,10,18.89,49.29,17.5
50,10,18.89,49.29,17.5
60,10,18.89,49.29,17.5333333333
50,10,18.89,49.29,17.6
40,20,18.89,49.29,17.6
50,10,18.89,49.29,17.6
40,10,18.8566666667,49.26,17.6
50,10,18.79,49.2,17.6
40,10,18.89,49.29,17.6
50,10,18.8233333333,49.23,17.6
50,10,18.79,49.2,17.6
50,20,18.79,49.2,17.6
40,10,18.79,49.2,17.6
50,10,18.79,49.2,17.6
40,10,18.79,49.2,17.6
30,10,18.79,49.2,17.65
20,10,18.73,49.2,17.6666666667
30,10,18.7,49.2,17.7
40,10,18.76,49.2,17.7
50,20,18.7,49.2,17.7
50,10,18.7,49.2,17.7
40,10,18.7,49.2,17.7
40,20,18.7,49.2,17.76
60,10,18.7,49.2,17.7
120,20,18.7,49.2,17.7
370,10,18.7,49.2,17.7
350,20,18.8266666667,49.5333333333,17.7
330,40,19.3933333333,49.6333333333,17.7
60,10,19.8666666667,49.36,17.7
50,10,20.3233333333,49.1,17.7
40,10,20.3233333333,48.8266666667,17.7
40,10,20.1666666667,48.7,17.7
40,10,20.025,48.595,17.7
40,20,19.9266666667,48.5,17.7
50,10,19.89,48.4666666667,17.7
50,10,19.8233333333,48.3266666667,17.76
80,10,19.79,48.29,17.79
140,20,19.73,48.29,17.79
330,20,19.6666666667,48.29,17.79
160,30,19.6,48.29,17.79
80,20,19.5666666667,48.06,17.79
30,20,19.5,47.9333333333,17.79
60,10,19.5,47.9,17.79
60,10,19.5,47.8266666667,17.79
60,20,19.5,47.9,17.79
70,10,19.5,47.9666666667,17.79
40,10,19.4633333333,48.1333333333,17.79
470,10,19.39,48.06,17.79
710,10,19.4266666667,48.03,17.79
480,20,19.5,48.1633333333,17.79
360,10,19.5,48.3266666667,17.79
340,10,19.5,48.4975,17.79
300,10,19.5,48.6633333333,17.7
230,10,19.6,48.8266666667,17.7
260,10,19.6,49.0266666667,17.7
420,10,19.6,49.2,17.7
170,20,19.6,49.2,17.7
80,10,19.6,49.26,17.7
70,10,19.6,49.1266666667,17.7
390,10,19.5666666667,48.9666666667,17.7
640,10,19.5,48.8266666667,17.7
510,10,19.5,48.6633333333,17.7
300,10,19.5,48.53,17.7
260,10,19.4633333333,48.3333333333,17.7
260,10,19.39,48.1266666667,17.7
220,10,19.4266666667,49.0266666667,17.7
190,10,19.5666666667,49.6333333333,17.7
300,10,19.6,49.9333333333,17.7
430,20,19.65,50.1,17.7
700,10,19.7225,50.2225,17.7
570,10,19.79,50.2675,17.7
330,10,19.79,50.2,17.7
280,10,19.89,50.29,17.7
260,10,19.89,50.245,17.7
240,10,19.79,50.0,17.7
230,10,19.79,50.145,17.7
220,10,19.79,50.29,17.76
100,10,19.89,50.53,17.7
270,10,19.9633333333,50.6633333333,17.7
330,10,20.0666666667,50.49,17.76
260,10,20.0,50.23,17.7
310,10,19.9633333333,50.06,17.76
430,20,19.89,49.86,17.7
420,10,19.8566666667,49.6333333333,17.7
190,10,19.79,49.4333333333,17.73
110,10,19.79,49.2233333333,17.73
120,10,19.73,49.03,17.79
120,20,19.73,48.79,17.79
110,10,19.73,48.79,17.73
120,10,19.7,48.59,17.79
120,20,19.7,48.5,17.73
150,10,19.7,48.4333333333,17.79
490,10,19.7,48.29,17.79
580,20,19.7,48.23,17.79
350,20,19.7,48.2,17.79
80,20,19.7,48.26,17.79
90,20,19.7,48.73,17.79
80,30,19.7,49.0633333333,17.79
180,30,19.7,50.4333333333,17.79
400,40,19.76,50.9,17.79
300,40,20.1666666667,51.0633333333,17.79
90,40,20.9,50.3233333333,17.79
80,40,21.39,49.2233333333,17.79
70,40,21.3233333333,49.09,17.79
60,30,21.2,49.03,17.79
80,30,21.1333333333,49.1633333333,17.79
80,20,21.1,49.0,17.79
70,20,21.0333333333,48.9333333333,17.79
80,20,21.0,48.9,17.79
70,30,21.0,48.9,17.79
230,20,21.0,48.8266666667,17.79
350,20,21.0666666667,48.86,17.79
70,20,21.4,48.86,17.79
50,30,21.8233333333,48.2233333333,17.79
60,20,21.89,48.09,17.79
60,20,21.79,48.23,17.79
70,20,21.73,48.3633333333,17.8233333333
60,20,21.7,48.53,17.89
50,20,21.7,48.6633333333,17.89
50,30,21.6,48.6266666667,17.89
60,20,21.6,48.7,17.89
50,20,21.6,48.73,17.89
50,20,21.5333333333,48.79,17.89
70,20,21.5,48.9,17.89
70,20,21.5,48.9,17.89
60,30,21.5,48.9,17.89
60,20,21.5,48.9666666667,17.89
60,20,21.5,49.03,17.89
50,20,21.5,49.09,17.89
60,30,21.5,49.09,17.89
50,0,21.5,49.09,17.9633333333
40,0,21.5,49.03,17.9266666667
50,0,21.39,48.8266666667,18.0
50,0,21.3233333333,48.9,18.0
50,0,21.2,48.79,18.0
50,0,21.1333333333,48.79,18.0
40,0,21.0666666667,48.8633333333,18.0
50,0,21.0,48.79,18.0
40,0,20.89,48.9,18.0
40,0,20.89,48.9,18.0
50,0,20.79,48.79,18.0
40,0,20.73,48.8633333333,18.1
50,0,20.7,48.9333333333,18.1
50,0,20.7,49.0,18.1
50,0,20.6,48.9,18.1
50,0,20.6,48.9,18.1
40,0,20.5,49.0,18.1
40,0,20.5,49.0,18.1
40,0,20.5,49.06,18.1
50,0,20.39,49.03,18.1666666667
50,0,20.39,49.09,18.2
40,0,20.39,49.09,18.2
50,0,20.39,49.09,18.2
50,0,20.29,49.2,18.2
40,0,20.29,49.2,18.2
50,0,20.29,49.2,18.2
40,0,20.29,49.2,18.2
40,0,20.2,49.2,18.2
40,0,20.2,49.2,18.2
50,0,20.2,49.2,18.2
50,0,20.2,49.2,18.2
50,0,20.1666666667,49.2,18.2
50,0,20.1,49.1266666667,18.23
40,0,20.1,49.2,18.29
40,0,20.1,49.2,18.29
50,10,20.1,49.2,18.29
50,10,20.025,49.1175,18.3233333333
50,40,20.0,49.09,18.315
60,30,20.0333333333,49.1933333333,18.29
60,30,20.1666666667,49.4666666667,18.29
60,30,20.2,49.59,18.29
70,30,20.26,49.7233333333,18.29
320,40,20.39,49.79,18.29
200,40,20.4633333333,49.8633333333,18.29
60,20,21.13,49.2633333333,18.29
40,30,21.39,48.5966666667,18.29
50,50,21.26,48.29,18.29
60,10,21.1333333333,48.23,18.29
80,20,21.0666666667,48.1,18.29
60,30,21.0,47.9666666667,18.29
70,20,20.89,48.1266666667,18.29
60,30,20.9633333333,48.2,18.26
50,20,21.0,48.23,18.26
60,20,21.0,48.29,18.29
60,30,21.0,48.26,18.29
60,20,21.0,48.26,18.29
60,30,21.0,48.245,18.2675
80,20,21.0,48.2,18.2
80,30,21.0666666667,48.26,18.2
80,20,21.1,48.3633333333,18.2
70,30,21.1,48.3633333333,18.2
70,20,21.1,48.5,18.2
130,20,21.1,48.5,18.2
70,30,21.1333333333,48.5,18.2
70,20,21.2,48.5,18.2
60,40,21.2,48.73,18.2
60,40,21.2,48.79,18.2
60,30,21.2,48.79,18.2
60,40,21.26,48.8633333333,18.2
60,40,21.29,48.76,18.2
50,0,21.29,48.6266666667,18.2
90,10,21.26,48.2333333333,18.2
70,10,21.2,47.6933333333,18.2
50,0,21.1,47.4666666667,18.2
50,0,21.0333333333,47.2666666667,18.2
50,0,20.945,47.145,18.2
40,10,20.8566666667,47.1633333333,18.2
70,0,20.79,47.1633333333,18.2
180,0,20.79,47.3266666667,18.2
50,0,20.73,47.4666666667,18.23
60,10,20.7,47.56,18.29
150,0,20.7,47.5,18.39
130,0,20.6666666667,47.4666666667,18.4633333333
60,10,20.6,47.4,18.5
50,10,20.6,47.26,18.5
50,0,20.5333333333,47.1266666667,18.5
40,0,20.5,46.9666666667,18.5
90,0,20.5,46.9,18.5
70,0,20.39,46.6333333333,18.4266666667
60,10,20.39,46.5,18.39
70,0,20.39,46.4666666667,18.39
70,0,20.39,46.4,18.39
60,0,20.29,46.2,18.39
70,0,20.29,46.2,18.39
60,0,20.29,46.2,18.315
40,0,20.26,46.1633333333,18.29
40,0,20.2,46.03,18.29
50,10,20.2,46.0,18.29
90,10,20.2,46.0,18.29
90,30,20.2,46.0,18.29
90,20,20.2,45.86,18.29
100,30,20.23,46.1566666667,18.29
100,30,20.3566666667,46.3633333333,18.26
90,30,20.39,46.4,18.26
170,30,20.4633333333,46.4,18.2
600,30,20.5,46.43,18.2
510,10,20.5,46.1566666667,18.2
110,10,20.5,45.93,18.2
100,10,20.5,45.73,18.2
100,20,20.5,45.56,18.2
110,30,20.5,45.9666666667,18.2
190,30,20.9266666667,46.4666666667,18.2
140,30,21.4,46.2666666667,18.2
90,40,21.5,46.1266666667,18.2
90,30,21.4175,46.0,18.2
90,30,21.39,46.0,18.1
90,30,21.39,45.93,18.1
120,30,21.39,45.73,18.1
110,20,21.39,45.3633333333,18.1
120,30,21.3233333333,45.1566666667,18.1
110,20,21.3566666667,44.9666666667,18.1
100,30,21.3566666667,44.8266666667,18.1
90,20,21.3566666667,44.7233333333,18.1
90,20,21.29,44.53,18.0666666667
80,20,21.39,44.6933333333,18.0
100,20,21.39,44.5,18.0
90,30,21.3233333333,44.56,18.0
80,20,21.39,44.4333333333,18.0333333333
100,20,21.3233333333,44.6566666667,18.0333333333
100,30,21.39,44.8633333333,18.0
70,20,21.39,45.1266666667,18.0
40,20,21.39,45.26,18.0
30,20,21.39,45.3266666667,18.075
50,30,21.39,45.475,18.1
60,20,21.4633333333,45.6333333333,18.0666666667
70,20,21.4266666667,45.73,18.0666666667
70,20,21.4266666667,45.73,18.1
60,30,21.5,45.79,18.1
50,20,21.5,45.79,18.1
60,20,21.5,45.8266666667,18.0333333333
50,20,21.5,45.8266666667,18.1
60,30,21.5,45.79,18.1
80,20,21.5,45.79,18.1
70,10,21.5,45.79,18.1
70,0,21.5,45.73,18.1
60,0,21.4633333333,45.6633333333,18.1
70,0,21.39,45.59,18.1
50,0,21.3566666667,45.59,18.1
70,0,21.29,45.59,18.1
60,0,21.2,45.5,18.1
60,0,21.1333333333,45.5,18.1
70,0,21.1,45.59,18.1
60,0,21.1,45.59,18.1
80,0,21.0,45.5,18.1
60,0,21.0,45.59,18.1
50,0,20.9266666667,45.59,18.1
40,0,20.89,45.59,18.1
40,0,20.89,45.59,18.1
40,0,20.89,45.59,18.1
60,0,20.8233333333,45.53,18.1
60,0,20.79,45.5,18.1
70,0,20.79,45.5,18.1
60,0,20.7,45.5,18.1
60,0,20.7,45.5,18.1
50,0,20.7,45.5,18.1
60,0,20.6333333333,45.4333333333,18.2
60,0,20.6,45.4,18.2
50,0,20.6,45.4,18.2
60,0,20.5666666667,45.4,18.2
70,0,20.5,45.4,18.2
60,0,20.5,45.3633333333,18.2
60,0,20.5,45.29,18.2
50,0,20.5,45.4,18.2
50,0,20.5,45.3633333333,18.2
60,0,20.4266666667,45.29,18.2
50,0,20.39,45.29,18.2
60,0,20.39,45.29,18.2
60,0,20.39,45.29,18.2
60,0,20.3233333333,45.29,18.2
60,10,20.39,45.29,18.2
60,10,20.3233333333,45.29,18.23
60,10,20.29,45.1633333333,18.29
60,10,20.29,45.2966666667,18.29
60,10,20.39,45.6566666667,18.29
100,10,20.39,45.79,18.29
70,0,20.4266666667,45.79,18.29
70,0,20.4266666667,45.4566666667,18.29
90,10,20.39,44.8633333333,18.29
190,20,20.39,44.4633333333,18.29
310,20,20.4266666667,44.6266666667,18.2
230,30,20.5,44.7,18.2
170,20,20.645,44.7,18.2
320,20,21.1966666667,44.49,18.26
300,0,21.5966666667,44.1566666667,18.29
90,0,22.2333333333,43.7666666667,18.29
90,0,22.6333333333,42.9666666667,18.29
90,0,22.6666666667,42.53,18.29
120,0,22.6,42.7233333333,18.29
360,0,22.5,42.8266666667,18.29
220,0,22.5,42.8266666667,18.39
220,0,22.39,42.5,18.39
410,0,22.39,42.5,18.39
190,0,22.39,42.3633333333,18.4633333333
80,0,22.39,42.29,18.5
70,0,22.39,42.26,18.5
70,0,22.4633333333,42.26,18.5
350,0,22.4633333333,42.1633333333,18.5
340,0,22.39,42.09,18.5
340,0,22.3566666667,42.2,18.5333333333
340,0,22.29,42.1266666667,18.6
220,0,22.29,42.0,18.6
70,0,22.2225,41.7475,18.6
90,0,22.2,41.33,18.6
80,0,22.1,41.06,18.6
70,0,22.1,40.86,18.6
70,0,22.0,40.4666666667,18.6
70,0,21.9266666667,40.3266666667,18.6
120,0,21.8566666667,40.3633333333,18.6
90,0,21.79,40.29,18.6666666667
100,0,21.79,40.26,18.6
100,10,21.73,40.2,18.6
240,10,21.7,40.36,18.6
420,30,21.7,40.5,18.6
200,20,21.7,40.53,18.6
120,20,21.7,40.6633333333,18.6
120,20,21.7,40.8266666667,18.6
120,20,21.76,40.9,18.6
220,10,21.79,41.03,18.6
160,20,21.79,41.03,18.6
130,10,21.76,40.76,18.6
110,10,21.7,40.6266666667,18.6
90,10,21.6,40.5,18.6
100,10,21.5666666667,40.59,18.6666666667
180,10,21.5,40.6633333333,18.6
510,10,21.5,40.8266666667,18.6
350,10,21.5,40.9,18.6
310,10,21.5,41.0,18.6666666667
300,10,21.4266666667,40.9333333333,18.6
270,30,21.4633333333,41.06,18.6
270,40,21.39,41.06,18.6
250,40,21.4266666667,41.0666666667,18.6
230,30,21.5,41.2,18.5
120,30,21.5,41.2,18.5
190,30,21.5,41.26,18.5
170,30,21.5,40.96,18.5
120,30,21.5,40.5666666667,18.5
120,40,21.5,40.3633333333,18.4633333333
460,30,21.5,40.23,18.39
600,30,21.5,40.23,18.39
280,10,21.5,40.29,18.39
100,0,21.445,40.35,18.39
110,20,21.39,40.06,18.39
130,20,21.39,40.5266666667,18.39
120,20,21.4266666667,42.6233333333,18.39
110,20,21.5666666667,43.49,18.39
160,20,21.6333333333,43.9,18.39
160,10,21.6333333333,43.2333333333,18.39
150,20,21.6,42.6,18.3233333333
170,20,21.5333333333,42.1933333333,18.29
100,20,21.4633333333,41.8333333333,18.29
130,20,21.39,41.5666666667,18.29
100,0,21.39,41.3633333333,18.29
140,0,21.3233333333,41.29,18.29
120,0,21.29,41.2,18.29
120,0,21.23,41.0666666667,18.29
140,0,21.2,40.9,18.2
120,0,21.2,40.9,18.2
130,10,21.2,40.79,18.2
80,10,21.1333333333,40.79,18.2
70,0,21.2,41.2333333333,18.2
70,10,21.175,41.875,18.2
70,0,21.1666666667,42.06,18.23
100,0,21.1,42.09,18.29
100,0,21.1,42.09,18.23
100,0,21.0666666667,41.9666666667,18.29
70,10,21.0,41.9666666667,18.29
70,0,20.9633333333,42.1266666667,18.29
70,0,20.89,42.26,18.29
70,0,20.89,42.29,18.29
60,0,20.89,42.29,18.29
50,0,20.79,42.2,18.29
30,0,20.79,42.26,18.29
20,0,20.79,42.29,18.29
50,0,20.73,42.29,18.29
40,0,20.7,42.26,18.29
40,0,20.7,42.2,18.29
50,0,20.7,42.23,18.29
40,0,20.6333333333,42.1566666667,18.29
50,0,20.6,42.1266666667,18.29
40,0,20.6,42.1175,18.29
50,0,20.6,42.09,18.29
50,0,20.5,42.09,18.29
40,0,20.5,42.09,18.29
50,0,20.5,42.09,18.3566666667
40,0,20.4266666667,42.03,18.39
40,0,20.4633333333,42.06,18.39
50,0,20.39,42.0,18.3233333333
50,0,20.39,42.0,18.39
50,0,20.39,42.0,18.39
50,0,20.3566666667,41.9666666667,18.39
40,0,20.29,41.9,18.39
20,0,20.29,41.9,18.39
20,0,20.29,41.9,18.39
20,0,20.29,41.9,18.39
40,0,20.29,41.9,18.39
50,0,20.2,41.7,18.39
60,0,20.2,41.7,18.39
40,0,20.2,41.7,18.39
50,0,20.2,41.7,18.39
40,0,20.1333333333,41.7,18.39
40,0,20.1,41.6266666667,18.39
50,0,20.1,41.6266666667,18.39
40,0,20.1,41.59,18.39
50,0,20.0333333333,41.53,18.3566666667
50,0,20.1,41.6633333333,18.29
50,0,20.0333333333,41.53,18.39
40,0,20.0,41.53,18.39
40,0,20.0,41.59,18.39
40,0,20.0,41.59,18.39
40,0,19.9266666667,41.59,18.3566666667
50,0,19.89,41.59,18.29
30,0,19.89,41.59,18.29
30,0,19.89,41.7,18.29
30,10,19.89,41.7,18.3566666667
40,10,19.89,41.7,18.39
60,20,19.89,41.8333333333,18.39
50,30,19.89,42.0,18.39
50,20,19.9175,42.1175,18.39
70,20,20.0,42.43,18.39
60,20,20.1,42.4666666667,18.39
60,10,20.1,42.3266666667,18.3233333333
80,0,20.1,42.29,18.3233333333
60,10,20.1,42.43,18.39
60,20,20.1,42.53,18.39
50,20,20.2266666667,42.7966666667,18.39
50,20,20.6633333333,42.9666666667,18.3233333333
60,10,20.8566666667,42.9,18.3233333333
170,10,20.89,42.5633333333,18.3233333333
350,0,20.8233333333,42.0966666667,18.3233333333
140,0,20.76,41.76,18.3233333333
80,0,20.6333333333,41.5666666667,18.29
50,0,20.6,41.4,18.29
40,0,20.5333333333,41.3266666667,18.29
50,0,20.5,41.29,18.29
60,10,20.4266666667,41.1566666667,18.29
60,30,20.39,41.4,18.23
60,20,20.39,41.62,18.23
80,20,20.4633333333,41.9666666667,18.2
70,20,20.5,42.1266666667,18.2
70,20,20.5,42.2,18.2
90,30,20.5333333333,42.3266666667,18.2
60,30,20.6,42.4,18.2
50,20,20.6,42.5,18.2
470,30,20.6,42.56,18.2
600,10,20.7,42.79,18.2
330,10,20.7,42.79,18.2
260,0,20.6,42.5,18.2
240,0,20.5333333333,42.56,18.2
220,10,20.5,42.6566666667,18.2
260,10,20.5,42.8633333333,18.2
300,20,20.5,43.0966666667,18.2
70,10,20.5,43.49,18.2
60,20,20.4633333333,43.59,18.2
70,20,20.39,43.59,18.2
70,30,20.39,43.73,18.2
110,20,20.39,43.79,18.2
180,20,20.39,43.845,18.2
170,20,20.29,44.03,18.2
50,30,20.29,44.1633333333,18.2
50,20,20.29,44.29,18.26
60,20,20.29,44.29,18.29
60,20,20.29,44.4333333333,18.29
60,20,20.29,44.6933333333,18.29
60,20,20.3233333333,45.23,18.29
70,0,20.39,45.43,18.3566666667
80,10,20.39,45.6333333333,18.29
90,0,20.39,45.4333333333,18.39
90,0,20.39,45.3266666667,18.39
100,0,20.39,45.3266666667,18.39
90,0,20.39,45.26,18.39
100,0,20.39,45.2,18.39
100,0,20.39,45.2666666667,18.39
120,0,20.39,45.5266666667,18.39
120,0,20.39,45.73,18.39
120,0,20.39,45.8633333333,18.39
110,0,20.39,45.95,18.39
100,0,20.39,46.03,18.3233333333
100,0,20.4633333333,46.1633333333,18.39
80,0,20.4266666667,46.1266666667,18.39
110,0,20.5,46.2,18.3566666667
90,0,20.5,46.23,18.3566666667
90,10,20.5,46.3633333333,18.3233333333
350,0,20.5,46.4,18.39
530,10,20.5,46.2666666667,18.29
500,30,20.5,46.7333333333,18.3566666667
100,0,20.5,48.26,18.29
110,10,20.6,48.9,18.3566666667
120,20,20.6,48.4266666667,18.445
370,30,20.5333333333,48.4266666667,18.5
210,20,20.6666666667,48.9,18.5
110,20,20.79,48.79,18.39
100,20,20.79,48.5966666667,18.39
100,20,20.89,48.1633333333,18.39
100,20,20.89,47.89,18.39
100,20,20.89,47.545,18.39
100,20,21.0,47.3633333333,18.39
100,20,21.0666666667,47.29,18.39
110,20,21.1,47.1633333333,18.39
110,30,21.1,47.09,18.39
80,10,21.2,46.9666666667,18.39
230,0,21.2,46.8266666667,18.39
420,10,21.1666666667,46.0633333333,18.3233333333
240,0,21.0333333333,45.5966666667,18.3566666667
70,0,20.9633333333,45.26,18.29
70,0,20.89,45.0666666667,18.29
70,20,20.79,44.76,18.29
60,20,20.79,44.8333333333,18.29
60,20,20.79,45.0,18.29
60,30,20.8566666667,45.4,18.29
50,20,20.89,45.6266666667,18.29
60,20,20.9633333333,45.7,18.29
50,20,21.0,45.79,18.29
50,20,21.0,45.8633333333,18.29
60,30,21.1,46.09,18.29
70,20,21.2,46.2,18.29
60,20,21.1333333333,46.26,18.29
60,20,21.2,46.29,18.29
40,10,21.2,46.29,18.29
20,0,21.2,46.1633333333,18.29
20,0,21.2,46.03,18.29
20,0,21.1,45.9,18.29
30,0,21.0333333333,45.8266666667,18.29
50,0,20.9633333333,45.79,18.29
50,0,20.89,45.8633333333,18.29
50,0,20.8566666667,45.8633333333,18.29
40,0,20.79,45.79,18.29
40,0,20.7,45.9,18.29
40,0,20.7,45.9,18.3566666667
50,0,20.6666666667,45.8633333333,18.39
50,0,20.6,45.79,18.39
50,0,20.5666666667,45.79,18.39
50,0,20.5,45.8633333333,18.39
50,0,20.5,45.8266666667,18.39
40,0,20.5,45.925,18.39
50,0,20.4266666667,45.9333333333,18.39
40,0,20.39,45.9,18.39
40,0,20.39,45.9666666667,18.39
50,0,20.39,46.0,18.39
40,0,20.3233333333,46.0,18.39
40,0,20.29,46.09,18.4633333333
30,0,20.29,46.1633333333,18.5
20,0,20.29,46.2,18.5
40,0,20.23,46.1266666667,18.5
40,0,20.2,46.09,18.5
40,0,20.2,46.09,18.5
40,0,20.2,46.09,18.5
50,0,20.2,46.1633333333,18.5
50,0,20.1,46.23,18.5
50,0,20.1666666667,46.29,18.5
50,0,20.1,46.29,18.5
40,0,20.1,46.29,18.5
50,0,20.1,46.29,18.5
40,0,20.075,46.345,18.5
40,0,20.0666666667,46.3633333333,18.6
40,0,20.0666666667,46.4,18.6
50,0,20.0,46.4,18.5333333333
50,0,20.0,46.4,18.6
50,0,20.0,46.4,18.6
40,10,20.0,46.4333333333,18.6
50,20,20.0,46.5,18.6
30,10,19.9633333333,46.5,18.6
20,0,19.9633333333,46.56,18.6
50,0,19.9266666667,46.7,18.6
20,0,19.9266666667,46.7,18.6
60,10,19.89,46.79,18.6
50,0,19.89,46.8633333333,18.6
60,0,19.89,46.9,18.6
60,0,19.89,46.9,18.6
60,0,19.89,46.9,18.6
50,0,19.89,46.9,18.6
40,0,19.89,46.9,18.6
50,0,19.865,46.9,18.6
40,0,19.79,46.8266666667,18.6
60,0,19.79,46.8266666667,18.6
50,0,19.79,46.8266666667,18.6
50,0,19.79,46.79,18.6
40,0,19.79,46.79,18.5333333333
40,0,19.79,46.9333333333,18.5333333333
50,0,19.79,47.0,18.5333333333
20,0,19.79,47.09,18.6
20,10,19.79,47.1633333333,18.5
40,10,19.79,47.29,18.5
40,0,19.79,47.29,18.5
60,0,19.79,47.4333333333,18.5666666667
70,0,19.79,47.5,18.5
60,0,19.79,47.53,18.5
150,0,19.79,47.59,18.5666666667
70,0,19.8566666667,47.6633333333,18.5333333333
60,10,19.8566666667,47.7233333333,18.6
80,0,19.89,47.8266666667,18.5666666667
70,0,19.89,47.845,18.5666666667
70,0,19.89,47.9,18.6
70,0,19.89,47.9,18.6
60,0,19.89,47.9,18.6
60,0,19.89,47.9,18.6
70,0,19.89,47.9,18.6
40,0,19.89,47.9333333333,18.6
40,0,19.89,48.06,18.6
50,0,20.0,48.6266666667,18.6
50,0,20.0666666667,48.7,18.6
50,0,20.1333333333,48.56,18.6
40,10,20.2,48.5,18.7
30,0,20.2,48.4,18.7
30,0,20.2,48.3266666667,18.7
20,0,20.29,48.4,18.6666666667
30,0,20.29,48.3266666667,18.6666666667
50,0,20.29,48.26,18.6
60,0,20.29,48.2,18.6
60,0,20.3566666667,48.1633333333,18.6
50,0,20.29,47.9975,18.6
60,0,20.29,47.8266666667,18.6
50,0,20.2,47.7,18.6
50,10,20.2,47.6266666667,18.6
50,10,20.1,47.59,18.6
50,10,20.1,47.59,18.6
50,0,20.1,47.59,18.6
60,0,20.1,47.59,18.6
60,0,20.0,47.5,18.6
50,0,20.0,47.5,18.6
50,0,20.1,47.59,18.6
80,0,20.1,47.6633333333,18.6
80,0,20.1,47.73,18.6
90,0,20.1,47.8633333333,18.6
90,0,20.1,47.9333333333,18.5333333333
100,0,20.1,48.0,18.6
150,0,20.1,48.09,18.6
540,0,20.1666666667,48.1633333333,18.6
370,0,20.1333333333,48.23,18.6
180,0,20.2,48.8475,18.6
150,0,20.2,50.2333333333,18.6
220,10,20.2,50.76,18.6
100,10,20.2,50.7,18.6
100,10,20.2,50.86,18.6
120,20,20.26,51.0,18.6
100,10,20.29,50.93,18.6
90,30,20.29,50.6566666667,18.6
100,20,20.3233333333,50.6633333333,18.6
110,20,20.39,50.53,18.6
100,10,20.5333333333,50.1933333333,18.6
70,0,20.6,49.7266666667,18.6
80,10,20.6,49.3333333333,18.6
80,0,20.6,48.8,18.6
80,0,20.5,48.43,18.6
70,0,20.5,48.23,18.6
80,0,20.39,47.8633333333,18.6
60,0,20.39,47.73,18.6
80,0,20.39,47.56,18.6
70,0,20.3233333333,47.4333333333,18.5333333333
60,10,20.29,47.245,18.6
60,20,20.29,47.2666666667,18.6
50,0,20.3566666667,47.7333333333,18.6
50,0,20.39,47.9,18.6666666667
50,0,20.39,47.9,18.7
30,0,20.3233333333,47.9,18.7
20,0,20.3233333333,47.9,18.7
20,0,20.29,47.9,18.7
30,0,20.23,47.8266666667,18.7
40,0,20.2,47.79,18.7
50,0,20.2,47.79,18.7
60,0,20.2,47.79,18.7
50,0,20.1333333333,47.79,18.76
40,0,20.1,47.7,18.76
50,0,20.1,47.7,18.76
40,0,20.0333333333,47.59,18.79
50,0,20.0333333333,47.53,18.79
40,0,20.0,47.5,18.79
50,0,20.0,47.5,18.79
50,0,20.0,47.5,18.79
50,0,19.9633333333,47.4333333333,18.79
50,0,19.89,47.4333333333,18.79
40,0,19.89,47.4,18.79
40,0,19.89,47.4,18.79
40,0,19.89,47.4,18.79
40,0,19.89,47.4,18.79
50,0,19.89,47.4,18.79
50,0,19.8233333333,47.3266666667,18.8233333333
50,0,19.79,47.29,18.8233333333
50,0,19.79,47.23,18.79
40,0,19.79,47.2,18.815
50,0,19.79,47.2,18.89
40,0,19.76,47.1633333333,18.8233333333
40,0,19.76,47.09,18.89
50,0,19.7,47.09,18.89
30,0,19.7,47.09,18.89
30,0,19.7,47.09,18.89
30,0,19.7,47.09,18.89
40,0,19.7,47.09,18.89
50,0,19.7,47.06,18.89
40,0,19.6333333333,47.0,18.89
40,0,19.6333333333,47.03,18.89
50,0,19.6333333333,46.9633333333,18.89
40,0,19.6,46.9,18.89
50,0,19.6,46.9,18.89
50,0,19.6,46.9,18.89
50,0,19.6,46.9,18.89
50,0,19.6,46.9,18.89
50,0,19.6,46.9,18.9633333333
40,0,19.6,46.79,18.9175
40,0,19.5333333333,46.79,19.0
50,0,19.5,46.79,18.9266666667
40,0,19.5,46.79,18.9266666667
50,0,19.5,46.79,18.89
50,0,19.5,46.79,18.9633333333
60,0,19.5,46.79,19.0
40,0,19.5,46.79,18.9266666667
50,0,19.5,46.745,19.0
40,0,19.5,46.7,18.9266666667
40,0,19.4266666667,46.6266666667,19.0
40,0,19.39,46.59,19.0
40,0,19.39,46.59,19.0
50,0,19.39,46.59,19.0
50,0,19.39,46.59,19.0
50,0,19.39,46.59,19.0
50,0,19.39,46.59,19.0
60,10,19.39,46.59,19.0
20,0,19.39,46.59,19.0
20,0,19.39,46.5,19.0
30,0,19.39,46.4333333333,19.0
40,10,19.39,46.29,19.0
50,20,19.39,46.3633333333,19.0
60,0,19.3566666667,46.5,19.0
60,0,19.29,46.4333333333,19.0
60,0,19.39,46.9266666667,18.9633333333
60,10,19.39,47.26,18.89
40,0,19.8,47.45,18.89
50,0,20.2,46.8333333333,18.89
40,0,20.1333333333,46.36,18.89
50,0,20.0666666667,46.1333333333,18.89
60,0,20.0,46.0,18.89
60,0,20.0,46.03,18.89
70,0,20.0,46.1633333333,18.89
70,0,19.89,46.29,18.89
70,0,19.89,46.3633333333,18.89
90,0,19.89,46.4,18.89
80,0,19.89,46.4666666667,18.89
80,0,19.89,46.53,18.89
70,0,19.89,46.59,18.89
60,0,19.89,46.6266666667,18.89
70,10,19.89,46.8333333333,18.89
70,0,19.8233333333,46.86,18.89
70,0,19.8233333333,46.8,18.89
50,0,19.79,46.7233333333,18.89
50,0,19.79,46.53,18.89
50,0,19.79,46.345,18.89
50,10,19.76,46.06,18.89
60,0,19.7,45.9333333333,18.89
60,0,19.7,45.9,18.89
80,0,19.7,45.9,18.89
70,0,19.7,45.9,18.89
70,0,19.7,45.9,18.89
70,0,19.7,45.9,18.89
60,0,19.7,45.9,18.89
190,0,19.7,45.8633333333,18.89
340,0,19.7,45.79,18.89
360,0,19.7,45.8266666667,18.89
140,0,19.7,45.9,18.89
70,0,19.7,45.9633333333,18.89
160,0,19.7,46.2233333333,18.89
420,0,19.7,46.59,18.89
230,0,19.7,46.4633333333,18.89
440,0,19.6333333333,46.29,18.89
240,0,19.6333333333,46.03,18.89
460,0,19.6,45.745,18.89
90,0,19.6,45.79,18.8233333333
240,0,19.6,45.79,18.89
250,0,19.6,45.8266666667,18.8233333333
90,0,19.6,45.9,18.89
80,0,19.6,46.0,18.8233333333
90,0,19.6,46.06,18.79
80,0,19.5,46.09,18.79
370,10,19.5,46.1633333333,18.79
270,10,19.5,46.06,18.79
70,10,19.5,45.9333333333,18.79
90,0,19.5,45.79,18.79
100,10,19.5,45.79,18.79
90,10,19.39,45.7,18.73
110,10,19.39,45.6266666667,18.79
100,0,19.39,45.4666666667,18.79
90,0,19.39,45.3266666667,18.73
90,0,19.39,45.26,18.73
100,0,19.3233333333,45.2,18.79
90,10,19.29,45.045,18.76
100,10,19.29,45.0,18.76
100,20,19.29,45.0,18.7
90,20,19.29,44.8633333333,18.7
90,20,19.29,44.79,18.7
90,30,19.29,44.76,18.7
90,30,19.29,44.7,18.7
110,10,19.26,44.56,18.7
80,10,19.2,44.56,18.7
100,10,19.26,44.5266666667,18.7
90,0,19.2,44.4,18.7
90,0,19.2,44.26,18.7675
80,0,19.2,44.2,18.8566666667
70,10,19.2,44.09,18.89
70,0,19.2,44.09,18.9633333333
70,0,19.2,44.09,19.0
70,0,19.2,44.09,19.0
80,0,19.2,44.2,19.0
80,0,19.2,44.2,19.0
80,0,19.2,44.245,19.0
60,0,19.2,44.4,19.0
30,0,19.2,44.4,18.9266666667
20,0,19.1666666667,44.4,19.0
20,0,19.1666666667,44.4,19.0
40,0,19.1,44.4333333333,19.0
50,0,19.1,44.5,19.0
50,0,19.1,44.5,19.0
50,0,19.1,44.5,19.0
50,0,19.1,44.59,19.0
50,0,19.1,44.59,19.0
40,0,19.1,44.59,19.025
40,0,19.1,44.53,19.0333333333
40,0,19.1,44.59,19.1
40,0,19.1,44.59,19.1
40,0,19.1,44.56,19.1
50,0,19.1,44.56,19.1
40,0,19.1,44.59,19.1
50,0,19.1,44.59,19.1
50,0,19.1,44.59,19.1
40,0,19.1,44.59,19.1
40,0,19.1,44.59,19.1
40,0,19.0666666667,44.6633333333,19.1
40,0,19.0666666667,44.6633333333,19.1
40,0,19.0666666667,44.7,19.1
50,0,19.0,44.7,19.1
50,0,19.0,44.73,19.1
50,0,19.0,44.79,19.2
50,0,19.0,44.8266666667,19.2
40,0,19.0,44.9,19.2
50,0,19.0,44.9333333333,19.15
40,0,19.0,45.0,19.2
40,0,19.0,45.09,19.2
40,0,19.0,45.1633333333,19.2
50,0,19.0,45.23,19.2
50,0,19.0,45.29,19.2
50,0,19.0,45.29,19.2
30,0,18.9266666667,45.3633333333,19.2
30,0,19.0,45.5,19.2
20,0,18.89,45.5,19.2
20,0,18.9633333333,45.5,19.2
40,0,19.0,45.5,19.2
40,0,18.9266666667,45.5,19.2
50,0,18.89,45.5,19.2
50,0,18.89,45.5,19.2
50,0,18.89,45.5,19.2
50,0,18.89,45.5,19.2
40,0,18.89,45.5,19.2
40,0,18.89,45.5,19.2
50,0,18.89,45.5,19.2
40,0,18.89,45.5,19.29
40,0,18.89,45.5,19.29
50,0,18.89,45.4333333333,19.29
40,0,18.89,45.4333333333,19.29
80,0,18.8233333333,45.36,19.29
50,0,18.8566666667,45.3633333333,19.29
40,10,18.8566666667,45.29,19.23
40,0,18.79,44.995,19.2
80,0,18.79,44.8333333333,19.26
60,10,18.79,44.7,19.2
40,0,18.79,44.56,19.2
50,0,18.79,44.5,19.2
50,0,18.79,44.4,19.2
30,0,18.79,44.3266666667,19.2
30,10,18.79,44.29,19.2
20,0,18.79,44.23,19.2
20,0,18.79,44.1633333333,19.2
40,0,18.79,44.09,19.2
40,0,18.79,44.09,19.2
60,0,18.79,44.03,19.2
50,0,18.79,43.9,19.1666666667
60,10,18.79,43.9,19.1666666667
50,0,18.79,43.8633333333,19.1
40,0,18.79,43.73,19.1
100,0,18.79,43.7,19.2
130,0,18.79,43.595,19.1333333333
40,0,18.79,43.4333333333,19.2
40,0,18.79,43.4,19.1333333333
50,0,18.79,43.3266666667,19.1
50,0,18.79,43.2,19.1
50,0,18.79,43.1266666667,19.1
40,0,18.79,43.06,19.1
50,0,18.79,43.0,19.2
40,0,18.8233333333,42.7,19.2
60,0,18.89,42.6266666667,19.2
140,0,18.89,42.56,19.2
60,0,18.89,42.56,19.2
50,10,18.89,42.3525,19.2
50,0,18.89,42.145,19.2
30,0,18.89,42.2,19.2
50,0,18.89,42.23,19.2
40,0,18.8233333333,42.23,19.2
40,10,18.79,42.2,19.2
70,10,18.79,42.2,19.2
90,0,18.84,42.05,19.2
70,0,18.89,41.56,19.2
80,10,18.89,41.4333333333,19.2
70,0,19.0,41.2233333333,19.2
90,0,19.0,41.03,19.26
90,0,19.0,40.9333333333,19.29
80,0,19.0,40.9333333333,19.29
70,0,19.0,40.9333333333,19.29
90,10,19.0,41.0,19.29
100,0,19.0,41.09,19.2
100,10,18.9266666667,41.1633333333,19.2
100,20,18.89,41.29,19.2
110,10,18.89,41.3633333333,19.2
120,20,18.89,41.4333333333,19.2
250,10,18.89,41.4333333333,19.2
160,10,18.8566666667,41.3633333333,19.2
80,10,18.79,41.29,19.2
60,10,18.79,41.29,19.2
60,10,18.79,41.29,19.1
70,10,18.79,41.245,19.1
390,10,18.7,41.2,19.1
350,10,18.7,41.2,19.1
270,10,18.7,41.09,19.0666666667
260,0,18.7,41.09,19.0
180,10,18.7,41.06,19.1
100,10,18.7,41.0,19.1
280,0,18.7,41.0,19.1
260,0,18.7,40.9333333333,19.0333333333
280,0,18.6,40.79,19.0
100,10,18.6,40.73,19.0
260,20,18.6,40.73,19.0
190,30,18.7933333333,40.99,19.0
100,20,19.5566666667,40.9666666667,19.0
100,20,20.1566666667,40.7666666667,19.0
90,30,20.26,40.5,19.0
140,20,20.2,40.6333333333,19.0
430,20,20.1,41.03,19.0
250,20,20.1,41.09,18.89
90,20,20.1,41.09,18.89
100,30,20.1966666667,41.26,18.89
90,20,20.7233333333,41.2,18.89
90,20,21.2,40.66,18.89
90,20,21.2,40.4666666667,18.89
70,30,21.1,40.8266666667,18.89
60,20,21.0333333333,40.9,18.89
60,20,20.9633333333,41.2666666667,18.89
60,30,20.89,41.5266666667,18.89
60,20,20.89,41.73,18.89
70,20,20.8233333333,41.79,18.89
80,20,20.89,42.0666666667,18.89
90,30,21.0966666667,42.2,18.89
90,20,21.7333333333,42.0266666667,18.89
90,20,22.1933333333,41.7666666667,18.89
80,20,22.8,41.6633333333,18.89
50,10,23.0,41.39,18.89
20,0,22.7266666667,41.23,18.8233333333
40,0,22.5333333333,41.43,18.89
40,0,22.26,41.53,18.89
50,0,22.0725,41.6725,18.89
50,0,21.8233333333,41.7,18.89
50,0,21.6666666667,41.79,18.89
40,0,21.5333333333,41.8633333333,18.89
50,0,21.3566666667,41.9333333333,18.89
40,0,21.29,42.06,18.89
50,0,21.1666666667,42.1266666667,18.89
50,0,21.1,42.26,18.89
50,0,20.9633333333,42.3266666667,18.89
50,0,20.89,42.4,18.89
40,0,20.79,42.4333333333,18.89
40,0,20.73,42.5,18.9633333333
40,0,20.6666666667,42.59,18.945
40,0,20.6,42.59,19.0
50,0,20.5,42.73,19.0
50,0,20.5,42.79,19.0
50,0,20.39,42.79,19.0
50,0,20.39,42.8633333333,19.0
40,0,20.29,42.9333333333,19.0
40,0,20.2675,43.045,19.0
50,0,20.2,43.06,19.0
40,0,20.1666666667,43.23,19.0
40,0,20.1,43.29,19.0
50,0,20.1,43.4,19.0
50,0,20.1,43.4666666667,19.0
50,0,20.0,43.4333333333,19.0
50,0,20.0,43.5,19.0
40,0,20.0,43.53,19.0
20,0,19.9266666667,43.59,19.0
30,0,19.89,43.7,19.0
20,0,19.89,43.76,19.0666666667
40,0,19.89,43.79,19.1
40,0,19.89,43.79,19.0333333333
50,0,19.79,43.8266666667,19.1
50,0,19.79,43.9,19.0
60,0,19.79,43.9,19.0666666667
50,0,19.79,43.9666666667,19.0666666667
40,0,19.7,43.9333333333,19.0666666667
40,0,19.7,44.045,19.1
40,0,19.7,44.06,19.1
50,0,19.7,44.09,19.1
40,0,19.6333333333,44.03,19.1
60,20,19.6,44.09,19.1
80,10,19.6666666667,44.2966666667,19.1
70,0,20.13,44.3633333333,19.1
90,0,20.53,44.1566666667,19.1
70,0,20.86,43.8633333333,19.1
60,20,21.1333333333,43.79,19.1
60,20,21.3233333333,43.6,19.1
60,20,21.39,43.1933333333,19.1
60,30,21.4633333333,43.0266666667,19.0
60,20,21.39,42.9,19.0
300,20,21.39,42.8633333333,19.0
360,30,21.3233333333,42.8633333333,19.0
160,20,21.29,42.79,19.0
110,20,21.29,42.79,19.0
80,30,21.29,42.79,19.0
80,0,21.29,42.8175,19.0
70,0,21.23,42.6333333333,19.0
80,0,21.2,42.26,19.0
100,0,21.1333333333,42.1266666667,19.0
160,20,21.0,41.79,18.9266666667
710,20,21.0,41.8633333333,19.0
660,0,20.9266666667,42.03,18.9266666667
300,0,21.0,42.43,18.9266666667
300,0,21.0,42.73,18.9266666667
290,0,21.0,42.79,19.0
250,0,21.0,42.8266666667,19.0
300,0,21.0,42.9666666667,19.0
370,0,21.0,43.1566666667,19.0
190,10,21.0,43.29,19.0
110,0,21.0,43.26,19.0
80,0,21.0,43.1266666667,19.0
90,0,21.0,43.09,19.0
90,0,21.0,42.9633333333,19.0
350,0,21.0,43.0,19.0
750,20,21.0,43.0,19.0
520,20,21.0,42.995,19.0
350,30,21.0333333333,43.1266666667,19.0
290,20,21.1,43.2,19.0
260,20,21.1,43.23,19.0
230,30,21.1666666667,43.43,19.0
200,20,21.2,43.4666666667,19.0
80,20,21.26,43.4,19.0
120,20,21.3233333333,43.1933333333,19.0
220,30,21.39,42.9333333333,19.0
700,20,21.39,42.76,19.0
610,20,21.39,42.6266666667,19.0
370,30,21.39,42.59,19.0
280,20,21.39,42.59,19.0
280,20,21.5,42.56,19.0
280,20,21.5,42.5,19.0
260,30,21.5,42.4666666667,19.0
140,20,21.5,42.4,19.0
140,20,21.5,42.3633333333,19.0
100,20,21.5,42.29,19.0
120,0,21.5,42.145,19.0
120,0,21.5,42.0,19.0
100,10,21.4266666667,42.0,19.0
150,0,21.39,42.09,19.0
480,0,21.3233333333,42.1633333333,19.0
320,0,21.29,42.23,19.0
300,0,21.23,42.29,19.0
280,0,21.2,42.3266666667,18.89
390,10,21.2,42.4,18.89
480,20,21.1,42.53,18.89
460,20,21.1,42.6633333333,18.89
380,20,21.2,43.0666666667,18.89
370,30,21.26,43.86,18.89
420,10,21.3233333333,44.7266666667,18.89
100,10,21.39,45.1933333333,18.89
90,10,21.39,44.7633333333,18.89
90,0,21.3233333333,44.03,18.89
90,10,21.26,43.3333333333,18.89
80,0,21.2,42.8,18.89
90,10,21.1666666667,42.3333333333,18.89
150,30,21.125,42.5725,18.89
100,20,21.26,43.6233333333,18.89
100,20,21.4266666667,43.79,18.89
90,30,21.5666666667,43.79,18.89
80,20,21.6,43.6633333333,18.8566666667
100,20,21.6,43.53,18.8566666667
90,20,21.6,43.29,18.89
90,30,21.6,43.23,18.89
70,30,21.6,43.0,18.79
90,30,21.6,42.9333333333,18.79
70,20,21.7,43.0,18.79
90,0,21.7,42.9333333333,18.79
70,30,21.6,42.79,18.79
60,20,21.6,42.93,18.8233333333
70,20,21.6,43.4633333333,18.89
60,20,21.6,43.7233333333,18.89
60,20,21.6,44.03,18.89
60,20,21.6666666667,44.2233333333,18.89
50,30,21.7,44.29,18.89
60,20,21.7,44.3725,18.89
60,20,21.7,44.4,18.89
60,20,21.79,44.4,18.89
50,0,21.79,44.4,18.89
50,0,21.7,44.09,18.89
50,0,21.6333333333,43.9633333333,18.89
50,0,21.5666666667,43.76,18.89
40,0,21.4266666667,43.6266666667,18.9633333333
50,0,21.39,43.59,18.89
40,0,21.39,43.59,18.89
40,0,21.29,43.5,18.945
60,0,21.23,43.4333333333,18.9633333333
50,0,21.1666666667,43.4,18.89
50,0,21.1,43.4,19.0
50,0,21.0666666667,43.3633333333,19.0
40,0,21.0,43.29,19.0
40,0,21.0,43.29,19.0
50,0,20.9266666667,43.29,19.0
40,0,20.89,43.29,19.0
50,0,20.865,43.2675,19.0
40,0,20.79,43.2,19.0
30,0,20.79,43.2,19.0
30,0,20.73,43.2,19.0
30,0,20.7,43.2,19.0
30,0,20.7,43.2,19.0
50,0,20.6666666667,43.1633333333,19.0
40,0,20.6,43.09,19.0
40,0,20.6,43.0,19.0333333333
50,0,20.6,43.0,19.0333333333
40,0,20.5,43.0,19.1
50,0,20.5,43.0,19.0666666667
40,0,20.5,43.0,19.0666666667
50,0,20.5,43.0,19.0666666667
50,0,20.39,42.9,19.0
40,0,20.39,42.9,19.1
50,0,20.39,42.9,19.1
50,0,20.39,42.9,19.1
40,0,20.39,42.9,19.1
40,0,20.39,42.9,19.1
50,0,20.29,42.845,19.1
50,0,20.29,42.79,19.1
50,0,20.29,42.79,19.1
50,0,20.26,42.76,19.1
40,0,20.2,42.7,19.1
50,0,20.2,42.7,19.1
40,0,20.2,42.7,19.1
50,0,20.2,42.7,19.1
40,0,20.2,42.7,19.1
40,30,20.1666666667,42.7,19.1
50,20,20.1666666667,42.8333333333,19.1
70,10,20.23,43.36,19.1
60,0,20.23,43.4333333333,19.1
50,0,20.2,43.5,19.1
50,0,20.2,43.5,19.1
40,0,20.2,43.5,19.1
40,0,20.1333333333,43.5,19.1
40,0,20.1333333333,43.53,19.1
70,0,20.1333333333,43.59,19.1
70,0,20.1,43.645,19.1
360,0,20.1,43.59,19.0
190,0,20.1,43.53,19.0
150,0,20.0666666667,43.43,19.0
120,0,20.0,43.29,19.0
80,0,20.0333333333,43.3266666667,19.0
60,0,20.1,43.3266666667,19.0
180,10,20.0,43.09,19.0
180,0,20.0,43.09,19.0
480,0,20.0,43.0,19.0
530,0,20.0,43.0,19.05
220,0,20.0,42.9333333333,19.0666666667
120,0,19.9266666667,43.06,19.0
110,0,19.89,43.09,19.0
100,0,19.89,43.03,19.0
110,0,19.89,42.9666666667,19.0
100,10,19.89,42.9,19.0
130,0,19.8566666667,42.8333333333,19.0
170,0,19.79,42.7,19.0
560,0,19.79,42.645,19.0
430,0,19.79,42.59,19.0
360,0,19.79,42.53,19.0
350,0,19.79,42.5,19.0
330,0,19.79,42.5,19.0
280,0,19.73,42.5,19.0
220,0,19.79,42.5,19.0
150,0,19.79,42.4666666667,19.0
120,0,19.73,42.4,19.0
120,0,19.7,42.3633333333,19.0
140,0,19.7,42.29,19.0
120,0,19.7,42.29,19.0
130,0,19.7,42.23,19.0
130,0,19.7,42.2,19.0
130,0,19.6333333333,42.1266666667,19.0
130,0,19.6333333333,42.1266666667,19.0
120,0,19.7,42.2,19.0
160,0,19.6666666667,42.1333333333,19.0
240,0,19.6,42.0,19.0
220,0,19.6,41.9,19.0
200,0,19.6,41.76,19.0
210,0,19.6,41.7,19.0
160,0,19.6,41.56,19.0
110,0,19.5333333333,41.4333333333,19.0
100,0,19.5,41.3633333333,19.0
110,0,19.5,41.29,19.0
110,0,19.5,41.09,19.0
120,0,19.5,41.09,19.0
120,0,19.5,41.0,19.0
120,0,19.5,41.0,19.0
130,0,19.5,40.9666666667,19.0
140,0,19.5,40.9666666667,19.0
130,10,19.4633333333,40.8633333333,19.0
120,30,19.39,40.79,19.0
120,20,19.39,40.7,19.0
130,20,19.39,40.7,19.0
120,20,19.39,40.7,19.0
120,20,19.39,40.7,19.0
140,20,19.39,40.7,19.0
120,20,19.39,40.7,19.0
270,10,19.39,40.7,19.0666666667
650,10,19.39,40.59,19.0
690,10,19.3233333333,40.59,19.0666666667
340,10,19.29,40.59,19.0666666667
100,10,19.29,40.59,19.0
120,10,19.29,40.5,19.0666666667
140,20,19.29,40.5,19.0666666667
150,20,19.29,41.03,19.1
150,10,19.3566666667,42.4233333333,19.1
160,20,19.39,42.79,19.1
140,10,19.39,42.6566666667,19.0
150,10,19.39,42.43,19.0
150,10,19.39,42.1566666667,19.0
140,10,19.29,41.8333333333,19.0
150,10,19.29,41.6266666667,18.9266666667
130,20,19.29,41.3633333333,19.0
130,10,19.29,41.23,18.89
130,0,19.29,40.995,18.89
130,0,19.29,40.8633333333,18.89
140,0,19.29,40.73,18.89
130,0,19.2,40.56,18.8233333333
130,0,19.2,40.5,18.89
100,10,19.2,40.4,18.8566666667
90,10,19.2,40.3266666667,18.79
80,0,19.2,40.4,18.79
70,0,19.2,40.4666666667,18.79
60,0,19.2,40.5,18.79
70,0,19.2,40.56,18.84
70,0,19.1,40.59,18.8566666667
80,0,19.1,40.6633333333,18.89
70,0,19.1,40.7,18.89
70,0,19.1,40.76,18.89
70,0,19.1,40.79,18.89
70,0,19.1,40.79,18.89
80,10,19.1,40.9,18.9633333333
60,0,19.1,40.9,18.89
70,0,19.1,40.9,18.89
70,0,19.1,40.9333333333,18.9266666667
80,0,19.1,41.0,18.9266666667
70,0,19.0333333333,40.9333333333,19.0
70,0,19.0333333333,40.9333333333,19.0
70,0,19.0,40.9,19.0
70,0,19.0,40.9,19.0
60,0,19.0,40.9,19.0
70,0,19.0,40.9,19.0
60,0,18.9266666667,41.0,19.0
70,0,19.0,41.0,19.0
80,0,18.9633333333,41.0,19.0
60,0,18.89,41.0,19.0
80,0,18.89,41.0,19.0
70,0,18.89,41.0,19.0
60,0,18.89,41.0,19.0
70,0,18.89,41.0,19.1
60,0,18.89,41.0,19.1
70,0,18.89,41.0,19.1
60,0,18.89,41.06,19.1
70,0,18.89,41.03,19.0666666667
70,0,18.8233333333,40.9633333333,19.0666666667
70,0,18.79,40.9,19.1
70,0,18.79,40.9666666667,19.1
60,0,18.79,40.9,19.1
60,0,18.79,40.9,19.1
70,0,18.79,40.9333333333,19.1
60,0,18.79,41.0,19.1
60,0,18.76,41.0,19.1
70,0,18.76,41.0,19.1
70,0,18.76,41.0,19.1
70,0,18.7,41.0,19.1
70,0,18.7,41.0,19.1
70,0,18.7,41.0,19.1
70,0,18.7,41.0,19.1
60,0,18.7,41.0,19.1
70,0,18.7,41.0,19.1
60,0,18.675,41.045,19.1
60,0,18.6,41.0,19.1
50,0,18.6,41.0,19.1
60,0,18.6,41.0,19.1
50,0,18.6,41.0,19.1
60,0,18.6,41.06,19.1
70,0,18.6,41.09,19.1
60,0,18.6,41.09,19.1
100,0,18.6,41.09,19.1
80,20,18.6,41.09,19.1
100,20,18.5966666667,41.4566666667,19.1
120,30,19.0633333333,41.93,19.05
110,20,19.7333333333,41.8633333333,19.0333333333
90,0,20.1933333333,41.79,19.0
80,0,20.5333333333,41.5266666667,19.0
90,10,20.5333333333,41.3266666667,19.0
80,0,20.39,40.9666666667,19.0
80,0,20.3233333333,40.9666666667,19.0
80,0,20.1666666667,40.7233333333,19.0
70,0,20.075,40.4975,19.0
80,0,20.0,40.3266666667,19.0
90,0,19.9633333333,40.26,19.0
90,0,19.8233333333,40.2,19.0
150,10,19.79,40.23,19.0
150,0,19.79,40.29,19.0
80,0,19.7,40.4333333333,19.0
70,10,19.7,40.56,19.0666666667
110,10,19.6666666667,40.3633333333,19.1333333333
110,0,19.6,40.29,19.2
90,0,19.5,40.6,19.2
80,0,19.5,41.2666666667,19.2
80,0,19.5666666667,41.43,19.2
80,0,19.5,41.29,19.2
70,10,19.5,41.06,19.2
140,0,19.4266666667,40.86,19.2
70,0,19.39,40.76,19.2
50,0,19.39,40.6266666667,19.1666666667
70,0,19.3566666667,40.5,19.1
60,0,19.29,40.5,19.1666666667
70,0,19.29,40.4333333333,19.1
70,0,19.29,40.4,19.1
60,0,19.29,40.4,19.1
80,10,19.26,40.5,19.1666666667
70,0,19.2,40.56,19.1666666667
60,0,19.2,40.86,19.1
70,0,19.2,41.1933333333,19.1
80,0,19.29,41.4,19.2
120,0,19.29,41.4,19.2
110,0,19.29,41.23,19.2
120,0,19.23,41.1566666667,19.2
110,0,19.2,41.06,19.2
110,0,19.2,41.0,19.2
100,10,19.2,40.9333333333,19.2
110,0,19.2,40.9333333333,19.2
90,0,19.2,41.03,19.2
100,0,19.2,41.09,19.2
110,0,19.1,41.0,19.2
110,0,19.175,41.0675,19.2
100,0,19.1333333333,41.09,19.2
80,0,19.1,41.1266666667,19.2
80,0,19.1,41.2,19.2
80,0,19.1,41.2,19.2
80,0,19.1,41.26,19.2
90,0,19.1,41.29,19.1666666667
80,0,19.0333333333,41.23,19.1
70,0,19.0,41.2,19.1
90,30,19.0,41.2,19.1
120,20,19.0,41.73,19.0666666667
360,20,19.0,41.93,19.0
530,20,19.0,42.1566666667,19.0
620,20,19.0,42.3633333333,19.0
230,10,19.0333333333,42.7266666667,19.0
100,0,19.1,43.3933333333,19.0
100,20,19.1,44.8233333333,19.0
120,20,19.1,45.49,19.0
140,20,19.1,45.79,19.0
100,10,19.125,45.695,19.0
110,20,19.1333333333,45.39,19.0
110,10,19.1333333333,45.0266666667,18.9633333333
140,20,19.1333333333,44.7666666667,18.9633333333
130,10,19.2,44.59,18.89
140,10,19.2,44.59,18.89
150,10,19.2,44.6266666667,18.89
230,0,19.2,44.7,18.89
130,0,19.2,44.79,18.89
130,0,19.2,44.8633333333,18.89
120,0,19.2,45.03,18.89
130,0,19.2,45.09,18.89
110,20,19.2,45.09,18.89
130,20,19.2,45.09,18.89
140,20,19.3233333333,45.73,18.8233333333
150,20,19.39,45.73,18.8233333333
120,30,19.4266666667,45.73,18.89
70,20,19.5,45.79,18.8566666667
80,20,19.6333333333,45.8266666667,18.79
80,30,19.7,45.7225,18.8233333333
70,20,19.7,45.4633333333,18.89
70,20,19.79,45.26,18.8566666667
70,30,19.79,45.2,18.8566666667
70,20,19.89,45.2,18.89
80,20,19.9633333333,45.1266666667,18.89
70,20,20.0,45.0266666667,18.89
60,30,20.0,44.8266666667,18.89
70,20,20.1,44.8633333333,18.89
50,20,20.1,44.73,18.89
30,0,20.1,44.6633333333,18.89
40,0,20.1,44.59,18.89
20,0,20.0,44.3633333333,18.89
60,0,20.0,44.23,18.89
60,0,19.89,44.06,18.89
50,0,19.8233333333,43.9333333333,18.89
50,0,19.76,43.9,18.89
50,0,19.7,43.9,18.89
50,0,19.6666666667,43.8333333333,18.89
50,0,19.6,43.7,18.89
50,0,19.5333333333,43.7,18.89
50,0,19.5,43.7,18.89
60,0,19.5,43.6266666667,18.89
60,0,19.39,43.5,18.89
50,0,19.39,43.5,18.89
60,0,19.3566666667,43.5,18.89
40,0,19.29,43.5,18.89
50,0,19.29,43.5,18.89
50,0,19.29,43.4333333333,18.89
30,0,19.29,43.4,18.89
30,0,19.23,43.3266666667,18.89
40,0,19.2,43.2,18.89
40,0,19.2,43.2,18.89
50,0,19.1666666667,43.2,18.89
50,0,19.1,43.2,18.89
50,0,19.1,43.09,18.89
50,0,19.1,43.09,18.89
40,0,19.1,43.06,18.89
50,0,19.025,42.925,18.89
50,0,19.0,42.9,18.89
50,0,18.9633333333,42.79,18.89
60,0,18.89,42.79,18.89
50,0,18.9633333333,42.79,18.89
40,0,18.89,42.79,18.89
50,0,18.89,42.7,18.89
50,0,18.89,42.7,18.89
50,0,18.89,42.59,18.89
50,0,18.8233333333,42.53,18.89
40,0,18.8566666667,42.4666666667,18.89
30,0,18.79,42.4,18.89
40,0,18.79,42.29,18.89
40,10,18.79,42.29,18.89
60,10,18.79,42.26,18.89
50,0,18.79,42.3333333333,18.89
50,0,18.79,42.53,18.89
50,0,18.79,42.53,18.8566666667
70,0,18.79,42.5,18.79
60,0,18.79,42.5,18.89
60,0,18.73,42.5,18.8233333333
60,0,18.7,42.4,18.8566666667
410,0,18.7,42.3266666667,18.79
70,0,18.7,42.29,18.79
70,0,18.7,42.23,18.79
60,10,18.7,42.29,18.79
100,0,18.7,42.23,18.79
70,0,18.7,42.2,18.79
70,0,18.7,42.2,18.79
80,10,18.7,42.2666666667,18.79
70,0,18.7,42.6,18.79
60,0,18.7,42.26,18.79
50,0,18.7,42.1266666667,18.79
50,0,18.7,41.93,18.79
300,0,18.7,41.73,18.79
440,0,18.7,41.6633333333,18.79
190,10,18.7,41.59,18.79
100,0,18.7,41.645,18.79
90,0,18.7,41.8266666667,18.79
100,0,18.7,41.9,18.73
100,0,18.7,42.03,18.7
90,10,18.7,42.03,18.7
100,0,18.7,42.0,18.7
110,0,18.7,42.0,18.7
160,0,18.7,42.0,18.7
160,0,18.7,42.3333333333,18.7
110,0,18.79,42.7,18.7
90,0,18.79,42.7,18.7
80,0,18.76,42.73,18.7
60,0,18.76,42.79,18.7
70,30,18.8233333333,42.8,18.7
80,20,19.1566666667,43.3333333333,18.7
120,20,20.0933333333,43.3333333333,18.7
120,30,20.8333333333,42.7933333333,18.7
120,20,21.0,42.4333333333,18.7
110,10,20.9266666667,42.56,18.7
100,10,20.745,42.29,18.7
90,10,20.5666666667,42.4633333333,18.6333333333
100,20,20.5,42.7233333333,18.7
200,10,20.4633333333,42.7233333333,18.7
210,20,20.3233333333,42.59,18.6333333333
110,10,20.29,42.56,18.7
120,20,20.29,42.4333333333,18.7
110,10,20.2,42.29,18.7
110,10,20.2,42.29,18.7
100,20,20.1,42.29,18.7
120,10,20.1,42.3633333333,18.7
110,20,20.0,42.4333333333,18.7
110,0,20.0,42.56,18.7
110,0,19.89,42.7666666667,18.7
100,0,19.89,43.1,18.7
130,0,19.89,43.1333333333,18.7
120,10,19.89,42.9333333333,18.7
110,0,19.79,42.7233333333,18.6333333333
100,0,19.79,42.4633333333,18.6666666667
100,0,19.7,42.45,18.6
380,0,19.7,42.6266666667,18.6
350,0,19.7,42.7,18.6
290,30,19.7,42.8266666667,18.6
390,20,19.76,43.3,18.6
690,10,19.8233333333,43.89,18.6
270,0,19.89,44.03,18.6
750,30,19.89,43.73,18.6
130,10,19.89,44.79,18.6
120,10,20.0,47.1666666667,18.6
120,10,20.0666666667,47.6333333333,18.6
130,30,20.1,47.6633333333,18.6
130,10,20.1,47.53,18.575
130,0,20.2,46.99,18.5666666667
120,10,20.1333333333,46.5966666667,18.5333333333
120,0,20.1,46.2233333333,18.5333333333
130,30,20.1,45.9633333333,18.5
120,30,20.1333333333,45.6333333333,18.5
130,20,20.26,45.4333333333,18.5
130,30,20.9,44.895,18.5
140,20,21.5666666667,44.0566666667,18.5
130,20,21.76,43.33,18.5
140,20,21.73,43.3333333333,18.5
120,30,21.73,43.1266666667,18.5
120,20,21.6666666667,43.0266666667,18.5
140,20,21.6,42.7666666667,18.5
130,20,21.5666666667,42.56,18.5
120,20,21.5,42.5,18.5
90,20,21.5,42.3633333333,18.5
40,10,21.4266666667,42.23,18.5
70,0,21.39,42.26,18.5
60,0,21.39,42.0666666667,18.5
60,0,21.26,41.8633333333,18.5666666667
50,0,21.1333333333,41.79,18.6
60,0,21.0666666667,41.7,18.5333333333
60,0,21.0,41.7,18.6
60,0,20.8566666667,41.7,18.6
60,0,20.79,41.7,18.6
70,0,20.7,41.73,18.6
90,0,20.7,41.79,18.6
80,0,20.6333333333,41.79,18.6
60,0,20.5,41.9,18.6
60,0,20.5,41.9666666667,18.6
40,0,20.39,42.0,18.6
50,0,20.39,42.0,18.6
50,0,20.3566666667,42.03,18.6
50,0,20.29,42.1633333333,18.6
40,0,20.2,42.03,18.6
40,0,20.2,42.09,18.6
30,0,20.1666666667,42.09,18.6666666667
50,0,20.1,42.09,18.6
50,0,20.1,42.06,18.6
60,0,20.0333333333,41.9333333333,18.6
50,0,20.0,41.9,18.6666666667
50,0,20.0,41.9,18.6
70,0,20.0,41.9,18.6
50,0,19.9266666667,41.9,18.6666666667
60,0,19.89,41.9,18.6666666667
60,0,19.865,41.8725,18.7
50,0,19.8566666667,41.8633333333,18.7
60,0,19.79,41.79,18.6666666667
50,0,19.79,41.73,18.6
50,0,19.76,41.79,18.6
60,0,19.7,41.79,18.6666666667
60,0,19.7,41.79,18.7
60,0,19.7,41.79,18.7
60,0,19.7,41.8633333333,18.7
50,0,19.7,41.79,18.7
30,0,19.6,41.7,18.7
30,0,19.6,41.7,18.675
20,0,19.6,41.73,18.6666666667
40,0,19.6,41.73,18.7
60,0,19.5666666667,41.79,18.7
60,0,19.5,41.79,18.6333333333
60,0,19.5,41.79,18.7
50,0,19.5,41.79,18.6666666667
50,0,19.5,41.9,18.6
60,0,19.5,41.9,18.7
50,0,19.4266666667,41.8266666667,18.7
50,0,19.4633333333,41.8633333333,18.6666666667
50,0,19.39,41.79,18.6666666667
70,0,19.39,41.79,18.7
90,10,19.39,41.79,18.7
60,0,19.39,41.76,18.7
60,0,19.39,41.76,18.7
70,10,19.39,41.8333333333,18.7
50,0,19.3233333333,41.4266666667,18.7
50,0,19.29,40.99,18.65
50,0,19.29,40.73,18.7
40,0,19.29,40.3633333333,18.7
60,0,19.29,40.1566666667,18.7
40,10,19.26,39.93,18.7
40,0,19.2,39.73,18.7
80,0,19.2,39.56,18.7
330,0,19.2,39.4333333333,18.7
260,0,19.1,39.4,18.7
100,0,19.1,39.295,18.6
70,0,19.1,39.2,18.6
70,0,19.1,39.09,18.6
70,0,19.1,39.03,18.6
80,0,19.1,38.9666666667,18.6
80,0,19.1,38.8266666667,18.6
50,0,19.0,38.59,18.5666666667
60,0,19.0,38.59,18.5
50,0,19.0,38.56,18.5
50,0,19.0,38.5,18.5
60,0,19.0,38.5,18.5
70,0,19.0666666667,38.56,18.5333333333
650,10,19.1,38.59,18.6
680,0,19.1,38.59,18.5
390,0,19.1,38.59,18.5
310,0,19.1,38.6633333333,18.5
300,0,19.1,38.8266666667,18.5
140,0,19.1666666667,38.9,18.5333333333
280,0,19.2,38.9,18.6
140,0,19.2,38.9,18.6
400,0,19.2,38.9,18.6
190,0,19.2,38.9,18.6
220,0,19.2,38.8266666667,18.6
390,0,19.2,38.79,18.6
190,0,19.26,38.79,18.6666666667
480,0,19.29,38.8266666667,18.7
350,0,19.29,38.9,18.76
340,0,19.29,38.8266666667,18.79
530,0,19.29,38.8266666667,18.79
510,0,19.29,38.79,18.79
230,0,19.29,38.79,18.79
110,0,19.39,38.76,18.79
80,0,19.39,38.7,18.79
80,0,19.39,38.6633333333,18.79
80,0,19.39,38.59,18.79
100,0,19.39,38.59,18.8566666667
110,0,19.39,38.53,18.89
120,0,19.39,38.5,18.89
110,0,19.39,38.4,18.89
110,0,19.39,38.3266666667,18.89
100,0,19.39,38.26,18.9633333333
90,0,19.39,38.2,18.9633333333
70,0,19.39,38.09,18.9266666667
70,0,19.39,38.1633333333,18.9266666667
200,0,19.39,37.9666666667,18.89
280,0,19.39,37.7666666667,18.89
180,0,19.29,37.59,18.89
180,0,19.29,37.53,18.89
90,0,19.26,37.2966666667,18.89
90,0,19.2,37.09,18.8566666667
100,0,19.2,36.9666666667,18.79
100,0,19.2,36.9,18.79
130,0,19.1,36.9,18.79
430,0,19.1,36.9,18.79
110,20,19.1,36.9633333333,18.79
110,10,19.1,37.03,18.76
120,10,19.05,36.95,18.7
110,10,19.0,36.9,18.7
110,30,19.0,36.9,18.7
120,30,19.0333333333,37.96,18.7
90,10,19.1666666667,39.0333333333,18.7
100,10,19.29,39.29,18.7
100,10,19.29,39.3633333333,18.7
100,0,19.29,39.4333333333,18.6666666667
100,0,19.29,39.2266666667,18.6
100,0,19.26,38.7966666667,18.6
110,0,19.2,38.4633333333,18.6
100,10,19.2,38.2233333333,18.6
180,0,19.1333333333,38.1633333333,18.6
110,30,19.1,38.06,18.6
90,20,19.1,38.06,18.6
80,20,19.2,38.5,18.6
80,20,19.26,38.9,18.5666666667
80,20,19.39,39.2666666667,18.5
60,30,19.4633333333,39.5266666667,18.5
80,20,19.5,39.8,18.5
70,30,19.6,39.9333333333,18.5
70,20,19.6,40.06,18.5
40,20,19.7,40.23,18.5
50,20,19.76,40.29,18.5
50,30,19.73,40.3633333333,18.5
50,20,19.79,40.3633333333,18.5
60,20,19.89,40.4666666667,18.5
60,20,19.89,40.4666666667,18.5
60,20,19.89,40.5,18.5
60,20,19.89,40.5,18.5
50,0,20.0,40.5,18.5
50,0,20.0,40.36,18.5
60,0,19.89,39.9,18.5
60,0,19.8233333333,39.5,18.5
60,0,19.79,39.29,18.5
100,0,19.73,39.29,18.5
70,0,19.6666666667,39.29,18.5
50,0,19.6,39.43,18.5
50,0,19.55,39.59,18.5
40,0,19.5,39.59,18.5
50,0,19.4266666667,39.59,18.5
60,0,19.39,39.59,18.5
50,0,19.39,39.53,18.5
30,0,19.3566666667,39.5,18.5
40,0,19.29,39.5,18.5
20,0,19.26,39.43,18.5
50,0,19.2,39.3633333333,18.5
50,0,19.2,39.4,18.5
40,0,19.2,39.3266666667,18.5
50,0,19.1666666667,39.29,18.5
50,0,19.1,39.29,18.5333333333
60,0,19.1,39.29,18.5333333333
50,0,19.1,39.29,18.5666666667
60,0,19.0,39.09,18.5
50,0,19.0,39.09,18.5
50,0,19.0,39.09,18.5
50,0,18.9266666667,39.09,18.5
50,0,18.89,39.09,18.5
40,0,18.89,39.09,18.5
50,0,18.89,39.09,18.5
50,0,18.89,39.09,18.5666666667
60,0,18.89,39.09,18.5
50,0,18.8566666667,39.09,18.5
50,0,18.79,39.09,18.5666666667
50,0,18.79,39.09,18.5666666667
50,0,18.79,39.09,18.5666666667
20,0,18.79,39.09,18.6
30,0,18.79,39.09,18.5333333333
20,0,18.79,39.09,18.55
40,0,18.73,39.09,18.5333333333
50,0,18.7,39.09,18.6
60,0,18.7,39.09,18.5666666667
50,0,18.7,39.09,18.5
50,0,18.7,39.09,18.6
50,0,18.7,39.09,18.5333333333
50,0,18.6333333333,39.09,18.5666666667
50,0,18.6,39.09,18.5666666667
40,0,18.6,39.03,18.5666666667
50,0,18.6,39.09,18.5
40,0,18.6,39.09,18.5
50,0,18.6,39.09,18.5
90,0,18.5666666667,39.09,18.5
70,0,18.5666666667,39.09,18.5
60,0,18.6,39.09,18.6
70,0,18.5333333333,39.2233333333,18.5333333333
60,10,18.6,39.53,18.6
130,0,18.6,39.7233333333,18.6
340,0,18.6,39.9333333333,18.5
230,0,18.6,39.7266666667,18.5
80,0,18.6,39.3333333333,18.5
40,10,18.6,39.1266666667,18.5
50,0,18.6,38.8633333333,18.5
70,0,18.5333333333,38.73,18.4633333333
70,0,18.6,38.56,18.4633333333
80,0,18.5333333333,38.5,18.39
60,0,18.5,38.4,18.39
50,0,18.5,38.29,18.3233333333
320,0,18.5,38.43,18.3233333333
390,10,18.5,38.53,18.29
300,0,18.5,38.6633333333,18.29
310,0,18.5,38.9,18.29
250,10,18.5,38.7666666667,18.29
250,10,18.5,38.8266666667,18.29
130,0,18.5,38.9666666667,18.29
100,10,18.5,39.0666666667,18.29
100,10,18.5,39.3333333333,18.29
220,0,18.5,39.73,18.29
240,10,18.5,39.73,18.29
150,0,18.5,39.56,18.23
100,0,18.5,39.4333333333,18.23
110,0,18.5,39.3633333333,18.23
100,10,18.5,39.29,18.2
90,0,18.5,39.2,18.2
100,0,18.5,39.1175,18.2
90,0,18.5,39.09,18.2
100,0,18.5666666667,39.4266666667,18.2
100,10,18.9666666667,40.0933333333,18.2
100,10,19.63,40.7,18.2
100,10,20.0966666667,40.6266666667,18.2
100,10,20.4933333333,40.5,18.2
100,0,20.9,40.36,18.2
80,0,21.3,40.26,18.2
80,0,21.5666666667,40.1266666667,18.2
70,0,21.43,39.99,18.2
60,0,21.29,39.6566666667,18.2
70,0,21.0666666667,39.3333333333,18.2
70,0,20.9266666667,39.1266666667,18.2
80,0,20.76,38.8633333333,18.2
80,0,20.6333333333,38.73,18.2
100,0,20.4633333333,38.6633333333,18.2
100,0,20.3233333333,38.53,18.2
90,0,20.26,38.4666666667,18.2
100,0,20.175,38.4,18.1666666667
90,0,20.0333333333,38.3266666667,18.1
60,0,19.89,38.4,18.1
90,0,19.8233333333,38.3266666667,18.1
60,0,19.73,38.3266666667,18.1
80,0,19.73,38.4,18.1
90,20,19.6,38.3266666667,18.1
100,30,19.6,38.6,18.1
160,10,19.6,39.0666666667,18.0333333333
410,20,19.6,39.2,18.0333333333
550,20,19.6,39.29,18.0
500,20,19.6,39.43,18.0
550,10,19.6,39.6566666667,18.0
140,10,19.6,40.0633333333,18.0
80,10,19.5333333333,41.1966666667,18.0
90,10,19.6,42.3233333333,18.0
120,30,19.6,43.0,18.0
120,10,19.6,43.46,17.9266666667
90,10,19.7,43.4966666667,17.9266666667
80,0,19.675,42.6175,17.89
80,0,19.6,41.9266666667,17.89
80,0,19.6,41.43,17.89
70,0,19.5333333333,41.0966666667,17.89
80,0,19.5,40.76,17.89
70,0,19.5,40.5666666667,17.89
60,0,19.4633333333,40.3333333333,17.89
80,0,19.39,40.1266666667,17.89
80,0,19.39,39.9666666667,17.8233333333
80,0,19.39,39.9,17.8233333333
70,0,19.3566666667,39.76,17.79
80,0,19.29,39.6266666667,17.79
70,0,19.29,39.56,17.84
60,20,19.29,39.5,17.8233333333
30,10,19.29,39.7633333333,17.8233333333
40,10,19.29,40.3633333333,17.89
30,10,19.29,40.5666666667,17.89
40,0,19.29,40.7,18.0
70,10,19.29,40.8266666667,18.0
60,0,19.2675,40.8725,18.0
70,10,19.2,40.8633333333,18.0
40,10,19.2,40.9,18.0
60,0,19.2,40.9666666667,18.0
50,10,19.2,41.0,18.0
50,0,19.2,41.06,18.0
60,10,19.2,41.09,18.0
40,0,19.2,41.09,18.0
60,10,19.1,41.09,18.0
60,10,19.1,41.09,18.0
60,0,19.1,41.09,18.0
50,0,19.1,41.1633333333,18.0
50,0,19.0,41.09,18.05
60,0,19.0,41.1633333333,18.1
50,0,19.0,41.2,18.1
50,0,19.0,41.2,18.1
50,0,19.0,41.2,18.1
60,0,19.0,41.2,18.1
50,0,18.9633333333,41.2,18.1
60,0,18.945,41.2,18.1
70,0,18.89,41.2,18.1
40,0,18.89,41.2,18.1
30,0,18.89,41.2,18.1666666667
30,0,18.89,41.2,18.1333333333
40,0,18.89,41.2,18.1333333333
60,0,18.89,41.29,18.1
60,0,18.89,41.29,18.1666666667
60,0,18.8566666667,41.26,18.1666666667
70,0,18.79,41.2,18.1666666667
60,0,18.8566666667,41.26,18.2
60,0,18.79,41.2,18.2
60,0,18.79,41.2,18.2
50,0,18.79,41.2,18.2
50,0,18.79,41.2,18.2
50,0,18.79,41.2,18.2
60,0,18.79,41.1633333333,18.2
60,0,18.79,41.1633333333,18.2
60,0,18.79,41.2,18.2
60,0,18.79,41.1175,18.2
50,0,18.73,41.09,18.2
60,0,18.7,41.09,18.2
40,0,18.7,41.09,18.2
50,0,18.7,41.09,18.2
50,0,18.7,41.09,18.2
50,0,18.7,41.03,18.2
70,0,18.7,41.03,18.2
50,0,18.6666666667,41.0,18.2
40,0,18.6666666667,41.06,18.2
40,0,18.6,41.0,18.2
30,0,18.6,41.0,18.2
60,0,18.6,41.0,18.2
50,20,18.6,41.0,18.2
60,0,18.6,40.9633333333,18.2
140,0,18.6666666667,40.89,18.2
60,0,18.6,40.43,18.2
60,0,18.6,40.23,18.2
60,10,18.6,40.145,18.2
100,20,18.6,40.2266666667,18.2
430,30,18.7933333333,40.7666666667,18.2
90,20,19.4266666667,40.9666666667,18.2
80,20,20.0333333333,40.8266666667,18.2
100,30,20.6966666667,40.56,18.1666666667
110,40,20.9633333333,40.0266666667,18.1666666667
100,30,20.9633333333,39.6333333333,18.2
110,40,20.8233333333,39.5,18.1333333333
100,40,20.79,39.79,18.1333333333
90,30,20.73,39.73,18.2
70,40,20.6,39.56,18.1
40,30,20.6,39.4333333333,18.1
60,40,20.5666666667,39.5,18.1
320,20,20.5,39.4333333333,18.1
400,20,20.4633333333,39.29,18.1
200,20,20.39,39.23,18.0333333333
100,10,20.29,39.0266666667,18.1
120,10,20.23,38.8266666667,18.0333333333
120,10,20.1,38.845,18.0333333333
70,0,20.0,38.8333333333,18.0333333333
100,10,19.9266666667,38.6266666667,18.0333333333
90,10,19.8566666667,38.5266666667,18.0
100,10,19.79,38.5266666667,18.0
120,10,19.7,38.4666666667,18.0
270,10,19.7,38.4666666667,18.0
210,10,19.6666666667,38.3633333333,18.0
240,0,19.6,38.23,18.0
90,0,19.5666666667,38.2,18.0
100,10,19.5,38.2,18.0
100,10,19.5,38.09,18.0
80,20,19.5,38.03,18.0
110,20,19.39,37.9,17.9266666667
100,20,19.39,37.9,17.89
100,20,19.39,37.9,17.89
100,20,19.3233333333,37.8266666667,17.89
100,20,19.29,37.79,17.89
100,20,19.29,37.79,17.89
100,20,19.29,37.79,17.8233333333
100,20,19.29,37.8266666667,17.89
110,10,19.29,38.1,17.89
110,20,19.29,38.5966666667,17.79
110,20,19.29,39.1233333333,17.79
110,10,19.29,39.8,17.79
120,20,19.29,40.1333333333,17.79
110,20,19.3233333333,40.4333333333,17.79
110,10,19.39,40.56,17.79
100,10,19.39,40.7,17.79
80,0,19.39,40.76,17.79
110,10,19.39,40.79,17.79
100,10,19.39,40.8633333333,17.79
110,10,19.3566666667,40.86,17.79
100,20,19.3566666667,40.86,17.76
90,10,19.29,40.6633333333,17.7
160,20,19.29,40.53,17.7
120,20,19.29,40.3333333333,17.7
100,20,19.29,40.0666666667,17.7
90,30,19.29,39.745,17.7
80,30,19.2,39.53,17.7
170,40,19.2,39.59,17.7
320,20,19.23,39.9933333333,17.7
400,20,19.29,40.3266666667,17.7
400,10,19.29,39.8333333333,17.7
340,30,19.29,39.5666666667,17.6
120,10,19.26,39.56,17.6
120,10,19.2,39.56,17.6
120,10,19.2,39.73,17.6
120,20,19.2,39.93,17.6
110,10,19.2,39.8633333333,17.6
120,10,19.2,39.73,17.6
130,10,19.2,39.4666666667,17.6
130,20,19.1333333333,39.2666666667,17.5
290,20,19.1,39.06,17.5666666667
120,40,19.1,39.0,17.5
120,40,19.1333333333,39.7333333333,17.5
110,10,19.2,40.8666666667,17.5
160,20,19.29,41.34,17.5
150,0,19.29,40.5633333333,17.5
130,0,19.29,40.23,17.5666666667
130,10,19.29,39.7966666667,17.5
150,0,19.23,39.39,17.5
110,0,19.2,39.06,17.5
100,20,19.2,38.86,17.5
100,30,19.2,39.0666666667,17.5
70,20,19.26,39.8,17.5
70,10,19.3233333333,40.4333333333,17.6
50,0,19.39,40.5,17.6
50,10,19.3566666667,40.4666666667,17.7
50,10,19.29,40.4,17.625
30,0,19.29,40.5,17.6
50,10,19.29,40.5,17.6
60,10,19.26,40.5,17.6666666667
60,0,19.2,40.5,17.7
60,10,19.1666666667,40.5,17.7
50,0,19.15,40.5,17.7
60,10,19.1,40.5,17.7
60,0,19.1,40.5,17.7
60,10,19.1,40.5,17.7
70,10,19.1,40.5,17.7
50,0,19.0333333333,40.4333333333,17.7
60,10,19.0,40.4,17.7
60,0,19.0,40.4,17.7
30,10,18.89,40.4,17.7
40,10,18.89,40.4,17.7
40,0,18.89,40.4,17.7
50,10,18.89,40.4,17.7
70,0,18.89,40.4,17.745
60,10,18.8233333333,40.3266666667,17.7
50,10,18.8566666667,40.3633333333,17.7
70,0,18.79,40.3633333333,17.7
50,10,18.8566666667,40.43,17.76
50,0,18.79,40.29,17.79
70,10,18.79,40.3266666667,17.79
50,0,18.79,40.4,17.79
70,10,18.73,40.4,17.79
60,10,18.79,40.4,17.79
50,0,18.73,40.4,17.79
40,10,18.7,40.3266666667,17.79
30,0,18.7,40.4,17.79
40,10,18.7,40.3266666667,17.79
50,10,18.7,40.3266666667,17.79
60,0,18.7,40.29,17.79
70,10,18.7,40.29,17.79
60,0,18.6333333333,40.29,17.79
60,10,18.7,40.29,17.8566666667
50,10,18.6666666667,40.26,17.84
60,0,18.6,40.2,17.79
50,10,18.6,40.23,17.79
60,0,18.6,40.29,17.79
50,10,18.6,40.23,17.79
70,0,18.6,40.23,17.79
40,10,18.6,40.2,17.79
50,10,18.575,40.2,17.79
30,10,18.5,40.2,17.79
70,20,18.5,40.2,17.89
50,10,18.5,40.2,17.89
40,10,18.5333333333,40.29,17.89
50,0,18.5333333333,40.23,17.89
50,0,18.5,40.2,17.89
80,0,18.5,40.2,17.8233333333
50,10,18.5,39.66,17.8566666667
40,0,18.4266666667,39.1933333333,17.8566666667
40,0,18.39,38.7233333333,17.79
50,10,18.39,38.4633333333,17.8566666667
320,10,18.3566666667,38.26,17.89
310,10,18.29,38.0666666667,17.89
90,10,18.29,37.8633333333,17.89
50,10,18.29,37.73,17.89
70,10,18.29,37.6333333333,17.89
70,20,18.29,37.36,17.8566666667
60,10,18.29,37.23,17.8566666667
60,10,18.315,37.29,17.8233333333
70,10,18.4633333333,37.3633333333,17.89
270,10,18.5333333333,37.4,17.89
740,20,18.6,37.3266666667,17.89
590,10,18.7,37.3633333333,17.89
380,10,18.7,37.29,17.89
280,10,18.73,37.26,17.89
240,10,18.79,37.2,17.89
250,10,18.89,37.1633333333,17.89
210,10,18.9633333333,37.09,17.89
80,20,19.0333333333,37.03,17.9266666667
70,10,19.1,37.03,17.9266666667
50,10,19.1,37.0,17.89
60,10,19.1,36.9333333333,17.9175
50,10,19.1,36.9666666667,17.9266666667
50,10,19.1666666667,36.9,18.0
50,20,19.2,36.79,18.0
530,10,19.2,36.79,18.0
370,10,19.2,36.79,18.0
300,10,19.2,36.73,18.0
290,10,19.2,36.79,18.0
270,10,19.2,36.7,18.0
240,10,19.2,36.7,18.0
220,20,19.1,36.7,18.05
150,0,19.1666666667,36.6266666667,18.1
60,0,19.2,36.56,18.1
310,0,19.1333333333,36.56,18.1666666667
340,0,19.2,36.56,18.2
100,0,19.2,36.5,18.1333333333
60,0,19.1,36.3333333333,18.1666666667
60,0,19.1,36.0,18.1
70,0,19.1,35.9,18.2
60,0,19.1,36.0266666667,18.2
60,0,19.1,36.1633333333,18.2
50,0,19.1,36.03,18.2
50,0,19.0666666667,35.6933333333,18.1333333333
40,0,19.0666666667,35.5,18.1666666667
30,0,19.0,35.345,18.1666666667
30,0,19.0,35.29,18.2
30,0,19.0,35.29,18.2
50,0,19.0,35.1633333333,18.2
40,0,19.0,35.09,18.2
50,0,19.0,35.06,18.2
40,0,19.0,35.0,18.2
40,0,18.9633333333,34.9,18.2
60,10,18.89,34.9,18.2
80,0,18.89,35.1566666667,18.2
110,20,18.89,35.23,18.2
110,30,18.89,35.53,18.2
100,20,18.89,36.0633333333,18.2
140,20,18.9266666667,36.5,18.2
310,20,19.0,36.5,18.1333333333
290,20,19.0,36.1333333333,18.15
250,10,19.0,36.0,18.1
310,40,18.89,36.0966666667,18.1
110,10,18.89,36.8233333333,18.1
110,20,19.05,39.2,18.1
370,0,19.2,40.3266666667,18.1
140,30,19.26,40.4,18.1
440,30,19.3933333333,40.3633333333,18.1666666667
150,30,19.7933333333,40.0966666667,18.1666666667
260,20,20.4266666667,39.6,18.2
290,30,20.9666666667,39.1933333333,18.1333333333
110,20,21.4933333333,38.6,18.1
100,30,21.8266666667,37.9933333333,18.1
100,30,21.79,37.26,18.1
90,20,21.6633333333,37.1266666667,18.1
360,30,21.4633333333,37.06,18.1
270,30,21.3233333333,36.9333333333,18.1
70,30,21.29,37.03,18.1
90,20,21.23,37.03,18.025
100,30,21.1,36.8333333333,18.0
100,30,21.0333333333,36.6266666667,18.0666666667
90,30,20.9633333333,36.7,18.0
70,30,20.89,36.76,18.0
70,30,20.89,37.395,18.0
80,20,20.89,37.73,18.0
50,30,20.89,37.8633333333,18.0
60,30,20.89,38.0,18.0
50,30,20.8233333333,38.0,18.0
50,30,20.8566666667,38.1633333333,18.0
50,30,20.79,38.1633333333,18.0
40,30,20.79,38.3266666667,18.0
60,30,20.93,38.5266666667,18.0
60,30,21.4266666667,38.6633333333,18.0
60,30,21.9666666667,38.59,18.0
60,20,22.26,38.16,18.0
60,30,22.1333333333,37.8266666667,18.0
60,30,22.0666666667,37.76,18.0
60,30,21.9266666667,37.76,18.0
50,10,21.8566666667,37.9333333333,18.0
50,10,21.73,37.9333333333,17.9266666667
30,0,21.5666666667,37.7,18.0
30,10,21.4266666667,37.7,18.0
30,10,21.34,37.9,18.0
20,0,21.1666666667,37.9,18.0
60,10,21.0333333333,37.9,18.0
50,10,20.8566666667,37.9,18.0
50,0,20.79,37.9,18.0
40,10,20.7,37.9333333333,18.0
40,10,20.6333333333,37.9333333333,18.0
50,0,20.5,37.9,18.0
50,10,20.4266666667,37.9,18.0
40,10,20.3566666667,37.9,17.9633333333
60,0,20.29,37.9666666667,17.9633333333
40,10,20.2,37.9,18.0
40,0,20.2,37.9,18.0
20,10,20.1,37.9,18.0
20,10,20.0333333333,37.8266666667,18.0
40,0,20.0,37.8266666667,18.0
50,10,19.9266666667,37.9,18.0
40,0,19.8566666667,37.8633333333,18.0
60,10,19.79,37.79,18.0
60,10,19.79,37.745,18.0
50,0,19.7,37.7,17.9266666667
40,10,19.7,37.7,17.9266666667
50,0,19.6,37.59,17.9633333333
40,10,19.6,37.59,17.9633333333
40,10,19.5666666667,37.59,17.9266666667
30,0,19.5,37.59,17.9266666667
20,10,19.5,37.59,17.89
40,0,19.4266666667,37.59,17.89
40,10,19.39,37.59,17.89
50,10,19.39,37.59,17.89
50,0,19.3566666667,37.59,17.89
40,10,19.29,37.59,17.89
40,0,19.29,37.59,17.89
50,20,19.29,37.59,17.89
50,10,19.2,37.4,17.9633333333
60,40,19.2,37.4,17.9633333333
60,20,19.2,37.4633333333,17.89
40,0,19.2,37.6633333333,17.89
40,0,19.2,37.54,17.89
40,0,19.2,36.9,17.89
50,0,19.1333333333,36.5,17.8233333333
60,0,19.1,36.1633333333,17.8566666667
520,0,19.1,36.03,17.79
690,0,19.0,35.6633333333,17.79
420,0,18.9266666667,35.53,17.79
310,0,18.89,35.4,17.79
270,0,18.89,35.3266666667,17.79
230,0,18.89,35.1633333333,17.79
230,0,18.89,35.03,17.79
150,0,18.9266666667,35.2666666667,17.79
70,10,19.0666666667,35.5266666667,17.73
100,0,19.1333333333,35.59,17.79
390,0,19.2,35.6633333333,17.79
270,10,19.23,35.73,17.79
280,0,19.29,35.79,17.79
260,0,19.39,35.7,17.79
240,10,19.39,35.7,17.8233333333
260,0,19.5,35.79,17.89
190,0,19.6,35.79,17.89
120,0,19.6,35.79,17.89
70,0,19.7,35.79,17.89
50,0,19.76,35.79,17.89
70,0,19.76,35.7,17.9266666667
40,0,19.76,35.7,17.9266666667
40,0,19.79,35.7,18.0
40,0,19.8566666667,35.76,18.0
60,0,19.9266666667,35.7,18.0
80,0,20.0,35.6266666667,18.0
170,0,20.0,35.59,18.0
70,0,20.0,35.53,18.0
60,0,20.0,35.5,18.0
70,0,20.0,35.5,18.0333333333
60,0,20.0,35.5,18.1
70,0,19.9266666667,35.5,18.1
80,0,19.9633333333,35.4,18.1666666667
70,0,19.9175,35.4,18.2
70,0,19.9266666667,35.3266666667,18.2
70,0,20.0,35.29,18.2
30,0,20.0,35.23,18.2
30,0,20.0,35.1633333333,18.2
30,0,20.0,35.03,18.26
110,0,20.0333333333,35.0,18.29
50,0,20.1,34.9333333333,18.29
60,0,20.0333333333,34.8266666667,18.29
50,0,20.1,34.8266666667,18.29
50,0,20.1,34.76,18.29
50,0,20.1,34.6266666667,18.29
40,0,20.1,34.5,18.29
50,0,20.1,34.4333333333,18.29
50,10,20.0666666667,34.3333333333,18.34
50,0,20.0,34.1266666667,18.39
60,0,20.0,33.9666666667,18.39
40,0,20.0,33.6933333333,18.39
50,0,19.9633333333,33.4666666667,18.39
50,0,19.89,33.4,18.39
50,0,19.84,33.2,18.39
60,0,19.79,33.0,18.39
40,0,19.79,32.9333333333,18.39
70,0,19.73,32.9,18.3233333333
70,0,19.73,32.9,18.3233333333
90,0,19.6666666667,33.06,18.3566666667
90,0,19.6,33.0,18.29
100,0,19.5666666667,33.03,18.29
180,0,19.5,33.09,18.29
390,10,19.5,33.1266666667,18.29
370,20,19.4266666667,33.0666666667,18.29
120,20,19.39,33.4933333333,18.29
100,10,19.39,34.1,18.29
120,30,19.39,34.2,18.29
120,30,19.39,34.2,18.29
100,20,19.39,34.6,18.29
90,20,19.5,35.5,18.29
90,20,19.5666666667,35.8333333333,18.29
80,20,19.6333333333,35.9,18.29
120,30,19.7,35.4266666667,18.29
110,20,19.73,35.39,18.2
140,20,19.79,35.4633333333,18.2
120,20,19.8233333333,35.5666666667,18.2
110,30,20.0966666667,35.7,18.26
100,10,20.7333333333,35.56,18.2
110,0,21.0666666667,35.2266666667,18.2
80,0,21.0666666667,34.4,18.2
90,0,20.9266666667,34.0,18.26
90,0,20.76,33.5266666667,18.2
70,0,20.6333333333,33.1933333333,18.2
70,0,20.5666666667,32.9666666667,18.2
50,0,20.4266666667,32.9,18.2
40,10,20.3566666667,32.9333333333,18.2
50,0,20.29,33.3333333333,18.2
50,0,20.245,33.745,18.2
60,0,20.1666666667,34.1266666667,18.2
60,0,20.1,34.3333333333,18.2
60,0,20.0,34.4333333333,18.2
60,0,20.0,34.56,18.2
60,0,19.9633333333,34.73,18.2
60,0,19.89,34.79,18.2
60,0,19.79,34.8266666667,18.2
40,0,19.79,34.9,18.2
50,0,19.7,35.0,18.2
40,0,19.7,35.0,18.2
50,0,19.6,35.0,18.2
70,0,19.6,34.9333333333,18.2
60,0,19.5666666667,35.0,18.2
60,0,19.5,35.0,18.2
60,0,19.5,35.0,18.2
50,0,19.4266666667,34.9333333333,18.2
70,0,19.39,35.0,18.2
60,0,19.39,34.9333333333,18.2
60,0,19.39,35.0,18.2
70,0,19.3566666667,35.0,18.2
60,0,19.29,35.0,18.2
40,0,19.29,35.0,18.2
40,0,19.23,34.9333333333,18.2
30,0,19.2,34.9333333333,18.2
60,0,19.2,34.9333333333,18.2
60,0,19.2,34.9,18.2
70,0,19.2,34.9,18.2
70,0,19.1666666667,35.0,18.2
50,0,19.1,34.9333333333,18.2
70,0,19.1,35.0,18.2
50,0,19.1,35.0,18.2
60,0,19.0,34.9,18.2
60,0,19.0,34.9,18.2
60,0,18.9633333333,34.9,18.2
70,0,18.89,34.9,18.2
40,0,18.9633333333,34.9,18.2
40,0,18.89,34.9,18.1333333333
40,0,18.89,34.845,18.2
50,0,18.89,34.9,18.2
60,0,18.89,34.8266666667,18.2
60,0,18.79,34.79,18.2
60,0,18.79,34.79,18.2
60,0,18.79,34.79,18.1
70,0,18.79,34.79,18.1
50,0,18.73,34.79,18.1666666667
70,0,18.73,34.79,18.1
50,0,18.7,34.79,18.1
70,10,18.7,34.73,18.1666666667
60,30,18.7,34.56,18.1
50,20,18.7,34.2266666667,18.1
60,10,18.7,34.1333333333,18.1
70,10,18.7,34.06,18.0666666667
60,0,18.7,33.9,18.0
60,0,18.7,33.7666666667,18.0666666667
60,0,18.7633333333,33.89,18.0
60,10,19.17,34.24,18.1
60,0,19.53,34.43,18.1
50,0,19.6,34.5266666667,18.0
50,10,19.6,34.3266666667,18.0
60,0,19.4633333333,33.7966666667,18.0
80,0,19.39,33.4633333333,18.0
80,0,19.29,33.2233333333,17.89
30,10,19.23,32.89,17.89
80,0,19.23,32.7,17.89
20,0,19.29,32.76,17.8233333333
100,0,19.29,32.8266666667,17.53
50,0,19.3566666667,32.9666666667,17.39
100,0,19.39,32.9633333333,17.5
80,0,19.39,33.09,17.5
60,0,19.5,33.2,17.6
80,10,19.5,33.26,17.6333333333
90,0,19.5,33.29,17.7
70,0,19.5,33.3633333333,17.73
50,0,19.6,33.4333333333,17.79
60,0,19.6,33.5,17.79
120,0,19.6,33.5,17.79
40,10,19.6333333333,33.7666666667,17.79
90,0,19.7,34.16,17.79
50,0,19.73,34.5666666667,17.8566666667
30,10,19.79,34.96,17.89
60,0,19.73,35.3333333333,17.89
40,0,19.73,35.2,17.89
50,0,19.7,35.1333333333,17.89
60,0,19.7,34.86,17.89
50,0,19.6,34.49,17.89
60,0,19.6,34.23,17.9266666667
80,10,19.6,34.06,18.0
100,0,19.6,33.9333333333,18.0
100,0,19.6,33.79,18.0
90,0,19.6,33.79,18.0
100,0,19.6,33.6633333333,18.1
100,0,19.6666666667,33.6633333333,18.1
50,0,19.6,33.56,18.1
50,0,19.65,33.545,18.1
40,0,19.6666666667,33.5,18.1
50,0,19.7,33.5,18.1
60,0,19.6333333333,33.4333333333,18.1
50,0,19.6,33.3633333333,18.1
60,0,19.6,33.29,18.1
60,0,19.6,33.2,18.1
60,0,19.6,33.2,18.1
60,0,19.5,33.26,18.1
50,0,19.5,33.2,18.1
70,0,19.39,33.09,18.1
90,0,19.39,33.2233333333,18.1
100,0,19.39,33.4333333333,18.0333333333
100,0,19.3233333333,33.56,18.0
100,0,19.29,33.7666666667,18.0
80,0,19.29,33.9,18.0
70,0,19.26,33.9666666667,18.0
70,0,19.2,33.9666666667,18.0
70,0,19.2,34.045,18.0
80,0,19.1,34.09,18.0
90,0,19.1,34.09,18.0
90,0,19.1,34.23,18.0
90,0,19.1,34.3633333333,18.0
90,0,19.0,34.4333333333,18.0
100,0,19.0,34.5,18.0
90,0,19.0,34.5,18.0
100,0,19.0,34.4333333333,18.0
180,10,19.0,34.5,18.0
100,10,19.0,34.5,18.0
80,0,18.89,34.5,18.0
80,0,18.89,34.5,18.0
60,0,18.9633333333,34.59,18.0
70,0,18.9633333333,34.59,18.0
60,0,18.89,34.7,18.0
80,0,18.89,34.7,18.0
70,10,18.9266666667,34.79,18.0
100,0,18.9266666667,34.79,18.0
90,0,18.89,34.79,18.1
130,0,18.89,34.8266666667,18.0333333333
100,10,18.89,34.9,18.1
100,0,18.89,34.9333333333,18.1
90,0,18.8233333333,34.9333333333,18.1
90,0,18.8566666667,35.0,18.1
60,0,18.8566666667,35.1333333333,18.0666666667
60,0,18.8566666667,35.29,18.0
60,0,18.8566666667,35.3633333333,18.0
60,10,18.89,35.5,18.0
70,0,18.8233333333,35.56,18.0
30,10,18.79,35.8266666667,18.0
40,0,18.79,36.0266666667,18.0
50,0,18.79,36.2,17.9266666667
40,0,18.79,36.2,18.0
50,0,18.7,36.1633333333,17.9633333333
60,0,18.7,36.09,17.9633333333
50,0,18.7,36.0,17.9633333333
60,0,18.7,36.0,17.9633333333
60,0,18.6,35.845,17.9633333333
60,0,18.6,35.79,17.9633333333
50,0,18.5333333333,35.79,18.0
50,0,18.5,35.7,18.0
40,0,18.5,35.7,17.89
30,0,18.5,35.7,17.89
30,0,18.5,35.6266666667,17.89
60,0,18.39,35.5,17.9633333333
60,0,18.39,35.5,17.9266666667
60,0,18.39,35.5,17.9266666667
50,0,18.39,35.5,17.9633333333
50,0,18.3566666667,35.5,17.89
60,0,18.29,35.5,17.89
50,0,18.29,35.5,17.89
50,0,18.29,35.5,17.89
60,0,18.26,35.4666666667,17.89
50,0,18.2,35.4,17.89
60,0,18.23,35.3266666667,17.89
40,0,18.2225,35.3175,17.89
40,0,18.2,35.29,17.89
30,0,18.2,35.29,17.89
30,0,18.2,35.29,17.89
50,0,18.1666666667,35.29,17.89
50,0,18.1666666667,35.23,17.9633333333
60,0,18.1,35.2,17.89
70,0,18.1,35.2,17.89
50,0,18.1,35.2,17.89
50,0,18.1,35.2,17.89
50,0,18.0666666667,35.1633333333,17.89
60,0,18.0,35.09,17.89
50,0,18.0,35.09,17.89
60,0,18.0,35.09,17.89
60,0,18.0,35.09,17.89
40,0,18.0,35.09,17.89
40,0,17.9633333333,35.09,17.89
30,0,17.89,35.1633333333,17.89
30,0,17.89,35.2,17.89
60,0,17.89,35.2,17.89
50,0,17.89,35.2,17.89
60,0,17.89,35.2,17.89
50,0,17.89,35.2,17.89
60,0,17.8233333333,35.2,17.8233333333
60,10,17.8233333333,35.2,17.89
50,10,17.79,35.23,17.89
80,0,17.79,35.29,17.8566666667
70,10,17.79,35.1633333333,17.8566666667
50,0,17.79,35.03,17.79
30,0,17.79,34.8633333333,17.79
40,0,17.73,34.73,17.79
40,20,17.7,34.56,17.79
50,20,17.7,34.56,17.7
60,10,18.0233333333,34.9633333333,17.7
50,0,18.43,34.9633333333,17.7
170,0,18.5,34.6,17.7
270,0,18.4266666667,34.2666666667,17.7
70,0,18.34,34.145,17.7
90,30,18.26,34.1266666667,17.7
90,20,18.2,34.26,17.7
260,20,18.29,34.5666666667,17.7
150,20,18.29,34.8333333333,17.7
80,30,18.39,35.03,17.76
60,20,18.39,35.1633333333,17.79
60,20,18.5,35.3266666667,17.79
70,20,18.5666666667,35.4666666667,17.79
50,20,18.6,35.53,17.79
130,30,18.6666666667,35.8633333333,17.79
540,20,18.8,36.1566666667,17.79
510,20,19.26,36.23,17.79
200,20,19.86,35.8333333333,17.79
200,30,20.0,35.5,17.79
180,20,20.0,35.6566666667,17.79
190,20,20.0,35.8633333333,17.79
100,20,19.9266666667,36.0,17.79
240,20,19.9266666667,36.0,17.79
140,20,20.0,36.045,17.79
100,30,20.0,36.06,17.79
90,20,20.0,36.06,17.79
70,20,19.89,36.09,17.79
70,30,19.89,36.03,17.79
60,20,19.89,35.9666666667,17.79
60,20,19.89,35.9,17.76
70,0,19.89,35.76,17.7
50,0,19.89,35.5666666667,17.7
50,0,19.76,34.8333333333,17.7
50,0,19.6333333333,34.5,17.7
40,0,19.5666666667,34.1333333333,17.7
50,0,19.5,34.0,17.7
40,0,19.39,33.76,17.7
20,0,19.3233333333,33.7,17.7
40,0,19.29,33.7,17.7
20,0,19.23,33.6266666667,17.7
40,0,19.1666666667,33.59,17.7
50,0,19.1,33.59,17.7
40,0,19.05,33.545,17.7
50,0,18.9633333333,33.4,17.7
50,0,18.89,33.4,17.66
40,0,18.89,33.4,17.6285714286
50,0,18.8233333333,33.4,17.64
50,0,18.76,33.5,17.6142857143
80,10,18.7,33.56,17.6
90,0,18.7,33.73,17.6
80,0,18.7,33.79,17.6
100,0,18.6666666667,33.9333333333,17.6
100,0,18.6,34.06,17.6
80,0,18.6,34.1266666667,17.6
80,0,18.6,34.26,17.6
70,0,18.5666666667,34.3266666667,17.5142857143
70,0,18.5,34.4666666667,17.5
80,0,18.5,34.59,17.5
90,0,18.5,34.6633333333,17.5
80,0,18.5,34.73,17.5
160,0,18.4725,34.8725,17.456
440,0,18.39,34.9666666667,17.4214285714
230,0,18.39,35.1266666667,17.434
260,0,18.39,35.26,17.4057142857
180,10,18.39,35.4,17.39
100,10,18.39,35.4666666667,17.39
90,0,18.39,35.7666666667,17.39
90,0,18.39,36.0266666667,17.39
90,0,18.39,36.3266666667,17.39
80,10,18.39,36.4,17.39
70,10,18.39,36.53,17.39
70,30,18.39,36.59,17.35
70,20,18.5966666667,37.1266666667,17.3614285714
100,20,19.1233333333,37.2,17.35
90,10,19.8333333333,37.06,17.3614285714
80,10,20.2933333333,36.7266666667,17.33
80,0,20.3566666667,36.1,17.3042857143
90,0,20.23,35.7666666667,17.29
80,0,20.0666666667,35.56,17.29
90,10,19.9175,35.5,17.29
90,0,19.8233333333,35.4333333333,17.29
80,0,19.7,35.4333333333,17.29
80,0,19.7,35.56,17.29
80,10,19.6,35.6266666667,17.29
60,0,19.6,35.76,17.29
40,20,19.5,35.86,17.29
30,20,19.5,36.06,17.29
30,0,19.39,36.23,17.39
60,0,19.3233333333,36.29,17.4214285714
50,0,19.26,36.29,17.39
40,0,19.2,36.29,17.412
50,0,19.2,36.3266666667,17.4528571429
50,0,19.1333333333,36.4,17.39
40,0,19.0666666667,36.4666666667,17.4371428571
50,10,19.0,36.4,17.412
50,0,18.89,36.5,17.5
60,0,18.89,36.5,17.456
50,0,18.8566666667,36.4666666667,17.4842857143
20,0,18.79,36.425,17.5
30,0,18.79,36.5,17.5
20,0,18.7,36.5,17.5
40,0,18.7,36.5,17.5
50,0,18.6666666667,36.5,17.5
50,10,18.6,36.5,17.5
50,0,18.6,36.4333333333,17.5
50,0,18.6,36.5,17.5
50,0,18.5,36.5,17.5
40,0,18.5,36.5,17.5
50,0,18.5,36.5,17.5
40,0,18.5,36.5,17.5571428571
40,0,18.39,36.4,17.56
50,0,18.39,36.4666666667,17.5714285714
40,10,18.39,36.5,17.54
30,0,18.39,36.5,17.5375
30,0,18.3566666667,36.5,17.6
30,0,18.29,36.5,17.54
50,0,18.29,36.5,17.5714285714
40,0,18.26,36.4666666667,17.54
50,0,18.2,36.4666666667,17.6
50,0,18.2,36.5,17.56
50,0,18.2,36.5,17.6
60,10,18.2,36.5,17.6
40,0,18.2,36.5,17.6
50,0,18.2,36.5,17.6
40,0,18.2,36.5,17.6
50,0,18.1,36.53,17.6
40,0,18.1,36.59,17.6
20,0,18.1,36.53,17.58
40,0,18.1,36.59,17.5714285714
30,0,18.0,36.5,17.6
40,0,18.0,36.5,17.6
40,0,18.0,36.5,17.6
50,0,18.0,36.5,17.6
40,0,18.0,36.5,17.6
50,0,18.0,36.5,17.6
50,10,18.0,36.5,17.6
50,0,17.89,36.4,17.6
60,20,17.89,36.2666666667,17.6
100,10,18.0966666667,36.5,17.6
40,0,18.3566666667,36.6266666667,17.5428571429
40,10,18.39,36.1333333333,17.5
30,0,18.3233333333,35.86,17.5
40,0,18.29,35.8266666667,17.5
30,0,18.29,35.8266666667,17.4371428571
50,0,18.29,35.8333333333,17.39
60,10,18.23,35.5666666667,17.39
200,0,18.2,35.3633333333,17.39
340,0,18.2,35.23,17.39
150,0,18.1,35.09,17.39
120,0,18.1,35.03,17.39
70,0,18.1,34.8633333333,17.39
70,0,18.1,34.79,17.39
90,0,18.1333333333,34.79,17.39
70,10,18.2225,34.8975,17.39
80,0,18.29,35.0,17.39
170,0,18.3233333333,35.0,17.39
700,0,18.39,35.0,17.412
580,0,18.4266666667,35.03,17.5
320,10,18.5,35.1633333333,17.5
280,10,18.5,35.1633333333,17.5
260,10,18.4266666667,35.03,17.5
350,0,18.39,35.0,17.5714285714
390,0,18.39,35.06,17.6
270,0,18.39,35.23,17.6
320,0,18.4633333333,35.29,17.6142857143
480,0,18.5,35.4633333333,17.7
610,0,18.5666666667,35.59,17.7
610,0,18.6333333333,35.73,17.7
390,0,18.7,35.79,17.6714285714
340,0,18.7,35.9,17.7
240,0,18.76,35.9666666667,17.7
260,0,18.79,36.0,17.7
210,0,18.7225,36.0675,17.6571428571
140,0,18.7,36.09,17.7
70,0,18.76,35.9666666667,17.7
50,0,18.76,35.9666666667,17.7
50,0,18.7,35.8633333333,17.7
110,0,18.7,35.79,17.718
350,0,18.73,35.8266666667,17.79
210,0,18.79,35.9,17.79
50,0,18.79,35.9666666667,17.79
60,0,18.79,35.9,17.85
60,0,18.8233333333,36.03,17.89
50,0,18.8233333333,35.9633333333,17.89
330,0,18.8233333333,35.9,17.89
380,0,18.89,35.9666666667,17.89
280,0,18.89,35.76,17.89
240,0,18.89,35.7,17.89
220,0,18.89,35.59,17.934
190,0,18.89,35.53,17.9371428571
200,0,18.84,35.45,17.89
120,0,18.8566666667,35.3633333333,17.9214285714
50,0,18.79,35.23,18.0
50,0,18.79,35.1633333333,17.9214285714
60,0,18.79,35.09,17.934
40,0,18.73,35.2,17.89
50,0,18.73,35.2,17.934
90,0,18.7,35.29,17.9057142857
410,0,18.7,35.3633333333,17.89
320,0,18.6666666667,35.4,17.89
310,0,18.6,35.4,17.89
280,0,18.6,35.4,17.89
250,0,18.6,35.4666666667,17.89
180,0,18.5,35.6266666667,17.89
110,0,18.5,35.7,17.89
90,20,18.5,35.73,17.8328571429
90,30,18.5,35.93,17.83
40,0,18.8,36.53,17.79
30,0,19.0666666667,36.73,17.79
50,0,19.1,36.45,17.79
50,0,19.0,36.23,17.79
50,0,18.9266666667,36.23,17.79
50,0,18.89,36.23,17.79
40,0,18.8233333333,36.23,17.79
40,0,18.79,36.2,17.79
50,0,18.73,36.2,17.79
40,0,18.7,36.2,17.79
50,0,18.7,36.2,17.79
50,0,18.6666666667,36.26,17.79
50,0,18.6,36.2,17.79
40,0,18.5666666667,36.2,17.76
40,0,18.5,36.2,17.7
30,0,18.5,36.2,17.7
20,0,18.5,36.2,17.7
30,0,18.39,36.2,17.7
50,0,18.39,36.26,17.7
50,0,18.39,36.2,17.7
50,0,18.315,36.2675,17.7
40,0,18.29,36.29,17.6666666667
40,0,18.29,36.4,17.6
50,0,18.29,36.4666666667,17.6
50,0,18.29,36.5,17.6
30,0,18.23,36.5,17.6
50,0,18.2,36.5,17.6
50,0,18.2,36.5,17.6
50,0,18.2,36.5,17.5333333333
40,10,18.2,36.56,17.6
30,0,18.2,36.59,17.5333333333
20,0,18.2,36.6633333333,17.6
30,0,18.1,36.7,17.6
50,0,18.1,36.7,17.6
50,0,18.1,36.73,17.6
50,0,18.1,36.79,17.6
60,0,18.0,36.73,17.6
50,0,18.0,36.79,17.6
40,0,18.0,36.79,17.6
40,0,18.0,36.8725,17.6
50,0,18.0,36.9666666667,17.6
40,0,17.9633333333,37.0,17.6
50,0,17.89,37.06,17.6
50,0,17.89,37.1266666667,17.6
60,0,17.89,37.26,17.6
40,0,17.89,37.29,17.6
30,0,17.89,37.3633333333,17.6
20,0,17.89,37.4333333333,17.6
30,0,17.89,37.5,17.6
20,0,17.89,37.53,17.6
50,0,17.8233333333,37.59,17.6
50,0,17.79,37.59,17.6
50,0,17.79,37.6633333333,17.6
60,0,17.79,37.73,17.6
40,0,17.79,37.79,17.6
50,0,17.79,37.8266666667,17.6333333333
50,0,17.79,37.9,17.6333333333
40,0,17.745,37.95,17.6666666667
50,0,17.79,38.03,17.6666666667
50,0,17.73,38.09,17.6333333333
50,0,17.7,38.1266666667,17.7
50,0,17.7,38.2,17.6333333333
40,0,17.7,38.23,17.625
30,0,17.7,38.3633333333,17.6666666667
20,0,17.7,38.4333333333,17.7
30,0,17.7,38.5,17.7
40,10,17.7,38.53,17.6333333333
50,0,17.7,38.59,17.7
50,0,17.7,38.6266666667,17.7
50,0,17.7,38.7,17.7
50,0,17.6,38.7,17.6666666667
50,0,17.6,38.7,17.6
40,0,17.6,38.79,17.6333333333
50,0,17.6,38.8633333333,17.6333333333
40,0,17.6,38.9333333333,17.6666666667
50,0,17.6,39.0,17.6
50,0,17.6,39.09,17.6333333333
50,0,17.6,39.1266666667,17.7
40,0,17.6,39.2,17.6
30,0,17.6,39.29,17.6
30,0,17.6,39.29,17.6666666667
10,0,17.5666666667,39.4,17.65
40,0,17.5,39.4666666667,17.6
80,0,17.5333333333,39.5,17.6666666667
50,0,17.5333333333,39.56,17.6666666667
60,0,17.5,39.73,17.6333333333
40,0,17.5,39.93,17.7
50,10,17.5,40.1566666667,17.6
40,10,17.5,40.29,17.6
50,0,17.5,40.53,17.6333333333
40,10,17.5,40.6633333333,17.6333333333
270,0,17.5,40.8266666667,17.7
150,0,17.5,40.9666666667,17.7
360,0,17.5,41.23,17.7
540,0,17.5,41.3725,17.7
280,0,17.5666666667,41.6,17.7
150,0,17.6333333333,42.1333333333,17.7
110,0,17.7,42.6,17.7
280,0,17.7,43.03,17.7
420,0,17.7,43.2966666667,17.7
180,0,17.79,43.6566666667,17.7
100,0,17.79,43.93,17.7
80,0,17.8233333333,44.1266666667,17.7
90,0,17.89,44.26,17.7
70,0,17.89,44.3266666667,17.7
90,0,17.89,44.4,17.6333333333
70,0,18.0,44.5,17.7
320,0,18.0,44.6333333333,17.7
590,0,18.1,45.23,17.7
320,0,18.1666666667,45.3633333333,17.7
310,0,18.3233333333,46.1,17.7
310,0,18.4633333333,46.56,17.7
300,0,18.39,45.6,17.7
270,0,18.3566666667,45.43,17.7
250,0,18.29,45.23,17.7
220,0,18.26,45.06,17.7
110,0,18.2,44.86,17.73
90,0,18.2,44.6633333333,17.73
80,0,18.2,44.59,17.7
80,0,18.2,44.4666666667,17.73
80,0,18.1333333333,44.4,17.73
70,0,18.1666666667,44.29,17.73
70,0,18.1,44.23,17.73
50,0,18.1,44.2,17.76
60,0,18.1,44.1266666667,17.7
60,10,18.1,44.09,17.7
80,10,18.1,44.09,17.76
80,0,18.1,44.83,17.79
90,0,18.1,45.2966666667,17.79
90,0,18.2,45.6566666667,17.79
90,0,18.26,45.99,17.79
80,0,18.29,46.3,17.79
90,0,18.39,46.53,17.79
90,0,18.39,46.6633333333,17.79
100,0,18.4266666667,46.7666666667,17.79
100,0,18.5,46.9,17.79
90,0,18.5,47.0,17.79
100,10,18.5666666667,47.0,17.79
80,0,18.6,47.0,17.79
140,0,18.6,47.0,17.79
440,0,18.6,47.0,17.79
340,0,18.6666666667,47.06,17.79
170,0,18.6333333333,47.4666666667,17.79
100,0,18.7,48.4666666667,17.79
120,0,18.79,49.1266666667,17.79
200,0,18.73,49.1266666667,17.79
300,0,18.79,49.0266666667,17.79
100,10,18.79,48.9666666667,17.79
80,0,18.79,49.2666666667,17.79
70,10,18.865,49.4,17.79
70,0,18.89,49.3266666667,17.8233333333
80,0,18.89,49.06,17.89
140,10,18.89,48.9333333333,17.8233333333
110,20,18.89,48.8266666667,17.89
90,20,19.0966666667,49.16,17.8233333333
100,20,19.7333333333,48.9233333333,17.89
90,20,20.26,48.2566666667,17.89
90,30,20.8333333333,47.7233333333,17.89
100,20,21.2266666667,47.39,17.89
90,20,21.5,46.8333333333,17.89
110,20,21.4266666667,46.5666666667,17.89
90,30,21.29,46.5,17.89
60,20,21.23,46.4333333333,17.89
60,20,21.1666666667,46.4333333333,17.89
60,20,21.1,46.5,17.89
60,30,21.0,46.4,17.89
50,20,21.0,46.4,17.89
50,20,21.0966666667,46.4333333333,17.89
70,20,21.6225,46.225,17.89
50,20,22.1933333333,45.86,17.89
40,20,22.6966666667,45.43,17.89
30,20,23.0966666667,45.1566666667,17.89
30,20,23.4933333333,44.8333333333,17.89
40,0,23.76,44.2333333333,17.89
50,0,23.6333333333,43.5266666667,17.89
50,0,23.36,43.3266666667,18.0
50,0,23.0666666667,43.2,18.0
50,0,22.86,43.2,18.0
70,0,22.5666666667,43.09,18.0
40,0,22.4266666667,43.09,18.0
50,0,22.1666666667,43.1266666667,18.0
50,0,22.0333333333,43.26,18.0
40,0,21.8566666667,43.29,18.0
40,0,21.73,43.3633333333,18.0
50,0,21.5666666667,43.4633333333,18.0
60,0,21.5,43.59,18.0
50,0,21.29,43.6266666667,18.0666666667
40,0,21.23,43.7,18.0
50,0,21.1,43.745,18.0
40,0,21.0,43.79,18.0
20,0,20.9266666667,43.8633333333,18.0
20,0,20.8566666667,43.9666666667,18.0
40,0,20.73,43.9666666667,18.0666666667
50,0,20.6666666667,44.06,18.0
60,0,20.6,44.06,18.05
50,0,20.5666666667,44.09,18.1
40,0,20.5,44.1633333333,18.0333333333
40,0,20.4633333333,44.26,18.0333333333
50,0,20.39,44.26,18.1
50,0,20.29,44.29,18.1
50,0,20.29,44.3633333333,18.1
50,0,20.26,44.4,18.1
50,0,20.2,44.4,18.1
50,0,20.1666666667,44.4,18.1
40,0,20.1,44.4666666667,18.1
50,0,20.1,44.53,18.1
40,0,20.0333333333,44.53,18.1
40,0,20.0,44.5,18.1666666667
50,0,19.89,44.53,18.1
60,0,19.89,44.59,18.2
30,0,19.89,44.59,18.1333333333
30,0,19.89,44.59,18.2
20,0,19.8233333333,44.6266666667,18.2
40,0,19.8233333333,44.6266666667,18.2
50,0,19.79,44.59,18.2
40,0,19.79,44.59,18.2
50,0,19.7,44.59,18.2
40,0,19.7,44.59,18.2
50,0,19.7,44.7,18.2
60,0,19.7,44.7,18.2
50,0,19.6666666667,44.6633333333,18.2
40,0,19.6,44.59,18.2
40,0,19.6,44.6266666667,18.2
50,0,19.6,44.7,18.2
40,0,19.6,44.7,18.26
50,0,19.6,44.7,18.26
40,0,19.5,44.7,18.23
50,10,19.5,44.73,18.29
90,0,19.5,44.8633333333,18.29
50,0,19.5,44.9333333333,18.29
30,0,19.4266666667,45.0,18.29
10,10,19.39,45.0666666667,18.29
40,20,19.39,45.2,18.29
60,20,19.4266666667,45.36,18.29
170,30,19.5666666667,45.6933333333,18.29
150,20,20.13,45.8633333333,18.29
70,30,20.4633333333,45.4633333333,18.29
60,30,20.5,45.3266666667,18.29
60,30,20.5,45.4666666667,18.3566666667
60,20,20.5666666667,45.6266666667,18.3066666667
60,30,20.5,45.6266666667,18.29
60,20,20.5,45.7,18.3566666667
80,20,20.5,45.6266666667,18.3566666667
80,20,20.5,45.6266666667,18.29
80,20,20.675,45.82,18.29
90,30,21.26,45.86,18.29
80,20,21.9266666667,45.46,18.29
80,20,22.26,45.0,18.29
80,20,22.2,44.59,18.3566666667
80,20,22.1333333333,44.6633333333,18.3566666667
80,20,22.0666666667,44.7,18.34
100,20,22.0,44.7,18.29
100,20,21.8566666667,44.76,18.3233333333
70,20,21.79,44.76,18.3233333333
70,30,21.76,44.8266666667,18.39
100,0,21.7,44.9,18.39
70,0,21.6666666667,44.8633333333,18.29
80,0,21.5333333333,44.79,18.3566666667
100,0,21.4633333333,44.79,18.3566666667
110,20,21.39,44.93,18.3566666667
120,20,21.7633333333,45.1333333333,18.39
110,20,21.89,44.86,18.39
110,20,21.89,44.8266666667,18.39
100,20,21.8233333333,44.9,18.39
90,20,21.745,44.95,18.39
110,30,21.76,45.09,18.39
100,20,21.7,45.09,18.39
110,20,21.7,45.2,18.39
110,20,21.7,45.2,18.39
100,20,21.7,45.2,18.39
110,20,21.6333333333,45.2,18.39
110,20,21.6,45.2,18.39
100,20,21.6,45.2,18.39
80,30,21.6,45.29,18.39
60,20,21.6,45.29,18.39
50,20,21.6,45.4,18.39
190,20,21.6,45.4,18.39
180,20,21.6,45.4666666667,18.39
110,20,21.6666666667,45.6,18.39
110,30,22.1633333333,45.6333333333,18.39
100,20,22.43,45.1666666667,18.39
100,20,22.5,44.7,18.39
100,20,22.4266666667,44.6266666667,18.39
100,20,22.29,44.59,18.39
200,30,22.2,44.5,18.39
500,20,22.2,44.5,18.39
340,20,22.1666666667,44.6266666667,18.39
120,0,22.1,44.76,18.39
160,10,22.0666666667,44.76,18.39
320,0,22.0,44.76,18.39
240,0,21.89,44.9333333333,18.39
340,20,21.89,45.1333333333,18.3233333333
140,20,21.79,45.23,18.39
400,20,21.79,45.3633333333,18.39
230,20,21.79,45.5,18.39
140,30,21.79,45.56,18.39
100,20,21.76,45.59,18.39
70,20,21.76,45.59,18.39
80,30,21.79,45.59,18.39
310,20,21.79,45.59,18.39
410,20,21.79,45.59,18.39
80,20,21.79,45.59,18.39
90,30,21.79,45.645,18.39
100,20,21.79,45.7,18.39
90,20,21.8566666667,45.76,18.39
90,30,21.8233333333,45.73,18.39
70,20,21.89,45.79,18.39
60,30,21.8233333333,45.6566666667,18.39
60,20,21.89,45.79,18.39
60,20,22.0966666667,46.0,18.39
60,20,22.3566666667,45.7266666667,18.39
60,30,22.5,45.59,18.39
60,20,22.5,45.59,18.4633333333
60,20,22.39,45.4666666667,18.4266666667
50,30,22.39,45.4,18.4266666667
60,20,22.39,45.4,18.39
60,20,22.39,45.4,18.4633333333
40,30,22.3566666667,45.4666666667,18.4633333333
40,20,22.3566666667,45.4,18.4633333333
40,20,22.3566666667,45.4,18.5
50,20,22.29,45.2666666667,18.4266666667
70,30,22.29,45.2,18.5
60,20,22.29,45.2,18.5
70,20,22.29,45.2,18.5
60,30,22.29,45.2,18.5
60,10,22.29,45.2,18.5
50,10,22.26,45.1,18.5
60,0,22.2,44.8266666667,18.5
60,0,22.1666666667,44.56,18.5
60,0,22.1,44.4333333333,18.5
60,0,22.0,44.29,18.5
50,0,21.9266666667,44.29,18.5
50,10,21.8566666667,44.26,18.5
60,0,21.79,44.2,18.5
50,0,21.7,44.2,18.5
60,0,21.6333333333,44.1266666667,18.5
60,0,21.6,44.09,18.5666666667
60,0,21.5333333333,44.1633333333,18.5666666667
60,0,21.5,44.2,18.5
50,0,21.4266666667,44.1266666667,18.5
60,0,21.39,44.09,18.6
40,0,21.39,44.09,18.6
50,0,21.3233333333,44.09,18.6
20,0,21.26,44.1633333333,18.6
40,0,21.26,44.1633333333,18.6
50,0,21.2,44.09,18.6
50,0,21.2,44.09,18.6
70,0,21.1,44.09,18.6
50,0,21.1,44.09,18.6
50,0,21.1,44.09,18.6
50,0,21.0333333333,44.03,18.6
50,0,21.0,44.0,18.6
50,0,21.0,44.0,18.64
60,0,21.0,44.06,18.6285714286
70,0,21.0,44.0,18.64
50,0,20.89,44.0,18.6428571429
60,0,20.89,44.06,18.6
50,0,20.89,44.09,18.6142857143
50,0,20.8233333333,44.03,18.66
50,0,20.79,44.0,18.7
60,10,20.79,44.0,18.7
50,0,20.79,44.0,18.6285714286
50,10,20.7,43.9666666667,18.7
60,10,20.7,43.9,18.7
70,0,20.7,43.8633333333,18.7
50,0,20.7,43.73,18.7
50,0,20.6333333333,43.6266666667,18.66
30,0,20.7,43.7,18.7
50,10,20.6,43.5,18.66
140,0,20.6,43.5,18.68
130,0,20.6,43.4666666667,18.6666666667
50,10,20.6,43.4,18.7
50,0,20.5,43.4,18.79
80,0,20.5,43.4,18.79
330,0,20.5,43.4333333333,18.79
230,0,20.5,43.5,18.79
70,0,20.5,43.5,18.79
40,10,20.5,43.56,18.79
40,10,20.4633333333,43.59,18.79
70,0,20.39,43.6175,18.79
60,0,20.39,43.76,18.79
80,10,20.39,43.79,18.79
50,10,20.39,43.79,18.79
40,0,20.3233333333,43.9,18.79
50,10,20.39,43.9,18.79
360,0,20.39,43.9333333333,18.79
390,0,20.3233333333,44.0,18.754
300,0,20.29,44.0,18.79
260,0,20.29,44.06,18.79
270,0,20.29,44.09,18.79
230,0,20.29,44.09,18.736
340,0,20.29,44.09,18.7
230,0,20.29,44.1633333333,18.7
100,0,20.29,44.23,18.7257142857
90,0,20.29,44.29,18.7
90,0,20.29,44.29,18.7
110,0,20.29,44.3633333333,18.7
100,0,20.29,44.4333333333,18.7
130,0,20.29,44.5,18.65
120,0,20.29,44.56,18.7
60,0,20.29,44.7,18.7
40,0,20.29,44.7,18.7
40,0,20.2,44.73,18.7
30,0,20.2,44.79,18.7
50,0,20.2,44.9,18.7
50,0,20.2,44.9666666667,18.7
60,0,20.2,45.09,18.7
50,0,20.2,45.1633333333,18.7
50,0,20.2,45.23,18.7514285714
50,0,20.2,45.29,18.79
50,0,20.2,45.4,18.79
60,0,20.2,45.4,18.754
70,0,20.2,45.4333333333,18.7385714286
70,0,20.2,45.56,18.754
60,0,20.2,45.59,18.7257142857
50,0,20.2,45.6633333333,18.7
50,0,20.2,45.7,18.7385714286
40,0,20.1333333333,45.6266666667,18.7
40,0,20.1,45.395,18.7
40,0,20.1,45.1333333333,18.7
30,0,20.1,44.9333333333,18.7
30,0,20.1,44.6633333333,18.7
40,0,20.1,44.53,18.7
80,0,20.0,44.2233333333,18.6714285714
150,0,20.0,44.03,18.64
390,10,20.0,43.8633333333,18.6857142857
240,0,20.0,43.6566666667,18.6
240,20,20.0,43.4666666667,18.6714285714
230,40,20.0,43.3266666667,18.6
240,30,20.0,43.3266666667,18.6
240,30,20.0,43.4,18.6
190,20,20.1,43.53,18.6
100,10,20.1666666667,43.6633333333,18.6
120,10,20.2,43.4666666667,18.6
120,20,20.2,43.3266666667,18.56
110,20,20.1666666667,43.1333333333,18.6
120,20,20.1,42.9333333333,18.6
160,40,20.1,42.995,18.6
120,30,20.5233333333,43.4333333333,18.6
140,30,21.0633333333,43.4333333333,18.6
110,30,21.6,42.8633333333,18.6
110,30,21.6,42.7966666667,18.5571428571
120,20,21.6,43.03,18.6
310,20,21.5333333333,42.9633333333,18.5714285714
110,30,21.4633333333,42.7233333333,18.56
110,20,21.39,42.8633333333,18.525
110,20,21.4633333333,43.1,18.5
100,30,21.39,42.9,18.5
70,20,21.39,42.7233333333,18.5428571429
90,20,21.39,42.59,18.5
70,20,21.39,42.5,18.5
60,30,21.39,42.4333333333,18.5
70,20,21.39,42.4266666667,18.5
50,20,21.39,42.8333333333,18.5
60,20,21.5,43.09,18.5
60,20,21.5,43.1633333333,18.5
80,20,21.5,43.345,18.5
90,30,21.5,43.4333333333,18.5
70,20,21.5,43.5,18.5
50,20,21.6,43.59,18.5
40,20,21.6,43.59,18.5
50,20,21.5666666667,43.56,18.5
60,20,21.5666666667,43.56,18.5
60,30,21.6,43.59,18.5
80,20,21.6,43.59,18.5
70,20,21.6333333333,43.6266666667,18.56
70,20,21.8266666667,43.5,18.5
70,20,21.89,43.29,18.52
70,30,21.89,43.1566666667,18.5714285714
60,20,21.89,43.09,18.5
60,10,21.8233333333,42.9633333333,18.525
60,10,21.8566666667,42.96,18.5857142857
60,0,21.79,42.5,18.56
60,0,21.6666666667,42.1933333333,18.5285714286
60,0,21.6,41.9333333333,18.54
50,0,21.5,41.79,18.5285714286
50,0,21.39,41.7,18.56
60,0,21.39,41.7,18.5285714286
40,0,21.29,41.59,18.56
30,0,21.23,41.4633333333,18.5571428571
50,0,21.1,41.4,18.56
40,0,21.1,41.4666666667,18.5571428571
70,0,21.0,41.29,18.5
60,0,21.0,41.29,18.5571428571
60,0,20.89,41.4,18.6
50,0,20.89,41.4,18.6
60,0,20.815,41.3175,18.6
50,0,20.79,41.3633333333,18.5571428571
60,0,20.76,41.5,18.58
50,0,20.7,41.5,18.5714285714
60,0,20.7,41.5,18.6
70,0,20.6333333333,41.4333333333,18.6
60,0,20.6,41.4,18.58
60,0,20.6,41.4,18.5714285714
50,0,20.6,41.45,18.6
50,0,20.5,41.5,18.5625
60,0,20.5,41.5,18.6
50,0,20.5,41.5,18.6
60,0,20.4266666667,41.5,18.6
40,0,20.39,41.53,18.6
40,0,20.39,41.59,18.6
40,0,20.39,41.59,18.6
50,0,20.3233333333,41.59,18.6
50,0,20.29,41.59,18.6
60,0,20.29,41.59,18.6142857143
40,10,20.29,41.6633333333,18.68
80,0,20.29,41.59,18.6
50,0,20.2,41.4633333333,18.6
50,0,20.2,41.6633333333,18.6
50,0,20.2,41.79,18.6
40,10,20.2,41.79,18.6
90,0,20.2,41.86,18.6
50,0,20.2,41.9333333333,18.6
60,0,20.1,42.0,18.6
60,0,20.1,41.9,18.6
70,0,20.1,41.5666666667,18.6
50,0,20.1,41.3333333333,18.6
30,0,20.0333333333,41.1266666667,18.58
280,0,20.0,40.8633333333,18.5
70,0,20.0666666667,41.1233333333,18.5
390,0,20.4933333333,41.59,18.5
80,0,20.8266666667,41.4633333333,18.5
250,0,21.1966666667,41.39,18.5
220,0,21.6566666667,41.53,18.5
70,0,22.1,40.8333333333,18.5
80,0,22.0333333333,40.36,18.5
70,0,21.8566666667,40.3633333333,18.5
70,0,21.79,40.29,18.5
400,0,21.6666666667,40.1633333333,18.5
180,0,21.6,40.09,18.5
60,0,21.6,40.0,18.5
60,0,21.6,40.06,18.5
60,0,21.5,40.145,18.5
40,0,21.5,40.3266666667,18.5
50,0,21.5,40.4,18.5
40,0,21.6,40.4333333333,18.5
190,0,21.5333333333,40.4333333333,18.5
50,0,21.6633333333,40.5,18.5
60,0,22.0633333333,40.5,18.5
170,0,22.5,40.0633333333,18.5
180,0,22.5,39.73,18.5
190,0,22.3566666667,39.56,18.5
160,0,22.23,39.5,18.5
180,0,22.1,39.4,18.5
40,10,22.1,39.4,18.5
40,10,21.9633333333,39.1333333333,18.5
70,20,21.89,38.9333333333,18.5
60,30,21.79,38.9,18.5
60,20,21.79,38.9666666667,18.5
60,20,21.79,39.0,18.5
40,20,21.79,39.1333333333,18.5142857143
50,20,21.79,39.3266666667,18.54
40,30,21.865,39.4975,18.5428571429
60,20,21.89,39.59,18.5
60,20,21.89,39.59,18.5
90,30,21.89,39.53,18.52
340,20,22.0,39.5,18.5571428571
220,20,22.0,39.5,18.56
70,30,22.0,39.59,18.5142857143
60,20,22.0,39.53,18.58
50,20,22.0,39.0266666667,18.5
50,20,21.9266666667,38.8266666667,18.5
50,30,21.89,38.56,18.5
50,10,21.8233333333,38.36,18.5
60,10,21.79,38.2,18.5
50,0,21.73,38.2,18.5
50,10,21.6666666667,38.0266666667,18.4842857143
40,20,21.6,38.0266666667,18.434
40,30,21.6,38.1566666667,18.4214285714
80,20,21.6,38.3633333333,18.39
280,20,21.6,38.53,18.39
390,20,21.6,38.695,18.39
290,20,21.6,38.8633333333,18.39
300,30,21.6333333333,38.9633333333,18.39
210,10,21.7,39.09,18.39
90,0,21.6666666667,38.99,18.3757142857
110,10,21.6,38.79,18.33
110,10,21.5,38.56,18.29
120,10,21.4266666667,38.4333333333,18.29
130,20,21.39,38.29,18.29
120,0,21.39,38.3633333333,18.29
80,0,21.39,38.3333333333,18.29
90,0,21.3233333333,38.1266666667,18.29
90,0,21.26,38.0266666667,18.29
240,20,21.2,37.9,18.29
90,10,21.2,38.2,18.29
80,30,21.2,38.26,18.29
90,20,21.2,38.5966666667,18.2642857143
90,20,21.2,38.8633333333,18.272
110,20,21.2,38.8333333333,18.2385714286
90,10,21.2,38.645,18.2
80,10,21.2,38.7,18.2
90,0,21.1,38.43,18.2
90,0,21.1,38.23,18.2
80,0,21.0,37.9666666667,18.2
50,10,21.0,37.8266666667,18.2
50,0,20.89,37.9,18.2
50,0,20.89,38.0266666667,18.2
50,0,20.79,38.03,18.2
50,0,20.79,38.09,18.2
60,0,20.79,38.1266666667,18.2
60,0,20.73,38.2,18.2
50,0,20.7,38.23,18.2
50,0,20.7,38.3633333333,18.2
40,0,20.6666666667,38.4,18.2
50,0,20.6666666667,38.4666666667,18.2
50,0,20.6,38.4,18.2257142857
50,0,20.6,38.4666666667,18.2
50,0,20.5666666667,38.53,18.2
50,0,20.5,38.53,18.254
50,0,20.5,38.545,18.2642857143
50,0,20.5,38.53,18.254
50,0,20.4266666667,38.53,18.2385714286
40,0,20.39,38.5,18.29
40,0,20.39,38.56,18.2642857143
50,0,20.39,38.53,18.254
50,0,20.39,38.53,18.2771428571
50,0,20.29,38.5,18.29
50,0,20.29,38.5,18.29
30,0,20.29,38.4333333333,18.29
50,0,20.29,38.4333333333,18.29
40,0,20.2,38.4,18.29
50,0,20.2,38.4,18.29
40,0,20.2,38.4,18.29
50,0,20.2,38.4,18.29
50,0,20.2,38.29,18.29
60,0,20.2,38.29,18.29
50,0,20.1666666667,38.29,18.29
50,0,20.1,38.43,18.29
40,0,20.1,38.745,18.29
50,0,20.0666666667,38.8333333333,18.29
40,0,20.0666666667,38.7,18.29
60,0,20.0,38.5,18.29
50,0,20.0,38.5,18.29
50,0,20.0,38.4666666667,18.29
50,0,20.0,38.4,18.29
50,0,19.9633333333,38.4,18.29
40,0,19.89,38.4,18.29
50,0,19.89,38.4,18.29
40,0,19.89,38.4,18.29
50,0,19.8566666667,38.3633333333,18.29
40,0,19.8566666667,38.29,18.272
40,0,19.79,38.2,18.2642857143
30,0,19.79,38.2,18.29
30,0,19.79,38.2,18.29
40,0,19.79,38.2,18.245
50,0,19.76,38.23,18.218
40,10,19.7,38.29,18.2514285714
70,0,19.7,38.245,18.236
90,0,19.7,38.2,18.29
50,0,19.7,38.2,18.29
60,10,19.7,38.1633333333,18.29
40,0,19.7,38.09,18.29
80,0,19.6,37.9666666667,18.2128571429
50,0,19.6,37.8266666667,18.2
40,0,19.6,37.5266666667,18.2
40,0,19.6,37.3266666667,18.2
40,0,19.5666666667,37.06,18.1285714286
40,10,19.5,36.9333333333,18.18
40,0,19.5,36.76,18.1428571429
70,0,19.5,36.6266666667,18.1
90,10,19.5,36.4666666667,18.1571428571
60,0,19.5,36.4,18.18
80,0,19.5,36.4,17.9214285714
90,0,19.5,36.4666666667,17.6
50,0,19.5,36.6266666667,17.5142857143
60,0,19.575,36.7,17.478
80,0,19.6,36.76,17.4971428571
50,10,19.6333333333,36.79,17.7
60,0,19.7,36.8633333333,17.7128571429
60,0,19.73,36.9,17.84
50,0,19.79,36.9666666667,17.89
30,0,19.8233333333,37.03,17.9371428571
40,0,19.89,37.1633333333,18.0
70,0,19.9266666667,37.2,18.0
80,0,20.0,37.2,18.06
120,0,20.0333333333,37.23,18.1
40,10,20.1,37.3633333333,18.1
70,0,20.2,37.4,18.1428571429
40,0,20.26,37.4666666667,18.12
50,0,20.29,37.4,18.2
50,0,20.29,37.4,18.2
50,10,20.29,37.29,18.2
50,0,20.29,37.29,18.2
50,0,20.29,37.29,18.2
140,0,20.29,37.2675,18.2
60,0,20.29,37.26,18.2128571429
240,0,20.29,37.2,18.29
200,0,20.29,37.2,18.29
230,0,20.29,37.09,18.29
90,0,20.29,37.03,18.29
190,0,20.29,37.0,18.29
90,0,20.29,36.9333333333,18.3185714286
90,0,20.29,36.8633333333,18.39
80,0,20.29,36.79,18.39
80,0,20.29,36.7,18.39
230,0,20.29,36.7,18.39
420,0,20.26,36.59,18.39
150,0,20.2,36.53,18.39
80,0,20.2,36.5,18.39
90,0,20.2,36.4333333333,18.39
110,0,20.2,36.3633333333,18.39
100,0,20.2,36.3633333333,18.5
100,0,20.23,36.5666666667,18.4685714286
100,0,20.29,36.7675,18.5
80,0,20.29,36.79,18.5
70,0,20.29,36.8266666667,18.5
80,0,20.3566666667,36.8266666667,18.5
70,0,20.3566666667,36.76,18.456
80,0,20.29,36.7,18.5
90,0,20.29,36.59,18.434
80,0,20.29,36.53,18.4057142857
80,0,20.26,36.4,18.39
80,0,20.2,36.1266666667,18.39
90,0,20.2,35.9666666667,18.39
100,0,20.1333333333,35.8266666667,18.3757142857
90,10,20.1,35.7,18.29
110,10,20.0333333333,35.6266666667,18.3328571429
120,10,20.0666666667,36.1566666667,18.29
100,30,20.0666666667,36.49,18.29
190,30,20.1333333333,36.8266666667,18.245
100,10,20.2,36.9666666667,18.236
100,10,20.29,37.29,18.2
90,10,20.29,37.2225,18.2
70,0,20.23,37.0,18.2
90,0,20.2,36.9333333333,18.2
80,10,20.2,37.2666666667,18.2
110,0,20.1666666667,37.53,18.2
120,10,20.1,37.6633333333,18.2
120,20,20.1,37.79,18.2
160,20,20.1,37.53,18.2
120,30,20.1,37.1333333333,18.16
110,20,20.1,37.2666666667,18.1571428571
120,20,20.2,37.1633333333,18.14
110,20,20.2,37.2233333333,18.1
110,20,20.5233333333,37.6633333333,18.1
110,20,20.93,37.39,18.1
90,30,21.1,37.2,18.1
110,20,21.0333333333,37.1266666667,18.1
90,20,21.0,37.1266666667,18.1
70,20,21.0,37.2,18.0571428571
80,30,21.1966666667,37.29,18.1
80,20,21.39,37.245,18.1
70,20,21.39,37.3633333333,18.1
90,20,21.3233333333,37.4333333333,18.1
90,20,21.39,37.6333333333,18.1
60,20,21.8333333333,37.9,18.1
60,30,22.3666666667,37.8266666667,18.0571428571
50,20,22.86,37.49,18.1
70,20,22.9266666667,37.0966666667,18.0857142857
60,20,22.76,36.9,18.02
70,20,22.6333333333,36.9,18.0571428571
60,30,22.5666666667,36.9333333333,18.1
60,20,22.4266666667,36.9333333333,18.0857142857
50,0,22.3566666667,36.9333333333,18.02
50,10,22.29,37.0,18.1
20,0,22.1666666667,36.6333333333,18.06
30,0,22.0333333333,36.4333333333,18.08
20,0,21.89,36.4,18.0333333333
40,0,21.7633333333,36.4,18.1
60,0,21.6666666667,36.3633333333,18.1
50,0,21.5333333333,36.3633333333,18.1
50,0,21.39,36.29,18.1
40,0,21.29,36.3633333333,18.1
40,0,21.23,36.23,18.1
40,0,21.1,36.2,18.1
50,0,21.1,36.2,18.1
50,0,21.0,36.09,18.1
60,0,20.9266666667,36.09,18.1
50,0,20.8566666667,36.09,18.1
50,0,20.79,36.1633333333,18.1
40,0,20.7,36.2,18.1
30,0,20.7,36.26,18.1
30,0,20.6,36.23,18.1
20,0,20.6,36.3633333333,18.1
40,0,20.5,36.5,18.1
50,0,20.5,36.5,18.0333333333
50,0,20.4633333333,36.56,18.0666666667
50,0,20.39,36.5,18.0666666667
50,0,20.39,36.5,18.1
50,0,20.3233333333,36.5,18.1
50,0,20.29,36.545,18.1
40,0,20.2,36.4333333333,18.1
50,0,20.2,36.5,18.1
50,0,20.2,36.53,18.1
50,0,20.2,36.53,18.1
50,0,20.1,36.56,18.1
40,0,20.1,36.56,18.1
40,0,20.0666666667,36.56,18.1
30,0,20.0,36.5,18.1
20,0,20.0,36.5,18.1
30,0,20.0,36.5,18.1
70,10,19.9633333333,36.59,18.1
80,0,19.89,36.59,18.1
60,10,19.89,36.7,18.1
40,0,19.89,36.7,18.1
40,0,19.8566666667,36.76,18.1
80,0,19.79,36.7,18.1
210,0,19.79,36.79,18.1
260,0,19.79,36.73,18.1
180,0,19.745,36.645,18.0666666667
80,0,19.76,36.56,18.0
60,0,19.76,36.6333333333,18.0666666667
70,10,20.2333333333,36.8633333333,18.0
110,20,20.6933333333,36.73,18.0
350,30,21.1633333333,36.7233333333,18.0
250,20,21.29,36.39,18.0
130,20,21.2,36.0666666667,18.0
100,20,21.26,36.3333333333,18.0
100,20,21.29,36.6266666667,18.0333333333
100,30,21.3566666667,36.76,18.0333333333
90,20,21.4266666667,36.9633333333,18.1
100,20,21.5666666667,37.09,18.1
80,20,21.6333333333,37.1266666667,18.1
80,30,21.76,37.2,18.1
270,20,21.8233333333,37.23,18.1
770,20,21.89,37.29,18.1666666667
540,30,22.0,37.09,18.2
360,20,22.0,37.03,18.2
300,20,22.1,37.0,18.2
270,30,22.1333333333,37.03,18.2
250,20,22.2,36.9633333333,18.23
230,20,22.23,36.8266666667,18.23
210,20,22.29,36.8266666667,18.245
160,30,22.3233333333,36.76,18.26
70,20,22.39,36.5666666667,18.26
80,20,22.4633333333,36.2966666667,18.29
350,20,22.39,35.9633333333,18.29
710,30,22.39,35.6633333333,18.23
450,20,22.39,35.59,18.29
350,20,22.29,35.4333333333,18.29
280,20,22.29,35.5,18.29
300,20,22.3566666667,35.59,18.29
250,20,22.29,35.6633333333,18.29
230,30,22.39,35.7,18.29
110,20,22.39,35.6266666667,18.29
60,20,22.39,35.53,18.29
60,30,22.3233333333,35.6633333333,18.29
300,20,22.29,35.7,18.29
290,20,22.29,35.6633333333,18.29
250,20,22.29,35.59,18.23
230,20,22.2,35.53,18.29
220,20,22.2,35.6633333333,18.2
130,30,22.2,35.9633333333,18.2
80,0,22.1333333333,36.09,18.26
80,0,22.1,35.8633333333,18.26
80,0,22.0333333333,35.39,18.26
70,0,21.89,35.06,18.26
80,0,21.8233333333,34.9333333333,18.2
70,10,21.7,34.76,18.2
80,0,21.6333333333,34.6266666667,18.2
90,0,21.5666666667,34.7,18.2
90,0,21.5,34.7,18.2
80,0,21.4633333333,34.76,18.2
80,0,21.3233333333,34.7,18.2
80,0,21.29,34.73,18.2
100,0,21.23,34.6566666667,18.2
90,0,21.2,34.59,18.1666666667
100,20,21.1,34.095,18.1
110,30,21.0,33.79,18.1
720,20,21.0,33.9,18.1
530,20,21.0,33.9666666667,18.1
100,10,21.0333333333,34.2266666667,18.0666666667
100,10,21.0333333333,34.8333333333,18.0
90,10,21.0666666667,35.7266666667,18.0666666667
90,0,21.0,36.1333333333,18.0
100,0,21.0,36.2666666667,18.0
130,0,21.0,36.4666666667,18.0
120,0,20.89,36.53,18.0
120,0,20.89,36.59,18.0
130,40,20.89,36.7666666667,17.9633333333
130,20,21.03,37.0266666667,17.9633333333
130,20,21.46,37.09,18.0
160,30,21.8666666667,37.2233333333,18.0
90,20,22.1333333333,36.6633333333,18.0
100,20,22.2,36.59,18.0
90,20,22.1,36.3633333333,17.89
60,30,22.025,36.1175,17.89
70,20,22.0,35.9333333333,17.89
50,20,21.9633333333,35.9,17.89
70,20,21.9633333333,35.8266666667,17.89
80,20,21.89,35.79,17.89
70,20,21.89,35.73,17.89
70,30,21.89,35.7,17.89
60,20,21.89,35.6266666667,17.89
60,20,21.89,35.8,17.89
70,20,21.89,36.06,17.89
60,30,21.89,36.36,17.89
60,20,21.89,36.5,17.89
60,30,21.89,36.53,17.89
60,20,21.89,36.59,17.89
60,20,21.89,36.86,17.89
60,20,21.89,37.0,17.89
40,0,21.89,36.9,17.89
30,0,21.8233333333,36.6933333333,17.89
30,0,21.76,36.4666666667,17.89
30,0,21.675,36.295,17.89
40,10,21.6,36.2,17.89
50,0,21.5,36.09,17.89
50,0,21.4266666667,36.03,17.89
40,0,21.39,36.0,17.89
60,0,21.3233333333,36.06,17.89
50,0,21.26,36.06,17.89
50,0,21.2,36.0,17.89
50,0,21.1666666667,36.03,17.89
40,0,21.1,36.09,17.89
40,10,21.0666666667,36.06,17.9633333333
40,0,21.0,36.0,17.89
40,0,20.9633333333,36.0,17.9633333333
50,0,20.89,36.0,18.0
50,0,20.89,36.0,17.9266666667
30,0,20.8233333333,36.0,17.9266666667
30,0,20.79,36.0,18.0
20,0,20.73,36.0,17.9266666667
40,0,20.7,36.09,18.0
40,10,20.7,36.09,17.9266666667
60,0,20.6333333333,36.03,18.0
40,0,20.6,36.0,18.0
50,0,20.6,36.0,18.0
60,0,20.5666666667,36.03,18.0
50,0,20.5,36.09,18.0
40,0,20.5,36.09,18.0
40,0,20.5,36.1633333333,18.0
50,0,20.5,36.2,18.0
50,10,20.4266666667,36.2,18.0
40,0,20.39,36.2,18.0
50,0,20.39,36.2,18.0
50,0,20.39,36.2,18.0
50,0,20.3233333333,36.26,17.89
50,0,20.29,36.29,17.9633333333
10,0,20.29,36.29,18.0
20,0,20.29,36.4,18.0
30,0,20.29,36.4,18.0
40,0,20.2,36.29,18.0
60,0,20.2,36.29,18.0
50,0,20.2,36.29,18.0
70,10,20.2,36.3266666667,18.0
70,0,20.1333333333,36.5266666667,17.9633333333
40,10,20.1666666667,36.4333333333,17.9633333333
40,0,20.1,36.5,18.0
50,0,20.1,36.4666666667,18.0
40,0,20.0333333333,36.3266666667,18.0
40,0,20.0,36.1633333333,18.0
80,0,20.0,36.03,18.0
60,0,20.0,35.9666666667,17.9266666667
300,0,19.9266666667,35.9,17.89
70,0,19.89,35.9,17.89
360,10,19.89,35.8266666667,17.89
170,0,19.8566666667,35.76,17.89
330,0,19.8566666667,35.76,17.8566666667
210,0,19.89,35.79,17.8566666667
310,0,19.89,35.79,17.9266666667
350,0,19.8233333333,35.73,18.0
140,0,19.815,35.7225,18.0
90,0,19.8566666667,35.76,18.0
400,0,19.8566666667,35.76,18.0
230,0,19.79,35.7,18.0
60,0,19.8233333333,35.73,18.0
70,0,19.8233333333,35.6566666667,18.0
80,0,19.79,35.56,17.9266666667
70,0,19.79,35.5,17.89
60,0,19.76,35.5,17.89
50,0,19.76,35.4333333333,17.89
30,0,19.79,35.29,17.89
40,0,19.79,35.29,17.89
50,0,19.76,35.1633333333,17.89
390,0,19.76,35.09,17.89
410,0,19.79,35.09,17.89
630,0,19.79,35.09,17.89
450,0,19.7,35.09,17.89
420,0,19.7,35.09,17.89
370,0,19.79,35.1266666667,17.89
170,0,19.79,35.295,17.89
70,0,19.79,35.4666666667,17.89
60,0,19.79,35.6266666667,17.89
60,0,19.79,35.7,17.89
70,0,19.79,35.6633333333,17.89
70,0,19.79,35.59,17.89
60,0,19.79,35.4666666667,17.89
70,0,19.79,35.4,17.89
60,0,19.79,35.29,17.89
40,0,19.79,35.29,17.89
40,0,19.79,35.26,17.89
130,0,19.8566666667,35.2,17.89
40,0,19.8233333333,35.03,17.89
50,0,19.89,34.9633333333,18.0
50,0,19.8233333333,34.79,18.0
60,0,19.8233333333,34.6566666667,17.9266666667
40,0,19.79,34.3633333333,18.0
50,0,19.79,34.23,18.0
40,0,19.76,34.09,18.0
50,0,19.7,34.0225,18.0
40,0,19.7,33.9333333333,18.0
50,0,19.7,33.8633333333,17.945
60,0,19.7,33.73,18.0
50,0,19.7,33.6633333333,18.0
50,0,19.6333333333,33.53,17.89
40,0,19.6,33.5,17.89
30,0,19.6,33.5,17.89
40,0,19.6,33.4,17.89
60,0,19.6,33.4,17.8566666667
80,0,19.5666666667,33.5,17.8566666667
100,0,19.5,33.56,17.79
110,0,19.5,33.73,17.79
100,0,19.5,33.8633333333,17.79
90,0,19.5,34.03,17.79
110,0,19.4266666667,34.09,17.79
310,0,19.4633333333,34.29,17.79
200,0,19.4633333333,34.43,17.79
210,10,19.39,34.6,17.79
90,10,19.39,35.0,17.76
90,0,19.39,35.0,17.7
100,10,19.39,34.93,17.7
100,10,19.39,34.79,17.7
80,10,19.39,34.6633333333,17.7
90,20,19.3233333333,34.53,17.7
130,40,19.39,34.6333333333,17.7
80,30,19.5966666667,35.16,17.7
90,20,20.2666666667,35.6266666667,17.7
100,0,20.8666666667,35.7,17.7
150,0,21.2,35.2666666667,17.7
100,10,21.1333333333,34.8,17.6666666667
100,0,20.9633333333,34.4666666667,17.6
100,0,20.8233333333,34.3266666667,17.6666666667
100,0,20.6666666667,34.1633333333,17.6
80,0,20.6,34.09,17.6
90,0,20.5,34.09,17.6
50,10,20.4266666667,34.03,17.6
50,10,20.29,34.145,17.6
50,0,20.29,34.5666666667,17.6333333333
50,0,20.23,34.76,17.7
40,0,20.2,34.9333333333,17.7
40,0,20.1333333333,35.0,17.7
40,0,20.0666666667,35.06,17.7
20,0,20.0,35.06,17.7
20,0,19.9633333333,35.09,17.7
30,0,19.89,35.1633333333,17.7
60,0,19.89,35.2,17.7
50,0,19.89,35.2,17.7
50,0,19.79,35.2,17.7
40,0,19.79,35.2,17.7
40,0,19.7,35.2,17.7
50,0,19.7,35.2,17.7
50,0,19.7,35.2,17.7
40,0,19.6333333333,35.1266666667,17.7
60,0,19.6,35.1633333333,17.7
50,0,19.6,35.09,17.7
50,0,19.6,35.09,17.7
40,0,19.5,35.2,17.7
40,0,19.5,35.2,17.7
30,0,19.5,35.2,17.7
30,0,19.4266666667,35.1266666667,17.7
20,0,19.4633333333,35.1633333333,17.7
40,0,19.39,35.09,17.7
50,0,19.39,35.09,17.7
50,0,19.39,35.09,17.7
40,0,19.39,35.09,17.7
40,0,19.39,35.1633333333,17.7
50,0,19.29,35.1633333333,17.7
40,0,19.29,35.09,17.7
40,0,19.29,35.09,17.7
50,0,19.29,35.1633333333,17.7
60,0,19.23,35.09,17.7
50,0,19.23,35.09,17.7
40,0,19.2,35.06,17.7
50,0,19.2,35.06,17.7
40,0,19.2,35.09,17.76
20,0,19.1,35.09,17.7
30,0,19.1666666667,35.09,17.7
30,0,19.1,35.09,17.76
40,0,19.1,35.09,17.7
60,0,19.1,35.09,17.7
50,0,19.1,35.09,17.7
40,0,19.0,35.0,17.7
50,0,19.0,35.0,17.73
40,0,19.0,35.0,17.73
40,0,19.0,35.0,17.7
40,0,19.0,35.06,17.7
50,0,19.0,35.06,17.76
60,0,18.89,35.09,17.7
50,0,18.89,35.09,17.7
50,0,18.89,35.09,17.7
40,0,18.89,35.09,17.7
40,0,18.8566666667,35.06,17.7
40,0,18.84,35.0675,17.7
30,0,18.8566666667,35.3633333333,17.7
40,20,19.1966666667,35.9333333333,17.7
60,20,19.6566666667,36.1333333333,17.7
70,20,20.1633333333,36.2,17.7
70,30,20.3566666667,36.0666666667,17.7
60,10,20.39,35.8333333333,17.7
60,0,20.39,35.7,17.7
90,0,20.29,35.76,17.7
40,0,20.29,35.76,17.7
60,0,20.2,35.7666666667,17.76
70,10,20.2,36.16,17.79
310,0,20.29,36.73,17.79
290,0,20.29,36.73,17.8233333333
60,0,20.29,36.6,17.89
50,0,20.29,36.2666666667,17.89
60,0,20.2,36.09,17.89
50,10,20.26,36.1633333333,17.89
130,0,20.29,36.06,17.89
380,0,20.29,35.8975,17.89
320,0,20.29,35.6566666667,17.89
130,0,20.29,35.79,17.945
110,0,20.29,35.79,17.89
100,0,20.39,35.9,17.89
100,0,20.39,35.8266666667,17.89
100,10,20.39,35.7,17.89
110,0,20.4633333333,35.7,17.89
100,0,20.5,35.6633333333,17.89
90,0,20.5,35.53,17.89
100,0,20.6,35.43,17.89
100,0,20.6,35.23,17.89
70,0,20.6,35.09,17.9633333333
70,0,20.6666666667,35.1633333333,18.0
70,10,20.6,34.93,18.0
50,0,20.6,34.53,18.0
120,0,20.5666666667,34.1333333333,18.0
480,0,20.5,34.0,18.0
330,0,20.5,34.03,18.0
290,10,20.5,34.09,18.0
260,0,20.5,34.03,18.0666666667
220,0,20.5,33.9,18.1
190,0,20.5,33.9,18.1
70,0,20.5,33.76,18.1
70,0,20.5,33.7,18.1
60,0,20.5,33.59,18.1
60,0,20.5,33.59,18.1
80,0,20.5,33.5,18.1666666667
60,10,20.5,33.4333333333,18.1333333333
60,0,20.5,33.4,18.2
60,0,20.5,33.3266666667,18.1333333333
60,0,20.4633333333,33.26,18.2
70,0,20.39,33.1266666667,18.1666666667
40,0,20.39,33.09,18.1666666667
40,0,20.39,33.09,18.2
50,0,20.39,33.0,18.1333333333
60,0,20.39,32.9333333333,18.2
60,0,20.29,32.6333333333,18.2
60,0,20.29,32.475,18.2
70,0,20.29,32.3266666667,18.2
60,10,20.2,32.09,18.15
80,0,20.2,32.03,18.1666666667
80,0,20.1666666667,32.09,18.1
90,10,20.1,32.09,18.1
100,0,20.0,32.0,18.1
90,10,20.0,32.0,18.1
100,0,19.9633333333,32.0,18.1
90,10,19.89,32.0,18.1
90,10,19.8566666667,31.9633333333,18.1
80,10,19.79,31.89,18.1
80,10,19.76,31.89,18.1
80,0,19.7,31.89,18.0666666667
80,0,19.7,31.9633333333,18.0666666667
140,10,19.7,31.9633333333,18.1
110,10,19.6,31.9933333333,18.1
100,0,19.6666666667,32.4,18.0666666667
110,10,19.7,32.9266666667,18.0666666667
100,0,19.7,33.025,18.0
100,0,19.7,32.8266666667,18.0
110,0,19.6,32.56,18.0
110,0,19.6,32.4333333333,18.0666666667
110,0,19.6,32.29,18.0
110,0,19.6,32.23,18.0
100,0,19.5666666667,32.09,18.0
100,0,19.5,32.03,18.0
100,0,19.5,31.9633333333,18.0
90,0,19.5,31.89,17.9266666667
90,10,19.5,31.79,18.0
50,10,19.4266666667,31.8566666667,17.9266666667
60,10,19.39,32.1266666667,18.0
50,0,19.39,32.3333333333,18.0
60,0,19.39,32.4333333333,18.0
80,0,19.39,32.56,18.0
80,0,19.39,32.6266666667,18.0
80,0,19.39,32.76,18.0
70,0,19.39,32.9,18.0
80,10,19.39,33.0,18.0
70,0,19.3233333333,33.0,18.0
60,0,19.29,33.09,18.0
50,0,19.29,33.1633333333,18.0
60,0,19.29,33.2,18.0
50,0,19.29,33.2,18.0
40,0,19.29,33.23,18.0
60,0,19.23,33.23,18.0
30,0,19.2,33.23,18.0
40,0,19.2,33.23,18.0
30,0,19.2,33.23,18.0
40,0,19.2,33.29,18.0
50,0,19.2,33.3266666667,18.0
60,0,19.2,33.4,18.0
50,0,19.2,33.4,18.0
50,0,19.2,33.4,18.0
60,0,19.2,33.4,18.0
50,0,19.1333333333,33.4,18.0333333333
60,0,19.1,33.45,18.0333333333
60,0,19.1,33.5,18.0
40,0,19.1,33.5,18.0
50,0,19.0,33.4,18.0666666667
50,0,19.0666666667,33.4666666667,18.0666666667
50,0,19.0333333333,33.4333333333,18.0
40,0,19.0333333333,33.4333333333,18.0
30,0,19.0,33.4,18.0
30,0,19.0,33.4666666667,18.0
40,0,19.0,33.4666666667,18.0
50,0,19.0,33.4666666667,18.0
50,0,18.9266666667,33.5,18.0
40,0,19.0,33.5,18.0
50,0,18.89,33.5,18.0
50,0,18.89,33.5,18.0
60,0,18.89,33.5,18.0
70,0,18.89,33.5,18.0
50,0,18.89,33.59,18.0
50,0,18.865,33.5675,18.0
60,0,18.79,33.5,18.0
40,0,18.89,33.59,18.0
50,0,18.89,33.59,18.0
30,0,18.79,33.59,18.0
40,0,18.79,33.59,18.0
40,0,18.79,33.59,18.0
50,0,18.79,33.59,18.0333333333
50,0,18.79,33.6266666667,18.0333333333
50,0,18.79,33.6266666667,18.0
50,0,18.7,33.59,17.9266666667
50,0,18.7,33.6633333333,18.0
50,0,18.7,33.7,18.0
60,0,18.7,33.7,18.0
50,0,18.7,33.7,18.0
90,0,18.7,33.7,18.0
70,0,18.7,33.6633333333,18.0
90,0,18.7,33.4633333333,18.0
50,0,18.6666666667,33.1333333333,18.0
30,10,18.675,32.875,18.0
30,10,18.6333333333,32.5666666667,18.0
50,10,18.6666666667,32.3633333333,18.0
70,10,18.6666666667,32.49,18.0
90,0,18.7,32.9633333333,18.0
150,0,18.76,33.1633333333,18.0
70,0,18.79,33.1633333333,18.0666666667
50,0,18.8566666667,33.2966666667,18.0
50,0,18.89,33.3633333333,18.0
50,0,18.9633333333,33.29,18.0333333333
50,0,19.0333333333,33.3266666667,18.1
60,0,19.1666666667,33.4,18.1
50,0,19.23,33.53,18.1
60,0,19.23,33.53,18.1
30,0,19.3233333333,33.6266666667,18.1
30,0,19.39,33.7,18.1
30,0,19.4266666667,33.73,18.1
30,0,19.5,33.79,18.2
50,0,19.5,33.845,18.1333333333
60,0,19.6,33.9,18.2
60,0,19.6666666667,33.9666666667,18.2
50,0,19.73,34.0,18.15
50,0,19.79,34.0,18.1
50,0,19.89,34.0,18.1666666667
50,0,19.89,34.0,18.2
60,0,20.0,34.0,18.2
50,0,20.0,34.06,18.2
50,0,20.0,34.1266666667,18.2
60,0,20.0,34.2,18.23
40,0,20.0333333333,34.23,18.29
30,0,20.1,34.3633333333,18.29
30,0,20.1,34.5,18.29
30,0,20.1666666667,34.5,18.3233333333
50,0,20.2,34.53,18.39
60,0,20.2,34.59,18.39
60,0,20.2,34.6266666667,18.39
60,0,20.26,34.76,18.5
50,0,20.29,34.845,18.4266666667
60,0,20.29,34.9333333333,18.5
40,0,20.29,35.0,18.5
50,0,20.39,35.03,18.5
50,0,20.39,35.09,18.5
50,0,20.39,35.09,18.5
60,0,20.39,35.09,18.5
50,0,20.2266666667,32.2633333333,18.5
40,0,19.96,30.7966666667,18.5
30,0,19.8566666667,30.93,18.5
20,0,19.79,30.7233333333,18.5
40,0,19.79,30.89,18.5
60,0,19.79,30.89,18.5
40,0,19.73,31.0,18.5
60,0,19.73,31.0666666667,18.5
60,0,19.7,31.23,18.5
60,0,19.7,31.3566666667,18.4633333333
50,0,19.6666666667,31.5,18.4633333333
50,0,19.6,31.6333333333,18.39
50,0,19.6,31.795,18.4633333333
50,0,19.6,31.9566666667,18.4633333333
60,0,19.5333333333,32.1633333333,18.39
40,0,19.5,32.6266666667,18.39
30,0,19.5,32.7,18.39
40,0,19.5,32.7,18.39
40,0,19.5,32.76,18.39
50,0,19.39,32.73,18.39
60,0,19.39,32.6566666667,18.39
40,0,19.39,32.59,18.3233333333
50,0,19.3233333333,32.59,18.29
50,0,19.29,32.73,18.29
60,0,19.29,32.79,18.3566666667
60,0,19.29,32.9333333333,18.3566666667
80,10,19.29,33.06,18.29
130,10,19.2,33.09,18.29
110,20,19.2,33.1633333333,18.29
100,10,19.2,33.0633333333,18.29
80,10,19.2,32.5925,18.29
100,0,19.1333333333,32.2666666667,18.29
110,0,19.1,31.9,18.29
120,0,19.1,31.6333333333,18.29
70,0,19.0666666667,31.4633333333,18.245
70,0,19.0,31.3233333333,18.23
70,0,18.9633333333,31.29,18.23
60,10,18.9633333333,31.29,18.2
50,0,18.9266666667,31.5233333333,18.2
50,0,18.9266666667,31.93,18.2
60,0,18.89,32.1266666667,18.2
50,0,18.89,32.26,18.2
30,0,18.89,32.4,18.2
40,0,18.89,32.4666666667,18.2
30,0,18.89,32.53,18.2
40,0,18.89,32.59,18.2
60,0,18.79,32.59,18.2
50,0,18.79,32.59,18.2
60,0,18.79,32.7,18.2
70,0,18.79,32.7,18.2
50,0,18.79,32.76,18.2
50,0,18.79,32.79,18.2
60,0,18.73,32.79,18.2
50,0,18.7,32.9,18.2
40,0,18.7,32.9,18.2
30,0,18.7,32.9333333333,18.2
40,0,18.7,33.0,18.2
30,0,18.7,33.0,18.2
60,0,18.7,33.0,18.2
50,0,18.7,33.09,18.2
50,0,18.7,33.09,18.2
50,0,18.6,33.03,18.2
60,0,18.6,33.09,18.2
40,0,18.6,33.09,18.2
60,0,18.6,33.09,18.1666666667
60,0,18.6,33.1266666667,18.1
50,0,18.6,33.1266666667,18.2
50,0,18.6,33.2,18.2
30,0,18.5666666667,33.2,18.2
30,0,18.5666666667,33.26,18.2
30,0,18.5,33.26,18.2
40,0,18.5,33.26,18.2
60,0,18.5,33.29,18.2
60,0,18.5,33.3633333333,18.2
50,0,18.5,33.4,18.2
50,0,18.5,33.4,18.1333333333
50,0,18.39,33.29,18.2
50,0,18.39,33.29,18.1666666667
50,0,18.39,33.4,18.1666666667
50,0,18.39,33.4,18.1666666667
50,0,18.39,33.4,18.1666666667
40,0,18.39,33.4,18.1666666667
40,0,18.39,33.5,18.1
40,0,18.39,33.5,18.1
30,0,18.3233333333,33.5,18.1
50,0,18.3233333333,33.5,18.2
60,0,18.29,33.545,18.1333333333
40,0,18.29,33.59,18.1
80,10,18.29,33.59,18.1
70,0,18.29,33.6266666667,18.1
60,10,18.29,33.7,18.1
50,0,18.29,33.7,18.1
50,0,18.23,33.7,18.1
40,0,18.2,33.7,18.0333333333
40,10,18.2,33.7,18.1
50,0,18.2,33.73,18.1
30,0,18.2,33.79,18.0
130,0,18.2,33.79,18.0
400,0,18.2,33.8633333333,18.0
320,0,18.2,33.9,18.0
350,0,18.2,33.9,18.0
110,0,18.2,33.7966666667,18.0
70,0,18.2,33.4633333333,18.0
70,0,18.2,33.4,18.0
80,0,18.2675,33.45,18.1
80,0,18.3566666667,33.3266666667,18.1666666667
80,0,18.4266666667,33.2,18.1333333333
40,0,18.5,33.2,18.2
40,0,18.5333333333,33.09,18.2
50,0,18.6,33.03,18.2
340,0,18.7,33.0,18.2
390,0,18.76,33.06,18.2
600,0,18.79,33.06,18.1333333333
700,0,18.8566666667,33.1333333333,18.2
430,0,18.89,33.06,18.2
320,0,18.89,32.9333333333,18.2
250,0,19.0,32.8633333333,18.2
240,0,19.0,32.6566666667,18.2
140,0,19.1,32.56,18.2
70,0,19.1666666667,32.36,18.1666666667
80,0,19.23,32.1266666667,18.1666666667
110,0,19.29,32.1266666667,18.1
660,0,19.3233333333,32.09,18.1666666667
610,0,19.39,32.09,18.2
390,0,19.4633333333,32.09,18.2
360,0,19.5,32.09,18.2
260,0,19.5,32.03,18.2
250,0,19.5,32.0,18.2
220,0,19.5,32.0,18.2
150,10,19.5,32.03,18.26
100,0,19.5,32.09,18.29
600,0,19.6,32.06,18.29
590,0,19.6,31.9266666667,18.3566666667
370,0,19.6,31.89,18.29
290,0,19.6,31.8233333333,18.39
230,0,19.6333333333,31.86,18.39
250,0,19.7,32.1333333333,18.39
210,0,19.7,32.29,18.39
130,0,19.76,32.29,18.4633333333
90,0,19.73,32.1333333333,18.4633333333
580,0,19.79,32.0,18.5
610,0,19.79,31.84,18.5
390,0,19.79,31.7,18.5
320,0,19.79,31.6333333333,18.5
290,0,19.79,31.6,18.5
270,0,19.79,31.5333333333,18.5
240,0,19.79,31.4633333333,18.5
230,0,19.79,31.39,18.55
190,0,19.76,31.4266666667,18.5666666667
70,0,19.76,31.5666666667,18.6
50,0,19.73,31.73,18.5333333333
50,0,19.79,31.93,18.6
60,0,19.79,32.0,18.6
410,0,19.73,31.9266666667,18.5
340,0,19.7,31.8566666667,18.5666666667
280,0,19.7,31.8566666667,18.5
300,20,19.7,32.1266666667,18.5
280,20,19.7,32.3333333333,18.5
510,20,19.7,32.53,18.5
530,20,19.7,32.6633333333,18.5
210,20,19.7,32.79,18.5
260,10,19.79,32.8333333333,18.5
110,10,19.79,32.76,18.4266666667
100,10,19.76,33.1933333333,18.4633333333
90,20,19.7,33.4666666667,18.39
80,0,19.7,33.4,18.39
100,10,19.7,33.4,18.39
90,10,19.6,33.26,18.39
130,20,19.6,33.2,18.39
120,30,19.6333333333,33.6666666667,18.39
110,20,19.9666666667,34.1333333333,18.39
110,30,20.63,34.06,18.39
100,20,21.0966666667,33.86,18.39
80,20,21.6333333333,33.4966666667,18.39
80,20,21.7,32.89,18.3566666667
80,30,21.6,32.59,18.29
110,20,21.46,32.4633333333,18.3566666667
110,20,21.39,32.4333333333,18.3566666667
110,30,21.3233333333,32.4333333333,18.29
110,20,21.2,32.29,18.29
100,20,21.1,32.2,18.29
90,30,21.1,32.2,18.29
60,20,21.0,32.1933333333,18.29
50,20,21.0,32.5266666667,18.29
70,20,21.0966666667,33.0666666667,18.29
60,30,21.4966666667,33.4666666667,18.29
60,20,22.0666666667,33.59,18.29
60,20,22.3266666667,33.39,18.29
40,20,22.26,33.1633333333,18.29
40,20,22.2,33.1633333333,18.29
40,30,22.1,33.3,18.29
40,20,22.0333333333,33.5,18.29
70,20,21.8566666667,33.7,18.29
60,20,21.79,33.76,18.29
60,20,21.76,33.9,18.29
60,30,21.7,33.9666666667,18.29
60,20,21.6666666667,34.06,18.29
60,20,21.6,34.06,18.29
50,20,21.55,34.2,18.29
60,30,21.5,34.23,18.29
60,20,21.5,34.29,18.29
60,10,21.39,34.1266666667,18.29
50,0,21.3233333333,34.26,18.29
20,0,21.26,34.1633333333,18.29
20,0,21.1333333333,34.09,18.29
30,0,21.0666666667,34.09,18.29
40,0,21.0,34.09,18.29
50,0,20.8566666667,34.09,18.29
50,0,20.79,34.09,18.29
50,0,20.6666666667,34.09,18.29
60,0,20.6,34.09,18.29
40,0,20.5,34.0,18.29
40,0,20.4266666667,34.0,18.29
50,0,20.39,34.0,18.29
40,0,20.3233333333,34.0,18.29
40,0,20.26,33.9666666667,18.29
60,0,20.2,33.9,18.29
30,0,20.2,33.9,18.29
30,0,20.1,33.9,18.29
20,0,20.0333333333,33.8266666667,18.29
30,0,20.0,33.79,18.29
50,0,19.9266666667,33.79,18.23
40,0,19.89,33.79,18.29
40,0,19.8233333333,33.73,18.29
50,0,19.79,33.7,18.29
50,0,19.79,33.7,18.29
50,0,19.7,33.79,18.29
40,0,19.7,33.79,18.29
40,0,19.7,33.79,18.29
50,0,19.6333333333,33.79,18.29
50,0,19.6,33.79,18.23
40,0,19.6,33.79,18.29
30,0,19.5666666667,33.79,18.23
30,0,19.5,33.79,18.2
40,0,19.5,33.8266666667,18.2
30,10,19.4266666667,33.8266666667,18.2
70,20,19.39,33.79,18.2
70,30,19.5666666667,34.2266666667,18.2
50,20,19.8266666667,34.5,18.2
60,10,20.0,34.06,18.2
90,0,20.0666666667,34.0,18.2
70,0,20.0,33.6333333333,18.2
70,0,19.9266666667,33.4333333333,18.1666666667
50,0,19.89,33.26,18.1666666667
60,0,19.8233333333,33.1266666667,18.1
140,0,19.76,33.0,18.1
170,10,19.7,33.06,18.1333333333
50,0,19.6666666667,33.0,18.2
30,0,19.6,33.0,18.2
50,0,19.5666666667,33.0,18.2
50,0,19.5,33.0,18.2
50,0,19.5,33.09,18.2
50,0,19.5,33.03,18.2
40,0,19.4266666667,33.03,18.2
50,10,19.4175,33.0225,18.2
50,0,19.39,33.0,18.2
50,0,19.39,33.0,18.2
60,10,19.39,33.0,18.2
100,0,19.3233333333,33.0,18.1333333333
70,10,19.3233333333,33.0,18.1333333333
370,10,19.29,33.0,18.2
50,10,19.29,33.0,18.1
20,0,19.29,33.0,18.1
50,0,19.29,33.1333333333,18.1
120,0,19.26,33.26,18.1
100,10,19.2,33.26,18.1
70,0,19.2,33.4333333333,18.1
50,0,19.2,33.56,18.1
60,0,19.2,33.73,18.1
60,0,19.2,33.8633333333,18.1
60,0,19.2,34.0,18.0333333333
60,0,19.2,34.06,18.0
70,0,19.1666666667,34.23,18.0
130,0,19.1,34.3425,18.0
430,10,19.1,34.5,18.0
160,0,19.1,34.6266666667,18.0
80,0,19.1,34.8333333333,18.0
20,0,19.0333333333,35.0666666667,18.0
20,0,19.1,35.26,18.0
40,0,19.1,35.4633333333,18.0
60,0,19.1,35.59,18.0
50,0,19.0333333333,35.6566666667,17.9266666667
60,0,19.0333333333,35.73,17.89
40,0,19.1,35.9333333333,17.89
40,0,19.0333333333,35.9333333333,17.89
50,0,19.0,36.0,17.89
40,0,19.0,36.06,17.89
50,10,19.0,36.23,17.89
50,0,19.0,36.3633333333,17.89
50,0,19.0,36.4333333333,17.89
50,0,19.0,36.56,17.89
50,0,19.0,36.645,17.89
40,0,19.0,36.79,17.89
30,0,19.0,36.8633333333,17.89
20,0,19.0,36.9333333333,17.79
20,0,19.0,37.06,17.79
30,10,19.0,37.1266666667,17.8566666667
60,0,19.0,37.2,17.79
80,0,19.0,37.4266666667,17.79
90,0,19.0666666667,37.96,17.79
100,0,19.1,38.2666666667,17.79
110,10,19.1,38.4666666667,17.79
570,30,19.1,38.6266666667,17.79
430,20,19.1666666667,38.9,17.79
280,10,19.29,39.2,17.79
90,10,19.29,39.1266666667,17.79
110,0,19.29,39.06,17.79
90,0,19.29,38.9333333333,17.79
90,0,19.2,39.0,17.79
90,0,19.2,39.3333333333,17.79
90,0,19.2,39.545,17.79
90,20,19.2,39.7,17.79
100,20,19.26,39.9,17.79
120,20,19.29,40.0,17.79
100,30,19.43,40.2666666667,17.79
110,20,19.9266666667,40.3333333333,17.79
80,20,20.4,39.9266666667,17.79
80,20,20.7,39.59,17.79
80,20,20.6333333333,39.53,17.79
100,20,20.6,39.53,17.79
90,30,20.6,39.59,17.79
90,0,20.6,39.59,17.79
90,0,20.5333333333,39.53,17.79
120,0,20.4633333333,39.3633333333,17.79
60,0,20.39,39.29,17.79
60,0,20.29,39.4,17.79
60,0,20.23,39.4,17.79
50,10,20.1666666667,39.53,17.79
40,0,20.1,39.6633333333,17.79
50,0,20.05,39.645,17.8566666667
50,10,19.9633333333,39.59,17.89
60,0,19.89,39.59,17.89
50,0,19.8566666667,39.56,17.89
40,0,19.79,39.5,17.89
20,0,19.7,39.5,17.89
20,0,19.7,39.5,17.89
30,10,19.6666666667,39.4666666667,17.89
40,0,19.6,39.4666666667,17.89
60,0,19.6,39.4333333333,17.9633333333
50,0,19.5333333333,39.5,18.0
50,0,19.5,39.5,18.0
50,0,19.5,39.5,17.9266666667
50,0,19.39,39.4666666667,18.0
50,0,19.39,39.4,17.9266666667
40,10,19.39,39.4,18.0
50,0,19.3233333333,39.4,18.0
50,0,19.29,39.4,18.0
50,0,19.29,39.4,18.0
50,0,19.29,39.4,18.0
50,0,19.2,39.29,18.0
40,0,19.2,39.29,18.0
40,0,19.2,39.29,18.0
30,0,19.2,39.29,18.0666666667
20,10,19.1666666667,39.29,18.0666666667
30,0,19.1,39.29,18.075
50,0,19.1,39.29,18.1
50,0,19.1,39.29,18.1
50,0,19.1,39.29,18.1
40,0,19.1,39.29,18.1
50,0,19.0,39.23,18.1
50,0,19.0,39.29,18.1
30,0,19.0,39.2,18.1
60,0,19.0,39.2,18.1
50,0,18.9633333333,39.2,18.1
50,0,18.89,39.2,18.1
50,0,18.89,39.2,18.1
40,0,18.89,39.1175,18.1
50,0,18.89,39.09,18.1
30,0,18.89,39.06,18.1
50,0,18.89,39.0,18.1
40,0,18.79,38.9,18.2
30,0,18.79,38.9,18.1333333333
30,0,18.79,38.9,18.1
30,0,18.79,38.8266666667,18.1
30,0,18.79,38.79,18.1666666667
50,0,18.79,38.73,18.1666666667
50,0,18.79,38.7,18.1666666667
40,0,18.79,38.7,18.2
40,10,18.7,38.7,18.1333333333
70,0,18.7,38.7,18.2
60,0,18.7,38.7,18.1333333333
60,0,18.7,38.7,18.2
70,0,18.7,38.7,18.1333333333
60,30,18.7,38.7,18.2
230,20,18.7633333333,38.9266666667,18.1333333333
230,20,19.2925,39.3225,18.1333333333
240,30,20.0333333333,39.23,18.1333333333
70,20,20.5966666667,38.8333333333,18.1
210,30,20.93,38.6266666667,18.1
70,20,21.2633333333,38.2966666667,18.1
80,30,21.39,37.89,18.1
40,20,21.29,37.5266666667,18.1
260,20,21.29,37.3266666667,18.1333333333
410,0,21.29,37.29,18.2
110,0,21.29,37.29,18.23
70,0,21.26,37.1633333333,18.29
90,0,21.2,37.03,18.2
60,10,21.29,37.09,18.2
190,0,21.29,37.09,18.26
230,0,21.29,36.9,18.26
130,0,21.29,36.8266666667,18.29
60,0,21.26,36.6633333333,18.29
90,0,21.2,36.59,18.29
120,0,21.2,36.7,18.3566666667
70,0,21.15,36.6725,18.39
60,0,21.2,36.53,18.39
110,0,21.2,36.59,18.39
70,0,21.2,36.59,18.39
140,0,21.29,36.6566666667,18.39
70,0,21.29,36.93,18.39
50,0,21.29,37.6933333333,18.39
50,0,21.29,37.8266666667,18.39
60,0,21.23,37.4,18.39
50,0,21.23,37.3266666667,18.39
150,0,21.2,37.06,18.39
40,0,21.1333333333,36.6666666667,18.39
80,0,21.1,36.1,18.39
80,0,21.0333333333,35.7666666667,18.39
100,0,20.9633333333,35.5633333333,18.39
70,10,20.89,35.23,18.39
70,0,20.8233333333,35.1266666667,18.4633333333
70,0,20.8233333333,35.1266666667,18.4633333333
80,0,20.79,35.1266666667,18.4633333333
60,0,20.79,35.2675,18.5
70,0,20.73,35.23,18.5
60,0,20.7,35.2,18.5
60,0,20.6333333333,35.0666666667,18.5
60,0,20.6,34.93,18.5
60,0,20.6,34.79,18.5
80,0,20.5666666667,34.7,18.445
80,0,20.5,34.7,18.4633333333
80,0,20.39,34.73,18.4633333333
80,0,20.39,34.79,18.4266666667
70,0,20.3566666667,34.9333333333,18.4266666667
80,0,20.29,35.06,18.39
90,0,20.2,35.0,18.39
80,0,20.2,35.06,18.39
110,0,20.1,35.1266666667,18.39
120,0,20.1,35.2,18.39
120,0,20.1,35.29,18.39
100,0,20.0333333333,35.3633333333,18.39
100,0,20.0,35.45,18.39
90,0,20.0,35.53,18.39
290,0,20.0,35.6633333333,18.39
330,0,19.9633333333,35.7666666667,18.39
220,0,19.89,35.9666666667,18.3233333333
210,0,19.89,36.3,18.3566666667
260,0,19.89,36.6333333333,18.29
250,0,19.89,36.9333333333,18.29
250,0,19.89,37.06,18.29
630,0,19.8566666667,37.1633333333,18.29
90,10,19.79,37.2966666667,18.29
70,10,19.79,38.1,18.29
110,10,19.8566666667,38.8333333333,18.29
120,30,19.79,39.1933333333,18.29
140,30,19.93,39.6,18.29
170,20,20.4266666667,39.5266666667,18.29
130,10,21.0333333333,39.1333333333,18.29
110,20,21.4266666667,38.2633333333,18.29
130,20,21.4266666667,37.3966666667,18.2
130,20,21.34,37.19,18.2
130,20,21.29,37.3633333333,18.2
130,20,21.29,37.29,18.2
140,30,21.29,37.29,18.2
100,20,21.23,37.1566666667,18.1333333333
90,10,21.26,37.06,18.2
80,0,21.2,36.9333333333,18.1333333333
80,10,21.1666666667,36.4,18.15
70,0,21.0333333333,35.9266666667,18.1666666667
80,0,20.89,35.6333333333,18.1
60,0,20.8233333333,35.36,18.1
60,10,20.7,35.1633333333,18.1
70,0,20.6333333333,35.09,18.1
40,0,20.6,35.53,18.1
50,0,20.5333333333,35.6633333333,18.1333333333
50,0,20.5,35.8266666667,18.2
50,0,20.4266666667,35.8266666667,18.1
50,0,20.3566666667,35.8266666667,18.1666666667
30,0,20.29,35.9,18.1333333333
60,0,20.29,36.0,18.2
50,0,20.2,36.0,18.2
50,0,20.2,36.06,18.2
50,0,20.1666666667,36.09,18.2
40,0,20.1,36.09,18.2
50,0,20.0666666667,36.1633333333,18.1333333333
50,0,20.0,36.09,18.175
40,0,20.0,36.2,18.1666666667
50,0,20.0,36.2,18.2
50,0,19.89,36.2,18.2
50,0,19.89,36.26,18.2
50,0,19.79,36.2,18.2
40,0,19.79,36.2,18.2
40,0,19.79,36.23,18.2
30,0,19.73,36.29,18.2
30,0,19.7,36.29,18.2
20,0,19.7,36.29,18.2
40,0,19.7,36.3266666667,18.2
50,0,19.7,36.4,18.2
60,0,19.6,36.29,18.2
50,0,19.6,36.29,18.23
40,0,19.6,36.3633333333,18.23
60,0,19.6,36.4,18.23
40,0,19.5333333333,36.4,18.29
50,0,19.5,36.4333333333,18.29
40,0,19.5,36.5,18.245
50,0,19.5,36.5,18.29
50,0,19.5,36.56,18.29
50,0,19.4633333333,36.56,18.29
40,0,19.39,36.56,18.29
50,0,19.39,36.59,18.29
40,0,19.39,36.6633333333,18.26
50,0,19.39,36.7,18.26
40,0,19.39,36.76,18.29
60,0,19.3566666667,36.79,18.29
40,0,19.29,36.79,18.29
20,0,19.29,36.9,18.29
30,0,19.29,36.9,18.29
20,0,19.29,36.9,18.29
40,0,19.29,36.9,18.29
40,0,19.23,36.8266666667,18.29
50,0,19.2,36.79,18.29
50,0,19.2,36.79,18.29
40,0,19.2,36.79,18.29
60,10,19.2,36.79,18.29
50,20,19.2,36.8266666667,18.29
70,10,19.26,37.16,18.29
50,0,19.5333333333,37.56,18.29
50,10,19.6666666667,37.4333333333,18.29
50,0,19.7,37.4,18.29
50,0,19.7,37.4,18.29
100,30,19.6,37.3266666667,18.29
60,20,19.6666666667,37.5266666667,18.29
70,20,20.0666666667,37.73,18.29
60,30,20.4,37.79,18.29
60,20,20.8933333333,37.6633333333,18.29
60,30,21.125,37.47,18.23
160,40,21.2,37.0966666667,18.23
200,30,21.1,37.0,18.2
70,30,21.1,36.9333333333,18.2
130,30,21.0,36.73,18.29
90,30,21.0,36.93,18.29
80,30,21.1,37.23,18.29
80,30,21.1,37.2671428571,18.29
70,30,21.1,37.23,18.29
70,40,21.1666666667,37.29,18.3471428571
70,30,21.218,37.156,18.39
50,30,21.29,37.0966666667,18.39
50,20,21.3042857143,36.8985714286,18.39
60,20,21.39,36.71,18.39
80,20,21.456,36.678,18.412
90,30,21.5,36.7,18.4371428571
70,20,21.6714285714,36.8428571429,18.4633333333
80,30,21.77875,36.925,18.478
80,20,21.8328571429,37.0385714286,18.5
80,30,21.9214285714,37.0,18.478
250,20,22.0,37.0,18.4633333333
80,30,22.0,36.975,18.5
90,20,22.0428571429,37.0385714286,18.5
330,20,22.1,37.0257142857,18.5
100,30,22.1,36.8828571429,18.5
430,20,22.125,36.73375,18.5
80,20,22.1857142857,36.7,18.5125
240,30,22.2,36.5957142857,18.5428571429
260,20,22.2,36.4285714286,18.6
70,0,22.2225,36.3175,18.6
80,10,22.2,36.0828571429,18.6
60,0,22.075,35.785,18.6
60,0,21.9685714286,35.5,18.6
200,0,21.89,35.2675,18.6
400,0,21.79,34.9333333333,18.6
100,0,21.79,34.9,18.6375
50,0,21.75625,34.9,18.7
50,0,21.7,34.845,18.7
60,0,21.6222222222,34.6044444444,18.6625
50,0,21.5571428571,34.4857142857,18.6285714286
40,0,21.4633333333,34.3633333333,18.6142857143
50,0,21.4214285714,34.3214285714,18.6714285714
50,0,21.39,34.3528571429,18.7
70,0,21.3025,34.38625,18.7
80,0,21.2675,34.3725,18.65
230,0,21.2,34.33125,18.6428571429
280,0,21.2,34.44,18.6428571429
240,0,21.1,34.55625,18.7
220,0,21.0714285714,34.5642857143,18.7
100,0,21.0166666667,34.515,18.675
110,0,21.0,34.5,18.6714285714
110,0,20.978,34.5,18.6
120,0,20.89,34.57875,18.6285714286
90,0,20.8614285714,34.6528571429,18.6142857143
110,0,20.79,34.7675,18.6142857143
90,10,20.79,34.8528571429,18.6428571429
90,10,20.75625,34.73375,18.6
90,0,20.7,34.7828571429,18.6
80,10,20.7,34.9428571429,18.6
80,10,20.6,35.08,18.6
90,0,20.6,35.2225,18.6
90,0,20.6,35.0257142857,18.6
100,10,20.5625,34.85875,18.6
120,10,20.5,34.79,18.6
130,0,20.5,34.7642857143,18.6
100,0,20.39,34.6175,18.6
110,0,20.39,34.6528571429,18.5857142857
100,0,20.365,34.7,18.5857142857
90,0,20.29,34.7,18.5285714286
70,0,20.29,34.7,18.5
80,0,20.29,34.6685714286,18.5
80,0,20.27875,34.6175,18.5
80,0,20.2,34.5385714286,18.5
90,0,20.2,34.55625,18.5
70,0,20.2,34.5,18.5
60,0,20.1857142857,34.5,18.4214285714
60,0,20.1625,34.59,18.40375
40,0,20.1,34.6685714286,18.39
50,10,20.1,34.7925,18.39
50,0,20.1,34.9,18.39
60,0,20.075,34.95,18.39
50,0,20.0428571429,35.0,18.39
50,0,20.0,35.0225,18.39
60,0,20.0,35.09,18.39
40,10,20.0,35.1175,18.39
50,0,20.0,35.2385714286,18.39
40,10,19.9725,35.29,18.39
40,0,19.9214285714,35.3057142857,18.4214285714
60,0,19.9175,35.33125,18.5
60,10,19.89,35.3842857143,18.5
50,0,19.89,35.4,18.5
40,0,19.8614285714,35.3685714286,18.4685714286
40,0,19.79,35.29,18.5
60,0,19.79,35.29,18.5
40,0,19.79,35.29,18.5
50,0,19.79,35.29,18.5
50,0,19.79,35.29,18.4685714286
50,0,19.79,35.29,18.5
60,0,19.73375,35.29,18.4842857143
40,10,19.7,35.29,18.4685714286
50,0,19.7,35.3175,18.4842857143
40,0,19.7,35.29,18.5
40,0,19.7,35.29,18.5
50,0,19.7,35.29,18.5
50,0,19.6777777778,35.29,18.5
50,0,19.6285714286,35.29,18.5
50,0,19.6,35.29,18.5
40,0,19.6,35.29,18.5
60,10,19.6,35.29,18.5
20,0,19.6,35.29,18.5
30,0,19.6,35.29,18.5
30,0,19.6,35.29,18.5
30,0,19.5625,35.29,18.5
50,0,19.5142857143,35.3842857143,18.5
50,0,19.5,35.4,18.5
50,0,19.5,35.4857142857,18.5
50,0,19.5,35.53375,18.5
40,10,19.5,35.59,18.5
40,0,19.5,35.6175,18.5
50,0,19.4371428571,35.6371428571,18.5
40,0,19.43125,35.65875,18.5
60,0,19.39,35.7,18.5
40,0,19.39,35.7,18.5
60,0,19.39,35.79,18.5
40,0,19.39,35.83125,18.5
50,0,19.39,35.9,18.5
40,0,19.39,35.9125,18.5
40,10,19.3614285714,35.9428571429,18.5
50,0,19.365,36.0,18.5
40,0,19.3042857143,36.0642857143,18.5
50,0,19.29,36.1175,18.5
40,0,19.29,36.1685714286,18.5
20,0,19.29,36.2225,18.5
30,0,19.29,36.2385714286,18.5
20,0,19.2675,36.2675,18.5
50,0,19.2771428571,36.29,18.5
50,20,19.245,36.345,18.5
80,10,19.245,36.475,18.5333333333
50,0,19.29,36.59,18.5
50,10,19.29,36.65875,18.5
50,0,19.29,36.7,18.5166666667
50,0,19.29,36.75625,18.5
40,0,19.2771428571,36.79,18.5
50,10,19.2514285714,36.7771428571,18.5
40,0,19.2675,36.7675,18.5
40,0,19.2257142857,36.7257142857,18.4633333333
50,0,19.2,36.7,18.5
50,0,19.2,36.7,18.4214285714
50,0,19.2,36.7,18.39
50,0,19.1571428571,36.7128571429,18.39
50,0,19.1857142857,36.7,18.39
50,0,19.1,36.6214285714,18.39
20,0,19.1,36.5,18.39
20,0,19.1,36.4285714286,18.39
30,0,19.1,36.3685714286,18.39
30,0,19.1,36.29,18.39
60,0,19.1,36.2257142857,18.3185714286
50,0,19.0714285714,36.1685714286,18.3471428571
50,0,19.0375,36.13125,18.3185714286
50,0,19.0285714286,36.1214285714,18.3185714286
40,0,19.0625,36.15875,18.29
50,0,19.05,36.1816666667,18.3185714286
50,0,19.0,36.2,18.33
40,0,19.0166666667,36.215,18.29
60,0,19.0166666667,36.23,18.29
50,0,19.025,36.29,18.3042857143
70,0,19.0285714286,36.3214285714,18.3328571429
340,0,19.0,36.3083333333,18.34
270,0,19.0,36.4,18.365
100,0,19.0,36.4,18.29
50,0,19.0,36.4666666667,18.29
50,0,19.0,36.5,18.3471428571
70,0,19.0285714286,36.5771428571,18.37
60,0,19.0857142857,36.6842857143,18.39
80,0,19.1,36.6842857143,18.39
60,0,19.1,36.6214285714,18.39
40,0,19.1,36.6214285714,18.39
520,0,19.1,36.5675,18.39
680,0,19.1,36.5,18.4057142857
390,0,19.1,36.45,18.39
350,0,19.1142857143,36.2828571429,18.5
270,0,19.2,36.0975,18.5
260,0,19.2,36.0,18.5
260,0,19.1714285714,36.0,18.5
210,0,19.1714285714,36.0,18.5
190,0,19.1,36.0,18.5
90,0,19.125,36.0675,18.5
390,0,19.1571428571,36.09,18.5
270,0,19.175,36.09,18.5
250,0,19.1,36.1371428571,18.5
240,0,19.1,36.0414285714,18.5
240,0,19.1,35.9,18.5
210,0,19.1,35.9714285714,18.5
180,0,19.1,35.7966666667,18.5
100,0,19.1,35.585,18.5428571429
70,0,19.1,35.3685714286,18.5285714286
90,0,19.1,35.29,18.575
90,0,19.1,35.29,18.6
90,0,19.1,35.3685714286,18.6
90,0,19.1,35.4125,18.5428571429
110,0,19.0571428571,35.4685714286,18.5
90,0,19.0285714286,35.4971428571,18.5
100,10,19.0,35.5,18.5
310,10,19.0,35.5,18.5
330,10,19.0,35.59,18.5
90,10,19.0,35.59,18.5
100,0,18.89,35.59,18.4842857143
110,10,18.89,35.6214285714,18.4371428571
100,10,18.89,35.6371428571,18.4214285714
100,10,18.89,35.65875,18.39
100,20,18.89,35.645,18.4057142857
120,20,18.89,35.7542857143,18.39
120,20,18.9685714286,36.7814285714,18.39
130,20,19.0714285714,37.5514285714,18.39
140,20,19.2925,37.97,18.3471428571
130,20,19.7242857143,38.1528571429,18.3328571429
110,10,20.3828571429,37.7642857143,18.3471428571
150,0,20.5857142857,37.01,18.29
100,0,20.5428571429,36.5385714286,18.3185714286
90,0,20.3614285714,36.0571428571,18.29
110,0,20.2771428571,35.8085714286,18.29
120,0,20.1571428571,35.5771428571,18.29
120,0,20.0,35.4,18.29
110,0,19.89,35.29,18.29
70,0,19.8328571429,35.28,18.29
50,0,19.79,35.4666666667,18.29
60,10,19.7,35.59,18.29
40,0,19.7,35.73,18.29
40,0,19.6333333333,35.79,18.29
50,0,19.5666666667,35.9,18.29
40,0,19.5,35.9666666667,18.29
50,0,19.4633333333,36.0,18.29
40,0,19.39,36.0,18.29
50,0,19.39,36.1266666667,18.29
60,0,19.3233333333,36.2,18.29
50,10,19.29,36.2,18.3566666667
50,0,19.29,36.26,18.29
40,0,19.26,36.26,18.3566666667
40,0,19.2,36.2,18.29
50,0,19.1333333333,36.29,18.3566666667
40,0,19.2,36.29,18.39
40,0,19.1,36.29,18.3233333333
30,0,19.1,36.29,18.3566666667
30,0,19.0666666667,36.29,18.3566666667
30,10,19.0,36.29,18.3233333333
50,0,19.0,36.29,18.39
40,0,19.0,36.29,18.39
50,0,18.9266666667,36.29,18.39
40,0,18.9266666667,36.29,18.39
50,0,18.9266666667,36.29,18.39
60,0,18.89,36.29,18.39
50,0,18.89,36.29,18.39
50,0,18.89,36.29,18.39
50,10,18.8233333333,36.23,18.39
40,0,18.79,36.2,18.39
40,0,18.79,36.2,18.39
50,0,18.79,36.2,18.39
40,0,18.73,36.2,18.39
40,0,18.7,36.2,18.39
60,0,18.7,36.2,18.39
50,0,18.7,36.2,18.39
50,0,18.7,36.26,18.39
40,0,18.7,36.23,18.39
40,0,18.7,36.29,18.39
20,0,18.6333333333,36.29,18.39
20,0,18.7,36.29,18.39
30,0,18.6333333333,36.29,18.39
50,0,18.6,36.29,18.39
50,0,18.6,36.29,18.39
50,0,18.6,36.29,18.39
40,0,18.6,36.29,18.39
50,0,18.6,36.4,18.39
40,0,18.5333333333,36.4,18.39
50,0,18.5,36.4,18.39
40,0,18.5,36.4,18.39
50,0,18.5,36.4333333333,18.39
60,0,18.5,36.5,18.39
50,0,18.5,36.5,18.39
40,0,18.5,36.5,18.39
50,0,18.5,36.5,18.39
30,0,18.4266666667,36.5,18.39
50,0,18.39,36.4333333333,18.39
40,0,18.39,36.5,18.39
40,0,18.39,36.5,18.4266666667
80,0,18.39,36.53,18.4266666667
30,0,18.39,36.59,18.39
30,0,18.39,36.7666666667,18.39
30,0,18.39,36.9,18.39
40,0,18.39,37.0,18.39
40,0,18.39,37.0,18.39
50,0,18.39,37.09,18.3233333333
50,0,18.39,37.03,18.3566666667
60,0,18.39,37.0,18.29
60,0,18.39,37.0,18.29
50,0,18.39,36.9666666667,18.29
50,0,18.39,36.9,18.29
70,0,18.39,36.9,18.29
70,0,18.39,36.8266666667,18.29
80,0,18.39,36.79,18.29
90,0,18.39,36.79,18.26
80,0,18.29,36.545,18.26
90,0,18.29,36.3633333333,18.2
90,0,18.3566666667,36.23,18.2
60,0,18.29,36.2,18.2
50,0,18.29,36.2,18.2
60,0,18.3566666667,36.2,18.2
90,0,18.3566666667,36.2,18.2
80,0,18.39,36.2,18.2
70,0,18.3233333333,36.26,18.2
80,0,18.29,36.29,18.2
90,0,18.3566666667,36.3633333333,18.2
80,0,18.39,36.4,18.2
70,10,18.39,36.4,18.2
80,0,18.3566666667,36.1333333333,18.2
80,0,18.3566666667,36.06,18.2
70,0,18.3566666667,35.9666666667,18.2
80,0,18.29,35.9,18.2
360,0,18.29,35.9,18.2
610,0,18.29,35.9975,18.29
190,0,18.29,36.09,18.29
120,0,18.3233333333,36.09,18.245
90,0,18.39,36.09,18.2
90,0,18.3566666667,36.03,18.2
100,0,18.29,36.09,18.2
110,0,18.39,36.2666666667,18.2
120,0,18.39,36.4,18.29
350,0,18.5,36.5,18.29
480,0,18.5666666667,36.5,18.3233333333
330,0,18.5333333333,36.5,18.39
450,0,18.6,36.5,18.39
590,0,18.6,36.5,18.4633333333
340,0,18.6,36.5,18.39
210,0,18.6,36.4,18.39
140,0,18.6,36.4,18.4633333333
70,0,18.6,36.3633333333,18.39
70,0,18.6,36.03,18.39
70,0,18.5,35.1933333333,18.39
60,10,18.5,34.8425,18.3566666667
60,10,18.4266666667,34.6566666667,18.3566666667
60,10,18.39,34.6266666667,18.29
60,10,18.39,34.76,18.29
60,10,18.39,34.8266666667,18.29
320,10,18.39,34.9666666667,18.29
320,10,18.3566666667,35.1266666667,18.29
270,10,18.29,35.26,18.29
100,20,18.29,35.5666666667,18.29
90,10,18.29,35.8333333333,18.2
80,20,18.29,36.3,18.2
90,10,18.29,36.6333333333,18.2
220,10,18.29,36.8266666667,18.2
80,20,18.29,36.9,18.2
90,20,18.29,37.03,18.2
90,30,18.29,37.1633333333,18.2
90,20,18.2,37.23,18.2
70,20,18.26,37.3633333333,18.1
70,30,18.2,37.345,18.1
70,20,18.2,37.29,18.1
70,30,18.2,37.29,18.1
90,20,18.2,37.29,18.1
70,20,18.1333333333,37.3633333333,18.1
70,20,18.1,37.29,18.0333333333
70,20,18.1,37.29,18.0
130,20,18.1,37.2,18.0
90,10,18.1,37.2,18.0
90,10,18.0666666667,37.06,18.0
90,20,18.0,37.0,18.0
100,10,18.0,36.9,18.0
100,20,18.0,36.9,17.9266666667
100,10,18.0,36.9,18.0
80,20,18.0,36.9,18.0
80,0,18.0,36.9,18.0
60,0,18.0,36.9,17.9266666667
40,0,17.9633333333,37.0,18.0
50,0,17.89,37.0,18.0
50,0,17.89,37.0,18.0
30,0,17.89,37.09,18.0
30,0,17.89,37.09,18.0
30,0,17.89,37.09,18.0
30,0,17.89,37.09,18.0
50,0,17.89,37.09,18.0
40,0,17.89,37.09,18.0
50,0,17.79,37.09,18.0
50,0,17.79,37.09,18.0
40,0,17.79,37.09,18.0
50,0,17.79,37.09,18.0
50,0,17.79,37.09,18.0
50,0,17.79,37.09,18.0
50,0,17.79,37.09,18.0
40,0,17.73,37.09,18.0
50,0,17.7,37.09,18.0
40,0,17.7,37.09,18.0
50,0,17.7,37.09,18.0
40,0,17.7,37.1725,18.0
30,0,17.7,37.2,18.0
40,0,17.7,37.2,18.0
20,0,17.7,37.2,18.0
40,0,17.7,37.2,18.0
50,0,17.7,37.26,18.0
40,0,17.6,37.09,18.0
50,0,17.6666666667,37.1633333333,18.0666666667
40,0,17.6,37.1266666667,18.0
50,0,17.6,37.1266666667,18.0333333333
50,0,17.6,37.2,18.0333333333
50,0,17.6,37.2,18.0333333333
50,0,17.6,37.2,18.0333333333
50,0,17.6,37.2,18.0
40,0,17.6,37.2,18.0
40,0,17.6,37.2,18.0333333333
40,0,17.5666666667,37.23,18.0333333333
50,0,17.5,37.23,18.0666666667
50,0,17.5,37.245,18.0
40,0,17.5,37.26,18.0666666667
30,0,17.5,37.2,18.0666666667
30,0,17.5,37.23,18.0
30,0,17.5,37.23,18.0
30,0,17.5,37.29,18.0
40,0,17.4266666667,37.23,18.0
50,0,17.5,37.29,18.0
50,0,17.4266666667,37.23,18.0
50,0,17.5,37.29,18.0
60,0,17.4266666667,37.29,18.0333333333
50,0,17.39,37.26,18.0333333333
40,0,17.39,37.26,18.0
40,0,17.39,37.29,18.0
40,0,17.39,37.29,18.0
40,0,17.39,37.29,18.0
50,0,17.39,37.29,18.0
50,0,17.39,37.29,18.0
50,0,17.39,37.29,18.0
50,0,17.34,37.29,18.0
20,0,17.29,37.3266666667,18.0666666667
20,0,17.29,37.4,18.0666666667
30,0,17.29,37.4,18.0
40,0,17.29,37.4,18.025
60,0,17.3933333333,37.7266666667,18.0333333333
70,10,17.7933333333,38.1333333333,18.0
90,0,18.1966666667,38.29,18.0
80,0,18.4633333333,38.1566666667,18.0
50,0,18.5666666667,37.7233333333,18.0
50,0,18.5,37.53,18.0
40,0,18.4633333333,37.43,18.0
50,10,18.39,37.23,17.9633333333
60,0,18.4266666667,37.4266666667,17.89
80,0,18.6933333333,37.76,18.0
100,0,19.3333333333,37.76,17.9266666667
80,0,19.7933333333,37.6266666667,17.89
60,0,20.3933333333,37.5266666667,17.89
60,0,20.795,37.175,17.89
70,0,21.1333333333,36.6933333333,17.89
70,0,21.0666666667,36.53,17.89
90,20,20.86,36.59,17.89
90,30,20.7,36.6266666667,17.89
90,20,20.6333333333,36.7,17.89
100,20,20.5,36.7,17.8233333333
90,20,20.4266666667,36.7,17.8233333333
80,20,20.3566666667,36.56,17.89
80,30,20.29,36.5,17.8233333333
80,20,20.2,36.4,17.8233333333
90,0,20.2,36.4666666667,17.79
80,0,20.1,36.4666666667,17.79
80,0,20.0333333333,36.2666666667,17.79
80,0,19.89,36.2,17.79
60,0,19.8233333333,36.0666666667,17.79
50,0,19.7,36.0,17.79
50,0,19.6333333333,35.9333333333,17.79
50,0,19.5666666667,35.8633333333,17.79
70,0,19.4725,35.74,17.79
70,0,19.3233333333,35.59,17.79
80,0,19.3566666667,35.7,17.79
70,0,19.29,35.76,17.79
90,0,19.2,35.7,17.79
80,10,19.2,35.76,17.79
70,0,19.1666666667,35.86,17.79
70,0,19.1,36.1333333333,17.79
80,0,19.1,36.36,17.79
70,0,19.1,36.56,17.79
70,0,19.1,36.7666666667,17.79
80,0,19.1,36.9666666667,17.79
70,0,19.1,37.03,17.79
70,0,19.1,37.1633333333,17.79
50,0,19.1,37.2,17.79
50,0,19.1,37.2,17.8566666667
50,0,19.1,37.1633333333,17.79
100,0,19.1,37.09,17.89
140,0,19.0,36.9666666667,17.89
510,0,19.0,37.07,17.79
370,10,19.0,37.26,17.8566666667
330,0,19.0,37.26,17.8566666667
250,0,19.0,37.2,17.79
440,0,18.89,37.09,17.79
400,0,18.89,37.09,17.79
340,10,18.89,37.23,17.79
90,10,18.89,37.3633333333,17.76
90,10,18.8566666667,37.83,17.7
160,10,18.79,38.2966666667,17.76
340,0,18.79,38.53,17.7
240,10,18.79,38.59,17.7
420,10,18.79,38.4666666667,17.7
130,10,18.79,38.3266666667,17.7
350,10,18.79,38.1333333333,17.7
280,0,18.79,37.86,17.7
140,10,18.76,37.4666666667,17.7
120,0,18.7,37.2666666667,17.7
80,0,18.65,36.995,17.7
80,10,18.6,36.76,17.7
230,0,18.6,36.5666666667,17.6333333333
390,0,18.6,36.3633333333,17.6666666667
140,0,18.5333333333,36.29,17.6
80,20,18.5,36.2,17.6
70,20,18.5666666667,36.4,17.6
80,20,18.9566666667,37.0,17.6
60,20,19.5633333333,37.26,17.6
80,30,20.2333333333,37.26,17.6
60,20,20.5666666667,36.9266666667,17.6
60,20,20.5666666667,36.79,17.6
60,30,20.5,36.8633333333,17.6
50,20,20.3566666667,37.0,17.6
60,20,20.29,37.06,17.6
60,30,20.29,37.2,17.6
70,20,20.29,37.26,17.6
50,20,20.26,37.26,17.6
40,20,20.2,37.26,17.5666666667
40,30,20.2,37.29,17.5666666667
30,10,20.2633333333,37.5666666667,17.5666666667
40,10,20.53,37.5666666667,17.5666666667
50,0,20.6,37.0266666667,17.6
50,0,20.5333333333,36.9,17.6
50,0,20.3566666667,36.79,17.6
50,0,20.23,36.79,17.6
50,10,20.1,36.79,17.6
50,0,20.0333333333,36.73,17.6
40,0,19.8566666667,36.76,17.6
50,0,19.79,36.7,17.5333333333
40,0,19.7,36.79,17.6
50,0,19.6333333333,36.79,17.6
50,0,19.5666666667,36.79,17.6
50,10,19.5,36.79,17.6
50,0,19.39,36.7,17.6
20,0,19.3233333333,36.7,17.6
20,0,19.26,36.7,17.6
30,0,19.2,36.6266666667,17.6
30,0,19.15,36.7,17.6
50,0,19.1,36.7,17.6
50,0,19.1,36.7,17.6
60,10,19.0,36.59,17.6
50,0,19.0,36.59,17.6
40,0,18.89,36.59,17.6
50,0,18.89,36.59,17.6
40,0,18.8566666667,36.56,17.6
40,0,18.79,36.5,17.6
40,0,18.79,36.5,17.6
50,0,18.73,36.5,17.6
60,0,18.7,36.5,17.6
40,10,18.7,36.5,17.6666666667
30,0,18.6666666667,36.4,17.6
20,0,18.6,36.4,17.6
20,0,18.6,36.4,17.6
30,0,18.6,36.4,17.6
50,0,18.6,36.4,17.6
40,0,18.525,36.425,17.6333333333
60,0,18.5,36.4333333333,17.6333333333
50,0,18.5,36.5,17.6666666667
40,0,18.4266666667,36.4333333333,17.6
60,0,18.39,36.4,17.6666666667
40,0,18.39,36.4666666667,17.675
50,0,18.39,36.53,17.7
40,10,18.3233333333,36.59,17.6333333333
80,0,18.29,36.7,17.6333333333
50,0,18.29,36.76,17.6666666667
40,0,18.29,36.8633333333,17.6666666667
20,0,18.29,36.73,17.6
150,0,18.26,36.6333333333,17.6
330,0,18.2,36.4333333333,17.6
150,0,18.2,36.26,17.6
110,0,18.2,36.2,17.6
60,0,18.2,36.09,17.6
60,0,18.1333333333,36.03,17.6
60,0,18.1,35.95,17.5333333333
60,0,18.1,35.9,17.5666666667
60,0,18.1,35.9,17.5
170,0,18.1,35.9,17.5333333333
700,0,18.1,35.9,17.5333333333
630,0,18.1,35.9,17.5
370,0,18.1,35.8266666667,17.5
280,0,18.0666666667,35.76,17.5
270,0,18.0,35.7,17.5
350,0,18.1,35.79,17.5
590,0,18.0333333333,35.73,17.5
500,0,18.0333333333,35.7,17.5
360,0,18.0333333333,35.7,17.5
330,0,18.0333333333,35.6266666667,17.5
510,0,18.1,35.76,17.5
630,0,18.1666666667,35.76,17.5
410,0,18.1666666667,35.6266666667,17.5
290,0,18.15,35.59,17.5
330,0,18.15,35.5225,17.5
230,0,18.2,35.5,17.5
180,0,18.2,35.59,17.5333333333
80,0,18.26,35.6633333333,17.6
70,0,18.26,35.4666666667,17.6
50,0,18.2,35.4,17.6
350,0,18.2,35.26,17.6
630,0,18.26,35.2,17.5333333333
470,0,18.29,35.2,17.6
310,0,18.23,35.1266666667,17.6
270,0,18.29,35.2,17.6
220,0,18.29,35.2,17.6
240,0,18.29,35.1633333333,17.6
240,10,18.29,35.09,17.6
350,0,18.29,35.09,17.6666666667
70,0,18.29,35.09,17.7
180,0,18.39,35.1266666667,17.7
190,0,18.39,35.1266666667,17.73
410,0,18.39,35.0266666667,17.79
290,0,18.39,34.795,17.73
280,0,18.39,34.6266666667,17.79
260,0,18.39,34.5266666667,17.79
260,0,18.39,34.3266666667,17.79
220,0,18.39,34.29,17.79
200,10,18.39,34.3633333333,17.79
120,0,18.39,34.4333333333,17.79
50,0,18.39,34.5,17.8233333333
50,0,18.39,34.5,17.89
50,0,18.39,34.56,17.8566666667
40,0,18.39,34.59,17.8566666667
60,0,18.39,34.6633333333,17.8566666667
80,0,18.39,34.7,17.8566666667
80,0,18.39,34.76,17.79
90,0,18.29,34.79,17.79
70,0,18.29,34.8633333333,17.79
70,0,18.29,35.0,17.79
90,0,18.29,35.0,17.79
80,0,18.2,34.9,17.79
100,0,18.2,35.0,17.79
110,0,18.2,35.0,17.79
190,0,18.2,35.0,17.79
330,0,18.1333333333,35.0,17.73
460,0,18.1,35.0,17.7
140,0,18.1,35.0,17.7
100,10,18.1,34.9666666667,17.7
120,10,18.1,34.9666666667,17.6666666667
120,0,18.0666666667,34.93,17.6
120,0,18.0,34.79,17.7
120,0,18.0,34.79,17.6333333333
110,0,18.0,34.79,17.6333333333
110,10,18.0,34.79,17.6333333333
120,30,18.0,34.79,17.6666666667
90,20,18.2333333333,35.33,17.6
80,20,18.76,35.6633333333,17.6
90,20,19.4933333333,35.5633333333,17.6
100,30,19.76,35.0966666667,17.6
100,20,19.7,35.045,17.6
90,20,19.6666666667,35.0266666667,17.5666666667
90,20,19.6666666667,35.16,17.5666666667
90,20,20.1966666667,35.3633333333,17.5333333333
60,20,20.6566666667,35.23,17.6
70,20,21.3,35.06,17.5
60,0,21.6933333333,34.9333333333,17.5
90,20,21.6666666667,34.76,17.5
70,30,21.5333333333,34.9,17.5
60,20,21.3566666667,35.0666666667,17.5
60,20,21.29,35.3333333333,17.5
60,20,21.1666666667,35.5,17.5
60,20,21.0333333333,35.7,17.5
60,20,21.0,35.8266666667,17.5
60,30,20.9266666667,35.9666666667,17.5
50,20,20.89,36.29,17.5
70,20,20.8233333333,36.23,17.5
60,20,20.76,36.3266666667,17.5
70,20,20.7,36.4,17.5
60,30,20.7,36.45,17.5
50,20,20.6,36.5,17.4266666667
60,20,20.6,36.6333333333,17.5
50,20,20.8933333333,37.0,17.5
60,20,21.2266666667,36.8,17.5
70,20,21.2,36.3633333333,17.5
60,30,21.1333333333,36.29,17.5
60,20,21.0666666667,36.4,17.5
60,20,21.0,36.3266666667,17.5
50,0,20.89,36.36,17.5
40,0,20.8233333333,36.36,17.5
50,0,20.76,36.29,17.5
40,0,20.6333333333,36.29,17.5
50,0,20.5666666667,36.4,17.5666666667
60,0,20.4266666667,36.4,17.5
50,0,20.29,36.4,17.5
40,0,20.23,36.4,17.5
30,0,20.1,36.4,17.5
20,0,20.0333333333,36.4,17.5
30,0,19.89,36.4,17.5
30,0,19.8566666667,36.3633333333,17.5
50,0,19.79,36.29,17.5
50,0,19.7,36.3266666667,17.5666666667
60,0,19.6333333333,36.3266666667,17.5
50,0,19.6,36.29,17.5
40,0,19.5333333333,36.29,17.5
50,0,19.4633333333,36.26,17.5
40,0,19.39,36.26,17.5
50,0,19.3566666667,36.29,17.5
50,0,19.3566666667,36.29,17.5
50,0,19.29,36.29,17.5666666667
50,0,19.23,36.23,17.5
50,0,19.26,36.26,17.5
50,0,19.2,36.2,17.5
40,0,19.1,36.2,17.5
30,0,19.1,36.2,17.5
20,0,19.0666666667,36.1633333333,17.5
30,10,19.0,36.0225,17.5666666667
70,0,18.9266666667,36.0,17.5
80,0,18.89,35.7233333333,17.6
60,10,18.89,35.4633333333,17.6
50,0,18.79,35.29,17.5
50,0,18.79,35.23,17.5
50,0,18.79,35.2,17.5
40,0,18.79,35.2,17.5
50,0,18.76,35.2,17.5
60,0,18.7,35.2,17.5
60,0,18.7,35.2,17.4266666667
50,0,18.7,35.26,17.5
40,10,18.7,35.29,17.5
50,10,18.7,35.29,17.39
30,10,18.7,35.4,17.39
30,0,18.7,35.4666666667,17.39
20,0,18.6666666667,35.5,17.39
30,0,18.6,35.5,17.39
60,0,18.6,35.6266666667,17.39
50,0,18.675,35.7675,17.39
50,0,18.7,35.79,17.39
40,0,18.73,35.79,17.5
50,0,18.79,35.79,17.5
40,0,18.79,35.7,17.5
40,0,18.8566666667,35.76,17.5
50,0,18.89,35.8266666667,17.6
70,0,18.9633333333,35.9,17.6
60,0,19.0,36.0,17.6
40,0,19.0,35.9333333333,17.6
40,0,19.0,35.79,17.6
80,0,19.0,35.8633333333,17.6
390,0,19.0,35.9,17.6666666667
180,0,19.0666666667,35.9,17.6666666667
50,0,19.1,35.9,17.6666666667
70,0,19.1,35.8266666667,17.7
70,0,19.1,35.7,17.7
220,0,19.1,35.7,17.7
310,0,19.1,35.645,17.7
80,0,19.1,35.56,17.7
60,10,19.1,35.36,17.7
50,0,19.1,35.2,17.7
60,0,19.1,35.1266666667,17.7
60,0,19.2,35.09,17.79
50,0,19.2,35.03,17.79
50,0,19.2,34.9666666667,17.79
40,0,19.2,34.9,17.79
30,0,19.2,34.8633333333,17.79
20,10,19.2,34.79,17.79
20,0,19.2,34.6633333333,17.79
40,0,19.2,34.53,17.79
50,0,19.1666666667,34.43,17.79
50,0,19.1,34.23,17.73
60,0,19.1,34.1633333333,17.79
40,0,19.1,34.03,17.79
40,0,19.0,33.9666666667,17.79
50,0,19.0,33.9,17.79
40,10,19.0,33.845,17.79
50,0,19.0,33.7,17.79
50,0,19.0,33.6266666667,17.73
60,0,18.9266666667,33.56,17.76
40,0,18.9266666667,33.4333333333,17.7
40,0,18.89,33.3633333333,17.76
30,0,18.89,33.29,17.7
40,0,18.8566666667,33.26,17.7
60,0,18.79,33.2,17.7
80,10,18.79,33.2,17.7
100,0,18.79,33.2,17.7
110,0,18.76,33.23,17.7
110,10,18.7,33.29,17.7
260,20,18.7,33.53,17.7
760,20,18.7,34.2633333333,17.7
660,10,18.79,35.0,17.7
130,30,18.79,35.06,17.6666666667
110,20,18.79,35.3633333333,17.6
120,20,18.7225,35.195,17.6
130,40,18.7,35.1633333333,17.6
120,20,18.73,36.3966666667,17.6
130,20,18.79,36.5966666667,17.6
120,40,18.79,36.53,17.6
110,40,18.9966666667,37.1233333333,17.6
100,30,19.63,37.56,17.5
90,30,19.9633333333,37.0266666667,17.5
100,30,20.0333333333,36.6933333333,17.55
100,30,20.2933333333,36.9666666667,17.5
130,20,20.8933333333,36.7966666667,17.5
100,0,21.1,36.33,17.5
90,0,21.0666666667,35.96,17.5
100,0,20.9266666667,35.5,17.4633333333
100,0,20.76,35.0266666667,17.4633333333
100,0,20.6333333333,34.7666666667,17.4633333333
100,0,20.4633333333,34.4666666667,17.4633333333
80,10,20.3233333333,34.3266666667,17.39
50,0,20.2266666667,34.2233333333,17.39
40,0,20.075,34.2675,17.4266666667
40,0,19.9266666667,34.5266666667,17.5
50,0,19.89,34.7,17.5
50,0,19.8233333333,34.76,17.5
30,0,19.76,34.9,17.5
30,0,19.7,34.9666666667,17.5
30,0,19.6,35.09,17.5
40,0,19.6,35.09,17.5
40,0,19.5,35.2,17.5
50,0,19.4266666667,35.2,17.5
50,0,19.39,35.2,17.5
50,0,19.39,35.2,17.5
50,10,19.29,35.29,17.5
50,0,19.29,35.3633333333,17.5
50,0,19.26,35.3633333333,17.5666666667
50,0,19.26,35.3633333333,17.5333333333
50,0,19.2,35.29,17.6
50,0,19.1333333333,35.29,17.6
50,0,19.1,35.4,17.6
40,0,19.1,35.345,17.6
40,0,19.0333333333,35.3266666667,17.5333333333
30,0,19.0,35.29,17.5666666667
30,0,19.0,35.29,17.5666666667
30,0,19.0,35.29,17.6
40,0,18.9266666667,35.29,17.6
50,0,18.89,35.29,17.6
50,0,18.89,35.29,17.6
40,0,18.89,35.29,17.6
40,0,18.8233333333,35.23,17.6
60,0,18.79,35.2,17.6
50,0,18.79,35.2,17.6
50,0,18.79,35.2,17.6
60,0,18.73,35.2,17.6
40,0,18.7,35.2,17.6
50,0,18.7,35.2,17.6
40,0,18.7,35.2,17.6
50,0,18.7,35.2,17.6
40,0,18.6,35.2,17.6
50,0,18.6,35.2,17.6
50,0,18.6,35.2,17.6
40,0,18.5666666667,35.2,17.6
20,0,18.5666666667,35.2,17.6
20,0,18.5333333333,35.1266666667,17.6
30,0,18.5333333333,35.2,17.6
50,0,18.5,35.2,17.6
40,0,18.5,35.1266666667,17.6
50,0,18.5,35.2,17.6
60,0,18.5,35.2,17.6
50,0,18.5,35.2,17.6
50,0,18.4266666667,35.1266666667,17.6
40,0,18.39,35.2,17.6
50,0,18.39,35.2,17.6
80,0,18.39,35.2,17.6
40,10,18.39,35.26,17.6
50,0,18.39,35.4333333333,17.6
50,0,18.39,35.56,17.6
60,0,18.39,35.7,17.6
70,0,18.39,35.8266666667,17.6
30,0,18.39,35.9666666667,17.6
30,10,18.39,36.1266666667,17.6
300,0,18.3233333333,36.26,17.6
190,0,18.3233333333,36.5,17.6
510,10,18.53,36.9,17.6
200,0,19.0966666667,36.9,17.6
200,10,19.4966666667,36.7666666667,17.625
360,0,19.7,36.26,17.7
100,0,19.7,36.1266666667,17.7
60,0,19.6666666667,36.0266666667,17.7
70,0,19.6,35.8266666667,17.7
70,0,19.5666666667,35.6633333333,17.7
280,0,19.5,35.59,17.7
370,10,19.39,35.49,17.7
50,0,19.39,35.1566666667,17.7
90,0,19.3566666667,34.8333333333,17.7
70,0,19.2225,34.4975,17.7
60,10,19.2,34.23,17.7
60,10,19.1,34.5966666667,17.7
30,10,19.1666666667,34.93,17.7
30,10,19.1,34.6633333333,17.7
50,0,19.1,34.53,17.7
50,10,19.0,34.26,17.7
70,0,19.0,34.2,17.7
50,0,18.89,34.09,17.7
40,0,18.89,34.09,17.7
50,0,18.89,34.09,17.7
50,0,18.89,34.09,17.7
40,0,18.79,34.03,17.7
50,0,18.79,34.09,17.7
50,0,18.76,34.23,17.7
80,0,18.7,34.29,17.7
90,0,18.7,34.3266666667,17.7
90,0,18.7,34.4,17.7
80,10,18.7,34.5,17.7
70,0,18.675,34.475,17.7
60,0,18.6666666667,34.4666666667,17.7
70,0,18.6,34.4,17.6666666667
100,0,18.6,34.4666666667,17.6666666667
110,0,18.6,34.9933333333,17.6
110,0,18.6666666667,35.7333333333,17.6
110,0,18.7,35.93,17.6
110,10,18.7,35.73,17.6
100,10,18.7,35.5,17.6
110,10,18.7,35.4333333333,17.6
120,10,18.7,35.4633333333,17.6
130,0,18.76,35.7966666667,17.6
100,10,19.3333333333,36.1266666667,17.6
110,0,19.8666666667,36.2,17.5666666667
120,10,20.36,35.8633333333,17.5
110,0,20.4266666667,35.4633333333,17.5
100,0,20.29,35.4633333333,17.5
80,0,20.4966666667,35.6633333333,17.5
90,0,21.045,35.44,17.5
90,0,21.4933333333,35.09,17.5
100,0,21.9,35.03,17.5
130,20,22.3233333333,34.96,17.39
110,20,22.3233333333,34.6266666667,17.39
90,10,22.1333333333,34.4666666667,17.39
90,0,21.9266666667,34.3266666667,17.39
100,0,21.7266666667,33.9,17.39
120,0,21.5333333333,33.7,17.39
140,20,21.3566666667,33.53,17.39
160,20,21.23,33.59,17.3566666667
230,30,21.1666666667,33.79,17.3566666667
180,10,21.0333333333,33.8633333333,17.29
140,20,20.9633333333,34.09,17.29
140,10,20.89,34.03,17.29
130,0,20.76,33.9333333333,17.29
120,0,20.7,33.9333333333,17.29
100,0,20.5666666667,33.7,17.29
110,0,20.5,33.6266666667,17.29
130,10,20.34,33.545,17.29
140,20,20.29,33.7266666667,17.26
140,30,20.43,34.2666666667,17.26
130,20,20.8933333333,34.73,17.29
130,20,21.2933333333,34.8633333333,17.29
130,30,21.6,34.59,17.29
100,20,21.6,34.4633333333,17.29
110,30,21.5666666667,34.5,17.29
110,20,21.5,34.5,17.29
120,20,21.39,34.4,17.29
100,20,21.39,34.4,17.29
90,30,21.29,34.4,17.29
90,20,21.23,34.3266666667,17.29
40,20,21.26,34.4333333333,17.29
30,20,21.2,34.6333333333,17.29
50,20,21.2,34.8266666667,17.29
40,30,21.2,34.9666666667,17.29
60,20,21.2,35.03,17.29
50,30,21.2,35.1633333333,17.29
60,20,21.2,35.2,17.29
60,30,21.1,35.29,17.29
60,20,21.1,35.3633333333,17.29
60,20,21.1,35.4333333333,17.29
60,20,21.1,35.4333333333,17.29
70,20,21.1,35.5,17.29
60,30,21.1,35.56,17.29
60,20,21.0666666667,35.59,17.29
60,20,21.0666666667,35.7966666667,17.29
60,20,21.36,35.9666666667,17.29
50,20,21.5,35.8266666667,17.29
40,30,21.5,35.79,17.29
40,20,21.5,35.79,17.29
40,20,21.39,35.79,17.29
70,20,21.39,35.73,17.29
60,20,21.3566666667,35.7,17.29
40,0,21.29,35.7,17.39
50,0,21.29,35.56,17.3233333333
40,0,21.23,35.36,17.3566666667
50,0,21.1,35.245,17.3566666667
50,0,20.9633333333,35.23,17.39
50,0,20.89,35.29,17.39
60,0,20.79,35.23,17.3566666667
40,0,20.73,35.29,17.3566666667
50,0,20.6666666667,35.3633333333,17.3233333333
40,0,20.6,35.3633333333,17.39
40,0,20.5,35.53,17.39
20,0,20.5,35.59,17.39
30,0,20.39,35.59,17.39
40,0,20.3233333333,35.59,17.39
40,0,20.29,35.59,17.39
50,0,20.23,35.59,17.39
50,0,20.2,35.53,17.39
40,0,20.1333333333,35.59,17.39
50,0,20.1,35.53,17.39
40,0,20.1,35.59,17.39
50,0,20.0,35.5,17.39
50,0,19.9266666667,35.5,17.39
50,0,19.945,35.5,17.39
50,0,19.89,35.5,17.39
50,0,19.8233333333,35.4333333333,17.39
40,0,19.79,35.3633333333,17.39
40,0,19.79,35.29,17.39
30,0,19.76,35.29,17.39
20,0,19.7,35.29,17.39
30,0,19.7,35.23,17.39
40,0,19.7,35.23,17.39
90,0,19.6,35.1566666667,17.39
40,0,19.6,35.29,17.39
50,0,19.5666666667,35.23,17.39
40,0,19.5,35.29,17.39
50,0,19.5,35.29,17.39
50,0,19.5,35.3633333333,17.39
40,0,19.4633333333,35.4,17.39
60,0,19.4633333333,35.4666666667,17.39
80,0,19.39,35.5,17.39
50,0,19.39,35.5,17.4266666667
50,0,19.5,35.645,17.5
20,0,19.6333333333,35.7,17.5333333333
30,0,19.76,35.7,17.6
40,0,19.9266666667,35.7,17.6333333333
50,10,20.0666666667,35.8333333333,17.7
80,0,20.23,35.9333333333,17.7
230,0,20.3566666667,36.06,17.7
210,0,20.5333333333,36.09,17.7
90,0,20.6,36.1633333333,17.73
60,0,20.7,36.2,17.79
70,0,20.76,36.1266666667,17.79
60,0,20.8233333333,36.1266666667,17.79
60,10,20.89,36.2,17.79
80,0,21.0,36.2,17.8566666667
80,0,21.0666666667,36.26,17.8566666667
70,0,21.3933333333,36.2966666667,17.8566666667
70,0,21.7266666667,36.03,17.89
70,0,21.79,35.8633333333,17.89
80,0,21.8566666667,35.8633333333,17.89
170,0,21.945,35.79,17.89
50,10,22.0,35.6333333333,17.89
60,0,22.0,35.5,17.89
60,0,22.0,35.59,17.89
70,0,22.0666666667,35.6633333333,17.89
60,0,22.1,35.6633333333,17.89
80,10,22.1,35.53,17.9633333333
70,20,22.0,35.3266666667,18.0
70,30,22.0666666667,35.5266666667,17.9633333333
180,20,22.1,35.6633333333,17.9633333333
50,20,22.1,35.4633333333,18.0
60,0,22.1333333333,35.3333333333,17.9266666667
60,0,22.1333333333,35.1266666667,17.9266666667
50,0,22.1,34.9666666667,18.0
50,0,22.0333333333,34.7666666667,18.0
40,0,21.9633333333,34.56,18.0
50,10,21.89,34.4333333333,18.0
50,0,21.8566666667,34.26,18.0
60,0,21.79,34.2,18.0
50,0,21.79,33.95,18.0
60,0,21.7,33.8633333333,18.0333333333
50,0,21.7,33.73,18.1
60,0,21.6,33.56,18.1
70,0,21.6,33.4333333333,18.1
90,10,21.6,33.4,18.1333333333
90,0,21.5333333333,33.4,18.2
90,0,21.5,33.3633333333,18.1333333333
100,0,21.5,33.29,18.1
90,0,21.39,33.3333333333,18.1
100,0,21.39,33.0,18.2
110,0,21.3566666667,32.7233333333,18.2
120,10,21.29,32.53,18.2
130,10,21.26,32.5,18.2
220,30,21.2,32.6333333333,18.2
360,20,21.2,33.0966666667,18.2
680,20,21.26,33.5633333333,18.2
520,30,21.29,33.9333333333,18.2
430,20,21.29,34.06,18.1666666667
700,20,21.39,34.545,18.1666666667
680,30,21.4266666667,34.7566666667,18.1333333333
180,10,21.5,35.1633333333,18.2
120,0,21.5,35.0266666667,18.1333333333
130,10,21.4266666667,35.0266666667,18.1333333333
120,0,21.39,35.3266666667,18.1
150,20,21.39,35.4666666667,18.1
140,30,21.29,35.5666666667,18.1
140,20,21.29,35.76,18.1333333333
150,20,21.39,35.9,18.1333333333
140,30,21.39,35.9,18.1
150,20,21.39,35.8633333333,18.1
150,20,21.4633333333,35.73,18.1
150,30,21.5,35.73,18.1
140,20,21.5,35.73,18.1
110,30,21.5,35.7,18.1
130,20,21.5666666667,35.7,18.1
110,0,21.6,35.6633333333,18.1
110,0,21.6,35.39,18.1
80,0,21.5,34.895,18.1
80,0,21.39,34.5266666667,18.1
90,0,21.3233333333,34.3266666667,18.1
80,0,21.29,34.1633333333,18.1
80,0,21.23,34.03,18.1
70,10,21.1666666667,33.9,18.1
50,10,21.1,33.9666666667,18.1
60,0,21.0666666667,33.9,18.1
50,0,21.0,33.9,18.1
60,0,20.9633333333,33.9,18.1
30,0,20.89,33.9,18.1
30,0,20.89,33.9,18.1
30,0,20.8233333333,33.8266666667,18.1
40,0,20.79,33.79,18.1
50,0,20.79,33.79,18.1
40,0,20.7,33.79,18.1
50,0,20.7,33.79,18.1333333333
50,0,20.6,33.7,18.2
60,0,20.6,33.7,18.1
50,0,20.6,33.7,18.1
50,0,20.6,33.79,18.1
40,0,20.5333333333,33.79,18.1
50,0,20.5,33.79,18.1
50,0,20.5,33.79,18.1666666667
50,0,20.4266666667,33.73,18.1333333333
60,0,20.4266666667,33.79,18.125
40,0,20.39,33.79,18.1
30,0,20.39,33.79,18.1
20,0,20.29,33.79,18.1
40,0,20.29,33.79,18.1
50,0,20.29,33.79,18.1
50,0,20.29,33.79,18.1666666667
50,0,20.26,33.76,18.1666666667
50,0,20.2,33.76,18.1666666667
70,0,20.2,33.73,18.1666666667
40,0,20.2,33.79,18.1
60,0,20.1666666667,33.79,18.1666666667
40,0,20.1,33.79,18.1666666667
40,0,20.1,33.79,18.1
60,0,20.1,33.79,18.1333333333
40,0,20.1,33.79,18.1333333333
40,0,20.0666666667,33.79,18.1666666667
30,0,20.0,33.79,18.1666666667
20,0,20.0,33.79,18.2
50,0,20.0,33.8633333333,18.1
50,0,19.9266666667,33.9,18.1
50,0,20.0,33.9,18.2
50,0,19.9633333333,34.0,18.2
50,0,19.89,34.0,18.1
50,0,19.89,34.0,18.1666666667
50,0,19.89,34.0,18.1666666667
50,0,19.8566666667,34.06,18.1666666667
40,0,19.79,34.0,18.1
50,0,19.79,34.0,18.1666666667
50,0,19.79,34.0,18.1666666667
30,0,19.79,34.09,18.1
30,0,19.79,34.09,18.2
30,10,19.745,34.09,18.2
80,0,19.7,34.09,18.2
50,0,19.7,34.09,18.2
40,0,19.7,34.1266666667,18.2
90,0,19.7,34.2,18.2
70,0,19.7,34.36,18.2
280,0,19.7,34.6333333333,18.2
180,10,19.6666666667,34.7233333333,18.1333333333
290,0,19.6,34.59,18.2
80,0,19.7,34.76,18.2
330,0,19.7,34.76,18.2
140,0,19.7,34.9333333333,18.2
50,10,19.7,34.8,18.2
30,0,19.73,34.49,18.26
50,10,19.79,34.1566666667,18.29
50,10,19.89,33.8633333333,18.29
320,10,19.9633333333,33.79,18.29
360,0,20.0,33.76,18.29
50,10,20.075,33.5425,18.29
70,10,20.1,33.0966666667,18.29
50,10,20.1666666667,32.7233333333,18.29
70,10,20.1,32.53,18.29
40,0,20.2,32.4,18.29
30,10,20.2,32.4,18.29
30,0,20.23,32.5666666667,18.29
20,10,20.29,32.76,18.29
50,10,20.29,32.9333333333,18.29
50,0,20.29,33.06,18.29
50,10,20.39,33.2,18.29
50,0,20.4633333333,33.26,18.29
90,10,20.5,33.4,18.29
100,10,20.5666666667,33.4,18.29
60,0,20.6,33.4333333333,18.29
40,10,20.6666666667,33.56,18.29
30,0,20.7,33.59,18.29
60,10,20.7,33.59,18.39
30,0,20.7,33.59,18.39
40,10,20.7,33.59,18.39
50,10,20.7,33.59,18.39
40,0,20.7,33.56,18.39
50,10,20.7,33.5,18.39
50,0,20.7,33.4666666667,18.39
50,10,20.7,33.3266666667,18.39
60,10,20.7,33.29,18.5
50,0,20.7,33.29,18.5
50,10,20.73,33.29,18.5
50,0,20.79,33.29,18.5
50,10,20.79,33.2,18.5
50,10,20.79,33.2,18.5
20,0,20.79,33.1633333333,18.5
30,10,20.79,33.09,18.6
30,0,20.89,33.2,18.6
50,10,20.8233333333,33.1266666667,18.6
50,10,20.8233333333,33.1266666667,18.6
40,0,20.89,33.2,18.6
50,10,20.79,33.09,18.6
50,0,20.79,33.09,18.6
50,0,20.79,33.09,18.6
50,0,20.79,33.2,18.6
50,0,20.73,33.2,18.6
50,0,20.7,33.2,18.6
40,0,20.7,33.26,18.6
40,0,20.6666666667,33.3633333333,18.6
60,0,20.6,33.29,18.6
60,0,20.6,33.26,18.6
70,0,20.5333333333,33.2,18.6
100,0,20.5,33.06,18.6
100,0,20.5,32.9333333333,18.6
100,0,20.39,32.79,18.6
100,10,20.39,32.79,18.6
100,0,20.29,32.9,18.6
250,0,20.29,33.0266666667,18.5
340,10,20.29,33.1266666667,18.5666666667
100,10,20.29,33.2,18.6
90,0,20.2,33.53,18.6
110,10,20.2,33.7225,18.5333333333
120,0,20.2,33.9666666667,18.5333333333
100,0,20.2,34.03,18.5333333333
100,0,20.2,34.1633333333,18.5333333333
100,0,20.1,34.0,18.5333333333
140,0,20.1,33.9333333333,18.525
160,10,20.1,33.76,18.5
100,20,20.1,33.7,18.5
90,10,20.0,33.5,18.5
80,10,20.0,33.4333333333,18.5
90,10,19.9633333333,33.3633333333,18.5
100,0,19.89,33.29,18.5
90,10,19.89,33.29,18.5
110,0,19.89,33.3633333333,18.5
90,0,19.89,33.53,18.5
80,10,19.89,33.6633333333,18.5
70,0,19.89,33.9333333333,18.5
50,0,19.89,34.06,18.5
30,10,19.89,34.23,18.5
20,10,19.89,34.42,18.5
30,0,19.8233333333,34.53,18.5
70,0,19.89,34.6266666667,18.5
50,0,19.8233333333,34.6266666667,18.5
50,0,19.79,34.7,18.5
40,0,19.79,34.7,18.5
40,10,19.79,34.7,18.5
50,0,19.79,34.76,18.5
40,0,19.76,34.79,18.5
50,0,19.7,34.79,18.5
50,0,19.7,34.79,18.5
50,0,19.7,34.79,18.5
30,0,19.7,34.79,18.5
20,0,19.7,34.8633333333,18.5
30,0,19.6,34.79,18.5
50,10,19.6,34.79,18.5
40,0,19.6,34.8266666667,18.5
60,0,19.6,34.9,18.5
50,0,19.6,34.9,18.5
60,0,19.6,34.9,18.5
50,0,19.6,34.9,18.5
40,0,19.5,34.9,18.5
50,0,19.5,34.9,18.5
40,0,19.5,34.9,18.5
50,10,19.5,34.9,18.5
30,0,19.5,34.9,18.5
40,0,19.5,34.9,18.5
30,0,19.5,34.9,18.5
40,0,19.5,34.9,18.5
50,0,19.39,34.79,18.5
50,0,19.39,34.79,18.5
40,0,19.39,34.79,18.5
50,0,19.39,34.79,18.5
60,10,19.39,34.79,18.5
50,0,19.3233333333,34.79,18.5
60,0,19.3566666667,34.79,18.5
40,0,19.29,34.79,18.5
50,0,19.34,34.845,18.5
50,0,19.29,34.79,18.5
30,0,19.29,34.79,18.5
30,0,19.23,34.8266666667,18.5
20,0,19.23,34.8266666667,18.5
40,0,19.26,34.8633333333,18.5
60,0,19.2,34.79,18.5
50,0,19.2,34.79,18.5
40,0,19.2,34.79,18.5
50,0,19.2,34.79,18.5
40,0,19.2,34.79,18.5
50,0,19.1666666667,34.79,18.5
50,0,19.1,34.79,18.5
60,0,19.1333333333,34.79,18.5
50,0,19.2,34.79,18.5
50,0,19.1,34.79,18.5
40,0,19.1,34.79,18.5
40,0,19.1,34.8266666667,18.5
30,10,19.1,34.9,18.5
30,0,19.1,35.045,18.5
50,0,19.1,35.06,18.5
100,0,19.0333333333,35.0,18.5
70,0,19.1966666667,35.23,18.5333333333
50,0,19.5966666667,35.49,18.6
50,0,19.8233333333,35.4,18.6
50,10,19.89,35.2666666667,18.625
60,0,19.9266666667,35.2,18.7
50,0,20.0,35.26,18.7
50,0,20.1,35.56,18.7
40,0,20.1666666667,35.5,18.7
60,0,20.23,35.29,18.7
70,0,20.29,35.23,18.7
70,10,20.39,35.09,18.7
90,0,20.39,35.03,18.7
110,0,20.39,34.8633333333,18.7
80,0,20.39,34.73,18.7
90,10,20.5,34.6633333333,18.7
120,0,20.4266666667,34.53,18.6666666667
140,0,20.445,34.4,18.6
110,0,20.4633333333,34.3333333333,18.6333333333
80,10,20.4633333333,34.2,18.7
60,0,20.5,34.1633333333,18.7
170,10,20.5666666667,34.09,18.7
230,10,20.6,34.0,18.6
230,0,20.6666666667,34.06,18.625
300,10,20.7,34.29,18.7
290,0,20.76,34.29,18.7
180,10,20.79,34.09,18.7
140,10,20.79,34.03,18.7
160,0,20.89,33.9666666667,18.7
200,10,20.8233333333,33.8266666667,18.7
210,10,20.79,33.7,18.7
130,0,20.79,33.76,18.73
130,10,20.89,34.0,18.79
110,10,20.89,34.06,18.79
110,0,20.89,34.1633333333,18.79
90,0,20.89,34.0675,18.79
100,0,20.8233333333,33.86,18.8566666667
110,10,20.79,33.76,18.89
100,0,20.79,33.7,18.89
80,10,20.79,33.6633333333,18.89
80,10,20.79,33.59,18.89
90,0,20.7,33.5,18.89
80,10,20.7,33.4333333333,18.89
80,0,20.7,33.3633333333,18.9633333333
90,10,20.7,33.29,19.23
60,10,20.6,33.2,19.23
50,0,20.6,33.2,19.1
70,10,20.6,33.09,19.0333333333
70,0,20.6,33.1633333333,18.9633333333
80,10,20.5333333333,33.1633333333,18.9633333333
80,0,20.5333333333,33.09,18.89
70,10,20.5,33.09,18.89
80,10,20.5,33.09,19.0
70,0,20.5,33.09,19.0
80,10,20.4175,33.0225,18.9266666667
100,0,20.39,32.9333333333,19.0
90,10,20.39,32.9,18.9633333333
90,10,20.39,32.9,18.89
100,0,20.3233333333,32.9,19.0
60,10,20.3233333333,32.9,19.0
80,0,20.29,32.9,19.0
90,10,20.29,32.9,18.9633333333
100,0,20.2,32.79,18.9633333333
390,10,20.2,32.79,18.89
440,0,20.2,32.79,18.89
440,0,20.2,32.8633333333,18.89
150,0,20.1,32.9333333333,18.9633333333
150,0,20.1,33.0,18.89
150,0,20.1,33.0,18.89
350,10,20.1,33.0,18.89
140,10,20.1,33.0,18.89
130,10,20.1,33.395,18.9633333333
450,10,20.1,34.1333333333,18.89
230,0,20.1,34.6925,18.89
300,0,20.1,34.8633333333,18.89
170,0,20.1,34.9,18.9633333333
110,0,20.1,34.9666666667,18.9633333333
110,0,20.1,35.03,19.0
80,0,20.1,35.09,19.0
250,0,20.1,35.2,18.945
420,0,20.1,35.26,18.9633333333
150,0,20.1,35.4333333333,18.9633333333
110,0,20.1,35.5,18.89
100,0,20.1,35.5,18.89
100,0,20.1,35.56,19.0
100,0,20.0666666667,35.4666666667,18.9266666667
80,0,20.0666666667,35.4666666667,18.89
90,10,20.0,35.4,18.89
70,0,20.0,35.4,18.9633333333
60,10,20.0,35.4,18.9633333333
60,0,20.0,35.4,18.9266666667
30,0,19.89,35.4,19.0
40,0,19.945,35.3175,18.89
30,0,19.89,35.29,18.9633333333
30,0,19.89,35.2,18.89
60,0,19.89,35.2,18.89
60,0,19.8566666667,35.1333333333,18.89
60,0,19.8566666667,35.06,18.9633333333
50,0,19.79,35.0,18.89
50,0,19.79,35.0,18.89
60,0,19.79,34.9666666667,18.89
50,0,19.79,34.9,18.89
50,0,19.79,34.9,18.89
60,0,19.79,34.9,18.9266666667
50,0,19.7,34.9,19.0
40,0,19.7,34.8266666667,18.89
40,0,19.7,34.8633333333,18.89
40,0,19.7,34.79,18.9266666667
30,0,19.7,34.79,18.9266666667
50,0,19.7,34.79,18.89
60,0,19.6,34.7,18.9633333333
50,0,19.6,34.645,18.9266666667
60,0,19.6,34.6266666667,18.9266666667
60,0,19.6,34.59,18.89
50,0,19.6,34.59,18.89
60,0,19.6,34.59,18.89
50,0,19.6,34.59,18.89
50,0,19.5,34.59,18.945
50,0,19.5,34.59,18.89
40,0,19.5,34.5,18.89
40,0,19.5,34.5,18.9266666667
50,0,19.5,34.5,18.9266666667
30,0,19.5,34.5,18.89
50,0,19.5,34.5,18.89
60,0,19.5,34.5,18.89
40,0,19.39,34.3633333333,18.9633333333
60,0,19.39,34.29,18.89
60,0,19.39,34.29,18.89
50,0,19.39,34.29,18.89
70,0,19.34,34.29,18.89
50,0,19.39,34.29,19.0
50,0,19.3233333333,34.29,19.0
50,0,19.3566666667,34.26,18.89
50,0,19.29,34.26,18.89
30,0,19.29,34.2,19.0
40,0,19.29,34.2,18.9266666667
40,0,19.29,34.2,19.0
40,0,19.23,34.1266666667,18.89
60,0,19.2,34.09,18.9633333333
70,0,19.2,34.09,18.9266666667
60,0,19.26,34.5,19.0
60,0,19.2,34.6333333333,18.89
60,0,19.2,34.8266666667,18.9633333333
70,0,19.26,34.9666666667,19.0
70,0,19.23,35.1566666667,19.0
70,0,19.29,35.29,19.0
70,0,19.3233333333,35.4633333333,19.0
50,0,19.39,35.6633333333,19.0333333333
60,0,19.55,35.845,19.1
60,0,19.73,35.6,19.1333333333
30,0,19.8566666667,35.3266666667,19.2
60,10,19.9266666667,35.0266666667,19.2
100,0,20.0666666667,34.9,19.2
120,0,20.23,34.8266666667,19.2
100,0,20.3566666667,34.7666666667,19.2
90,0,20.4175,34.865,19.2
100,0,20.5666666667,35.1633333333,19.2
130,0,20.7,35.29,19.2
130,0,20.7,35.29,19.2
130,0,20.795,35.79,19.2
130,0,20.89,36.29,19.1
140,0,21.0,36.0666666667,19.1
110,0,21.0,36.26,19.1333333333
60,0,20.89,36.3333333333,19.2
60,10,20.89,36.0666666667,19.2
50,0,21.0,35.6333333333,19.2
60,0,21.0,35.36,19.2
70,0,21.0,35.045,19.2
70,0,21.0,34.76,19.1333333333
70,0,21.0666666667,34.6266666667,19.2
60,0,21.1,34.4666666667,19.2
60,0,21.1,34.3266666667,19.2
60,0,21.1,34.2,19.2
60,10,21.0333333333,34.0666666667,19.2
60,0,21.0,33.9666666667,19.2
70,0,21.0,33.9666666667,19.2
70,0,21.0,33.9,19.2
70,0,21.0,33.8266666667,19.2
40,0,21.0,33.7,19.2
40,0,21.0,33.6266666667,19.2
50,0,21.0,33.59,19.2
40,0,21.0,33.53,19.2
70,10,21.0,33.4666666667,19.2
70,0,21.0,33.4,19.29
70,0,21.0,33.4,19.29
60,0,21.0,33.3266666667,19.29
70,0,21.0,33.29,19.29
60,0,21.0,33.26,19.29
70,0,21.0,33.2,19.29
50,0,21.0,33.1633333333,19.29
70,0,21.0,33.09,19.29
70,10,21.0,33.09,19.39
70,0,21.0,33.09,19.365
70,0,21.0,33.09,19.3566666667
40,0,21.0,33.09,19.39
40,0,20.9633333333,33.03,19.39
40,0,20.89,33.09,19.39
40,0,20.89,33.09,19.39
70,0,20.89,33.03,19.39
70,0,20.89,32.9,19.39
80,10,20.8233333333,32.7666666667,19.39
90,50,20.79,32.6266666667,19.39
80,50,20.79,33.0333333333,19.39
90,20,20.8233333333,33.7566666667,19.39
100,30,20.89,34.5566666667,19.4633333333
100,40,20.945,35.84,19.4633333333
130,10,20.9633333333,36.3266666667,19.39
140,0,20.89,35.1933333333,19.39
140,0,20.79,34.6333333333,19.39
130,10,20.79,34.36,19.4633333333
120,0,20.7,34.29,19.5
110,0,20.7,34.3633333333,19.5
80,0,20.7,34.5,19.5
90,10,20.6333333333,34.4333333333,19.5
100,0,20.6,34.4333333333,19.5
120,20,20.6,34.5,19.4633333333
130,0,20.5666666667,34.4333333333,19.39
120,10,20.5,34.36,19.39
120,0,20.4266666667,34.09,19.39
110,0,20.4266666667,33.9633333333,19.4633333333
100,0,20.39,33.9,19.39
70,0,20.3233333333,33.8266666667,19.39
80,0,20.29,33.76,19.39
90,0,20.29,33.7,19.39
80,0,20.29,33.7,19.39
70,0,20.2,33.56,19.39
60,10,20.2,33.5,19.39
50,0,20.1666666667,33.5,19.39
30,0,20.1666666667,33.5,19.39
40,0,20.1,33.4333333333,19.39
70,0,20.1,33.4333333333,19.315
50,10,20.1,33.4333333333,19.29
50,0,20.0333333333,33.5,19.3566666667
50,0,20.0,33.6266666667,19.29
40,0,20.0,33.76,19.29
50,0,20.0,33.8266666667,19.29
50,0,19.9266666667,33.9666666667,19.29
50,0,19.89,34.0,19.29
50,0,19.89,34.06,19.29
50,0,19.89,34.09,19.29
30,0,19.89,34.1633333333,19.29
20,0,19.89,34.2,19.29
30,0,19.865,34.2,19.29
40,0,19.79,34.2,19.29
50,0,19.79,34.2,19.29
50,0,19.79,34.2,19.29
50,0,19.79,34.2,19.29
60,0,19.79,34.2,19.29
40,0,19.76,34.2,19.29
40,0,19.7,34.2,19.29
50,0,19.7,34.26,19.29
50,0,19.7,34.26,19.29
60,0,19.7,34.2,19.29
40,0,19.7,34.2,19.29
50,0,19.7,34.2,19.29
30,0,19.6333333333,34.1266666667,19.29
20,0,19.6,34.09,19.29
30,0,19.6,34.09,19.29
40,0,19.6,34.09,19.29
50,0,19.6,34.09,19.29
50,0,19.5333333333,34.0,19.29
50,0,19.525,34.0,19.29
60,0,19.5,34.0,19.29
50,0,19.5,34.0,19.29
50,0,19.5,34.0,19.29
50,0,19.5,33.9,19.29
40,0,19.4266666667,33.8266666667,19.29
50,0,19.5,33.9,19.29
50,0,19.5,33.9,19.29
40,0,19.39,33.76,19.29
30,0,19.39,33.7,19.29
30,0,19.39,33.7,19.29
20,0,19.39,33.7,19.29
50,0,19.29,33.7,19.29
50,0,19.29,33.7,19.29
40,0,19.29,33.7,19.29
50,0,19.29,33.7,19.29
50,0,19.29,33.7,19.29
50,0,19.29,33.7,19.23
60,0,19.245,33.645,19.29
40,0,19.2,33.59,19.29
90,0,19.26,33.6633333333,19.29
40,10,19.26,33.5266666667,19.29
40,0,19.2,33.4,19.29
30,0,19.2,33.06,19.29
30,0,19.2,32.9333333333,19.29
30,0,19.1666666667,32.8633333333,19.29
80,0,19.1666666667,32.79,19.29
380,0,19.1,32.73,19.29
310,0,19.1,32.59,19.39
410,0,19.1,32.6633333333,19.39
190,0,19.2,33.03,19.39
130,0,19.26,33.1633333333,19.39
290,0,19.39,33.09,19.4266666667
80,0,19.4633333333,33.09,19.5666666667
100,0,19.6333333333,33.0,19.5
60,0,19.76,32.9333333333,19.5
280,0,19.8233333333,32.9,19.5
740,0,19.9633333333,32.7666666667,19.5
860,0,20.0,32.1,19.39
490,0,20.0333333333,31.89,19.39
280,0,20.1,31.9633333333,19.39
280,10,20.1333333333,32.09,19.39
260,0,20.2,32.09,19.39
250,0,20.2,32.3266666667,19.39
220,0,20.2,32.4666666667,19.39
110,0,20.23,32.7666666667,19.39
310,0,20.29,32.9666666667,19.39
270,0,20.4266666667,33.39,19.39
100,0,20.5666666667,33.7966666667,19.39
70,0,20.6333333333,34.1933333333,19.39
60,0,20.7,34.4666666667,19.39
60,0,20.8233333333,34.6266666667,19.4633333333
50,0,20.89,34.7,19.39
80,0,21.0,34.8266666667,19.39
230,0,21.0,34.7666666667,19.39
710,0,21.0,34.56,19.39
570,0,21.0,34.375,19.4633333333
300,0,21.0,34.1266666667,19.5
230,0,21.0,34.0266666667,19.5
240,0,21.0,33.7666666667,19.5333333333
220,0,21.0,33.56,19.5333333333
180,0,21.0,33.36,19.6
100,0,20.9266666667,33.26,19.6
240,10,21.0,33.1266666667,19.6
690,0,21.0,32.9666666667,19.6
490,0,21.0,32.4933333333,19.6
320,0,20.9633333333,31.8566666667,19.6
240,0,20.89,31.79,19.6
270,0,20.89,31.79,19.6666666667
230,0,20.89,31.79,19.6
220,0,20.9266666667,31.8233333333,19.7
190,0,21.0,31.9633333333,19.7
80,0,20.89,32.1266666667,19.6333333333
240,10,20.9633333333,32.26,19.7
460,0,20.89,32.4333333333,19.7
590,0,20.89,32.595,19.7
550,0,20.89,32.8333333333,19.7
560,10,20.89,33.0,19.76
350,0,20.89,33.06,19.7
250,0,21.0,33.23,19.7
210,10,21.0,33.3633333333,19.7
150,0,21.0,33.5,19.7
80,0,21.0,33.5,19.7
210,0,21.0,33.5,19.7
580,10,21.0,33.5,19.7
310,0,21.0,33.5,19.7
270,0,21.0,33.5,19.7
250,0,21.0,33.4,19.7
380,0,21.0,33.0666666667,19.7
470,10,20.89,32.6333333333,19.7
290,0,20.8233333333,32.36,19.7
80,10,20.79,32.06,19.7
90,10,20.79,32.0,19.7
100,10,20.7,32.06,19.6666666667
100,0,20.7,32.725,19.6
110,10,20.7,33.7666666667,19.6333333333
110,10,20.7,34.1266666667,19.6333333333
140,20,20.7,34.26,19.6
110,40,20.6333333333,34.4266666667,19.6666666667
110,20,20.7,34.96,19.6
90,30,20.7,35.4666666667,19.6
110,20,20.7,35.4,19.6
90,10,20.7,35.26,19.6
100,0,20.6333333333,35.0666666667,19.6
120,10,20.6,34.8633333333,19.6
110,30,20.6,34.79,19.5333333333
100,20,20.6,34.3333333333,19.5666666667
100,20,20.6,34.0666666667,19.5666666667
120,20,20.7,33.9333333333,19.5333333333
110,20,20.7,33.86,19.5333333333
90,30,20.7,33.7,19.5
70,20,20.76,33.8333333333,19.5
60,20,20.79,34.36,19.5666666667
70,30,20.865,34.6725,19.5
60,20,20.89,34.79,19.5
50,20,21.0,35.0,19.5
60,30,21.0,35.0,19.5
60,20,21.0333333333,35.03,19.5
60,20,21.1,35.03,19.5
70,20,21.1,34.9,19.5
70,30,21.1,34.9,19.5
50,10,21.1,34.79,19.5
60,10,21.1,34.79,19.5
40,0,21.1,34.6333333333,19.5
40,0,21.0333333333,34.36,19.5
20,10,21.0,34.2233333333,19.4633333333
30,0,20.9266666667,34.09,19.39
30,0,20.8566666667,33.93,19.4266666667
60,0,20.79,33.8633333333,19.4266666667
50,0,20.76,33.9333333333,19.39
50,0,20.7,34.0,19.39
50,0,20.6,34.0,19.39
50,0,20.6,34.0,19.4633333333
40,0,20.5333333333,34.0,19.5
50,10,20.4633333333,33.9666666667,19.5
40,0,20.39,33.9,19.39
50,0,20.39,33.8633333333,19.4633333333
60,0,20.3233333333,33.79,19.4266666667
50,0,20.29,33.76,19.4266666667
50,0,20.29,33.76,19.39
40,0,20.26,33.7,19.39
40,0,20.2,33.6266666667,19.39
30,10,20.2,33.59,19.4266666667
30,0,20.1333333333,33.59,19.4266666667
30,0,20.1,33.59,19.4266666667
40,0,20.1,33.59,19.4266666667
60,0,20.0333333333,33.5,19.39
50,0,20.0333333333,33.4333333333,19.39
50,0,20.0,33.4,19.4633333333
50,0,20.0,33.4,19.4633333333
40,0,19.89,33.4,19.39
50,0,19.89,33.4,19.39
50,10,19.89,33.4,19.5
60,0,19.89,33.4,19.4266666667
50,0,19.8233333333,33.2666666667,19.39
40,0,19.79,33.26,19.39
60,0,19.79,33.2,19.39
40,0,19.79,33.2,19.39
50,0,19.73,33.2,19.39
40,0,19.7,33.2,19.39
50,0,19.7,33.2,19.39
40,0,19.7,33.2,19.39
40,0,19.7,33.2,19.39
130,0,19.7,33.2,19.39
330,0,19.6333333333,33.1266666667,19.39
220,0,19.6666666667,33.1633333333,19.39
110,0,19.6,33.1633333333,19.39
60,10,19.6,33.06,19.39
60,0,19.6,33.0,19.39
70,0,19.6,32.845,19.39
60,0,19.6,32.6633333333,19.4633333333
70,0,19.6,32.53,19.39
40,0,19.6,32.3333333333,19.39
50,0,19.6,32.1266666667,19.4633333333
50,0,19.6,32.1266666667,19.4633333333
210,0,19.6,32.2,19.5
160,0,19.73,32.29,19.5
50,0,19.79,32.23,19.6
70,10,19.89,32.29,19.6
80,10,19.9633333333,32.29,19.6
50,0,20.1,32.3633333333,19.6
50,0,20.1666666667,32.29,19.6
50,10,20.2,32.1633333333,19.6
60,0,20.26,32.09,19.6
60,10,20.3233333333,32.06,19.5666666667
70,0,20.39,32.0,19.5666666667
60,10,20.39,32.36,19.5333333333
60,0,20.4633333333,32.8333333333,19.6
60,0,20.5,32.85,19.5666666667
50,10,20.5333333333,32.6266666667,19.5
40,0,20.6,32.76,19.5
40,10,20.73,32.8333333333,19.5666666667
40,10,20.79,32.6266666667,19.6
40,0,20.8233333333,32.4,19.6
60,10,20.89,32.3266666667,19.6
150,10,20.9266666667,32.2,19.6
280,0,21.0,32.1266666667,19.5666666667
100,10,21.0,31.9633333333,19.575
90,0,21.0,31.8233333333,19.6
130,10,21.0,31.79,19.6
120,0,20.9266666667,31.79,19.6
50,10,20.89,31.7,19.6
70,0,20.89,31.76,19.6666666667
50,0,20.89,31.6333333333,19.6
50,10,20.89,31.6333333333,19.6
50,0,21.0,31.5666666667,19.6333333333
50,0,21.0,31.5,19.7
50,10,21.0,31.445,19.7
60,0,21.0333333333,31.46,19.7
60,0,21.1,31.6,19.7
50,20,21.1,31.6,19.7
40,10,21.1,31.6,19.73
70,10,21.1,31.6333333333,19.73
70,0,21.1,31.9,19.7
70,0,21.1,32.1566666667,19.76
50,0,21.1666666667,32.3633333333,19.73
50,0,21.2,32.6566666667,19.79
60,0,21.2,32.8633333333,19.79
70,20,21.1666666667,32.8266666667,19.76
130,0,21.1,33.0266666667,19.7
360,0,21.1666666667,33.0,19.79
90,0,21.1,33.06,19.73
100,0,21.0666666667,33.2,19.79
60,0,21.0,33.2,19.79
80,0,21.0,33.3266666667,19.79
70,0,20.9266666667,33.4,19.79
270,0,20.89,33.5,19.79
210,0,20.8566666667,33.59,19.79
150,10,20.79,33.6633333333,19.76
130,20,20.79,33.7666666667,19.76
210,30,20.79,34.3,19.73
550,10,20.79,34.86,19.73
470,20,20.79,35.1333333333,19.7
280,10,20.89,35.4333333333,19.7
120,10,20.89,35.56,19.7
100,10,20.8566666667,35.6266666667,19.7225
370,10,20.79,35.76,19.73
140,0,20.79,35.9633333333,19.7
470,0,20.79,36.09,19.7
130,10,20.7,36.09,19.7
280,0,20.7,36.1633333333,19.7
350,10,20.7,36.29,19.7
170,0,20.6333333333,36.29,19.7
120,0,20.6,36.4666666667,19.7
100,0,20.6,36.3266666667,19.7
120,0,20.5,36.145,19.7
400,10,20.5,35.9666666667,19.7
310,0,20.4266666667,35.7666666667,19.7
130,0,20.39,35.6633333333,19.7
110,30,20.39,35.6633333333,19.7
120,20,20.39,35.73,19.7
90,20,20.4633333333,35.93,19.6666666667
80,20,20.5,36.1266666667,19.6666666667
90,30,20.5,36.26,19.6666666667
70,20,20.6,36.3266666667,19.625
60,30,20.6,36.4,19.7
50,20,20.7,36.9633333333,19.6333333333
40,20,20.76,37.09,19.7
60,20,20.79,37.1266666667,19.6
60,30,20.79,37.2,19.6
60,20,20.89,37.29,19.6
60,20,20.89,37.29,19.6
60,30,20.9266666667,37.26,19.6333333333
60,20,21.0,37.2,19.6333333333
70,20,21.0,37.245,19.6
70,20,21.1,37.29,19.6
70,30,21.1,37.29,19.6
60,20,21.1333333333,37.29,19.6
60,20,21.1333333333,37.23,19.6
60,30,21.1,37.2,19.6
40,20,21.1666666667,37.2,19.6
30,20,21.2,37.2,19.6
50,20,21.2,37.2,19.6
60,30,21.2,37.2,19.6
80,20,21.26,37.26,19.6
60,20,21.29,37.29,19.6
50,20,21.29,37.29,19.6
60,0,21.29,37.26,19.6
40,0,21.29,37.1266666667,19.6
50,0,21.2,36.7233333333,19.6
50,10,21.1333333333,36.53,19.6
50,0,21.0,36.26,19.5333333333
60,0,21.0,36.1266666667,19.6
50,0,20.89,35.95,19.5
40,0,20.79,35.79,19.5666666667
40,0,20.79,35.79,19.5666666667
30,0,20.76,35.79,19.5
20,0,20.7,35.79,19.5
30,0,20.6,35.7,19.5666666667
60,0,20.6,35.7,19.5
50,0,20.5666666667,35.7,19.5666666667
60,0,20.5,35.7,19.5
40,0,20.4633333333,35.6633333333,19.5
50,0,20.4633333333,35.6633333333,19.5
50,0,20.4633333333,35.6633333333,19.5
40,0,20.39,35.59,19.5
50,0,20.39,35.59,19.5
60,0,20.3233333333,35.59,19.5
40,0,20.29,35.56,19.5
50,0,20.29,35.56,19.5
40,0,20.26,35.56,19.5666666667
50,0,20.2,35.5,19.5
50,0,20.2,35.5,19.5
30,0,20.1333333333,35.5,19.5
30,0,20.1333333333,35.5,19.5
30,0,20.1,35.56,19.5
50,0,20.1,35.56,19.5
60,10,20.1,35.5,19.5
60,0,20.0333333333,35.56,19.5
180,0,20.0,35.9333333333,19.5
350,0,20.0,36.0,19.5
180,0,20.0,36.23,19.5
110,0,20.0,36.29,19.5
100,0,19.9266666667,36.2,19.6
70,0,19.9266666667,36.0666666667,19.6
90,0,19.9633333333,35.8333333333,19.6
80,10,19.89,35.7,19.6
90,0,19.9266666667,35.8,19.6333333333
70,0,20.0,36.1333333333,19.7
370,10,20.2,36.4333333333,19.73
780,0,20.3425,36.545,19.8566666667
460,0,20.53,36.5,19.89
370,0,20.73,36.3633333333,19.89
300,0,20.8566666667,36.29,19.79
320,0,21.1333333333,36.1633333333,19.79
300,0,21.26,36.03,19.76
210,0,21.3233333333,35.8633333333,19.745
120,0,21.39,35.6566666667,19.79
50,0,21.5,35.3333333333,19.79
180,0,21.5,35.0,19.79
200,0,21.5,34.6333333333,19.7
230,0,21.5,34.4333333333,19.7
110,0,21.4633333333,34.1333333333,19.7
50,0,21.39,33.9333333333,19.79
70,0,21.39,33.76,19.79
130,0,21.39,33.6266666667,19.79
50,0,21.5,33.8966666667,19.79
80,0,21.5,34.49,19.79
90,0,21.5,35.7333333333,19.79
70,0,21.5,36.5975,19.73
300,0,21.4266666667,36.4633333333,19.73
100,0,21.39,35.99,19.7
40,0,21.39,35.6566666667,19.7
160,0,21.3233333333,35.2966666667,19.79
90,0,21.3233333333,34.9633333333,19.73
120,0,21.29,34.6633333333,19.7
90,0,21.29,34.4633333333,19.7
100,20,21.29,34.4333333333,19.7
90,10,21.29,34.56,19.7
530,30,21.29,34.6633333333,19.745
710,30,21.29,34.59,19.7
420,30,21.39,34.5,19.7
340,20,21.39,34.4333333333,19.7
340,30,21.5,34.3633333333,19.7
270,30,21.5,34.29,19.7
300,30,21.6333333333,34.2,19.7
210,20,21.7,34.1266666667,19.73
130,20,21.7,34.0,19.73
80,10,21.7225,33.82,19.79
90,30,21.73,33.5666666667,19.73
110,20,21.7,33.59,19.7
90,30,21.76,33.7233333333,19.7
70,30,21.79,33.56,19.7
90,20,21.79,33.3,19.7
100,20,21.79,32.9666666667,19.7
90,20,21.79,32.8266666667,19.7
640,20,21.79,32.5266666667,19.7
600,20,21.79,32.06,19.7
330,10,21.76,31.4666666667,19.7
350,0,21.76,31.2,19.7
320,10,21.7,31.2,19.7
420,10,21.6333333333,31.1333333333,19.7
510,0,21.6,31.2633333333,19.7
740,20,21.6,31.4633333333,19.6666666667
590,20,21.5333333333,31.5966666667,19.6666666667
390,20,21.6,31.99,19.6333333333
760,30,21.6,32.5,19.6333333333
560,20,21.6,32.875,19.6
340,10,21.6,33.06,19.6
320,0,21.6,33.06,19.6
270,20,21.6,32.9333333333,19.6
180,20,21.6,32.9333333333,19.6
140,30,21.6,33.06,19.6
130,20,21.6,33.09,19.6
140,20,21.6,33.09,19.6
120,20,21.7,33.4633333333,19.6
130,30,21.76,33.6633333333,19.6
140,20,21.79,33.8266666667,19.6
160,20,21.79,33.9,19.6
140,20,21.8233333333,33.9633333333,19.6
140,20,21.89,34.09,19.6
130,30,21.89,34.09,19.6
120,0,21.89,34.09,19.6
70,0,22.0,34.0266666667,19.6
90,0,21.9266666667,33.7666666667,19.5333333333
100,10,21.8566666667,33.3633333333,19.5333333333
90,0,21.7675,32.7225,19.5
90,0,21.6333333333,32.1933333333,19.5
40,10,21.6,32.06,19.5
60,0,21.6,32.4,19.5
40,0,21.5,32.29,19.5333333333
40,0,21.5,32.29,19.6
30,0,21.39,32.2,19.5333333333
30,0,21.3233333333,32.2,19.6
40,0,21.29,32.2,19.6
50,0,21.29,32.26,19.6
50,0,21.2,32.2,19.6
60,0,21.1333333333,32.2,19.6
40,0,21.1,32.29,19.5333333333
60,0,21.1,32.29,19.6
40,0,21.0666666667,32.29,19.5333333333
60,0,21.0,32.29,19.6
50,0,21.0,32.3266666667,19.5333333333
60,0,21.0,32.4,19.5666666667
50,0,20.89,32.4333333333,19.5
50,0,20.865,32.425,19.6
50,0,20.79,32.4,19.5333333333
50,0,20.79,32.5,19.6
40,0,20.79,32.5,19.6
60,0,20.76,32.59,19.5333333333
50,0,20.7,32.6633333333,19.6
50,0,20.7,32.7,19.6
50,0,20.7,32.7,19.6
30,0,20.6666666667,32.7,19.6
30,0,20.6,32.7,19.6
30,0,20.6,32.73,19.5
30,0,20.6,32.79,19.6
60,0,20.5666666667,32.79,19.6
50,0,20.5,32.8633333333,19.5333333333
50,0,20.5,32.9,19.6
50,0,20.5,32.9,19.6
50,0,20.4633333333,32.9,19.6
50,0,20.39,32.9,19.6
50,0,20.39,32.9,19.6
40,0,20.39,32.925,19.6
40,0,20.39,33.0,19.6
60,0,20.29,33.0,19.5333333333
50,0,20.29,33.0,19.6
60,0,20.29,33.0,19.5333333333
50,0,20.29,33.06,19.6
40,0,20.29,33.09,19.5666666667
50,0,20.23,33.03,19.5666666667
50,0,20.26,33.06,19.6
50,0,20.2,33.0,19.5333333333
20,0,20.2,33.0,19.6
40,0,20.2,33.0,19.6
30,0,20.1666666667,32.9333333333,19.6
40,0,20.1,33.0,19.6
50,0,20.1,33.0,19.5333333333
50,0,20.1,33.0,19.5333333333
60,0,20.1,32.9,19.6
50,0,20.1,32.9,19.5333333333
60,0,20.0,32.8333333333,19.6
60,10,20.0,32.55,19.5666666667
90,0,20.0,32.4333333333,19.5666666667
70,10,20.0,32.29,19.5666666667
50,0,20.0,32.23,19.5666666667
40,10,19.89,32.1633333333,19.5666666667
70,20,19.89,32.09,19.5
330,30,20.0966666667,32.53,19.5
260,30,20.5633333333,32.8633333333,19.5
200,0,21.2333333333,33.0,19.6
150,10,21.6933333333,32.7266666667,19.6
70,0,21.79,32.3633333333,19.79
60,10,21.73,32.29,19.89
80,0,21.6666666667,32.29,19.89
70,10,21.6,32.29,19.9633333333
80,0,21.6,32.53,19.89
80,10,21.6,32.6633333333,19.89
80,0,21.6,32.79,19.89
80,10,21.6,32.8633333333,19.79
260,0,21.6,32.8633333333,19.79
420,0,21.6,32.6725,19.79
150,0,21.5333333333,32.4333333333,19.79
60,0,21.5,32.4333333333,19.79
60,0,21.5,32.5,19.79
60,0,21.5,32.6266666667,19.79
60,0,21.5,32.7,19.79
40,0,21.5333333333,32.8266666667,19.79
50,10,21.6,32.9,19.79
40,0,21.6,33.0,19.79
180,0,21.6666666667,33.0,19.79
100,0,21.73,33.0,19.84
60,0,21.79,33.0,19.8233333333
60,0,21.79,33.0,19.8233333333
60,0,21.8566666667,33.06,19.89
80,0,21.89,32.8633333333,19.89
70,0,21.89,32.79,19.89
50,10,21.89,32.9,19.89
50,0,21.89,32.8266666667,19.89
50,0,21.89,32.6633333333,19.9633333333
50,0,21.89,32.4975,19.89
40,0,21.89,32.4,19.9633333333
60,0,21.89,32.29,20.0
50,0,21.89,32.29,20.0
60,0,21.89,32.29,20.0
60,0,21.89,32.29,20.0
40,10,21.9266666667,32.29,20.0
50,0,21.9266666667,32.29,20.0
50,0,22.0,32.1633333333,20.1
60,0,21.9266666667,32.03,20.1
80,0,21.9266666667,31.9633333333,20.1
80,0,21.9266666667,31.8233333333,20.1
70,0,21.89,31.79,20.1
80,0,21.89,31.73,20.1333333333
80,0,21.89,31.7,20.1333333333
100,0,21.89,31.7,20.1
80,0,21.89,31.6,20.1
80,0,21.89,31.5333333333,20.1
90,0,21.8566666667,31.4633333333,20.1
90,10,21.84,31.445,20.1
100,20,21.79,31.4633333333,20.1
110,20,21.9266666667,32.0966666667,20.1
90,20,22.0,32.49,20.1
100,30,22.1333333333,33.1933333333,20.1
80,20,22.2,33.6,20.1
70,20,22.3233333333,33.9333333333,20.0
110,20,22.39,33.8,20.0666666667
100,30,22.39,33.4666666667,20.0666666667
360,20,22.3233333333,33.2666666667,20.0666666667
350,20,22.29,33.1633333333,20.0
190,20,22.29,33.09,20.0
590,10,22.3233333333,33.09,20.0
90,10,22.3233333333,33.03,20.0
110,10,22.26,32.6,20.0
110,10,22.2,32.3266666667,20.0
140,30,22.1,32.1566666667,20.0
130,20,22.1,32.49,20.0
180,30,22.1,32.79,20.0
130,20,22.125,32.97,20.0
140,20,22.2,33.09,20.0
140,20,22.2,33.1266666667,20.0
120,20,22.2,33.2,20.0
150,30,22.2,33.2,19.9633333333
130,20,22.2,33.2,19.89
130,20,22.23,33.23,19.89
110,20,22.43,33.43,19.89
90,30,22.8933333333,33.4,19.89
70,20,23.1666666667,33.1333333333,19.9633333333
70,20,23.2,32.79,19.89
100,20,23.1333333333,32.79,19.89
80,30,23.0666666667,32.6333333333,19.89
80,20,23.0,32.5,19.89
60,20,23.0,32.8266666667,19.89
70,30,23.0,32.9666666667,19.89
70,20,23.0,33.1266666667,19.89
60,20,22.9266666667,33.2,19.89
70,20,22.89,33.29,19.89
50,20,22.89,33.3725,19.89
60,20,22.89,33.5266666667,19.89
60,30,22.89,33.59,19.89
70,20,22.89,33.6633333333,19.89
70,10,22.79,33.6266666667,19.89
50,0,22.79,33.76,19.89
40,0,22.79,33.59,19.89
30,0,22.73,33.53,19.89
30,0,22.6666666667,33.3633333333,19.89
30,0,22.5333333333,33.29,19.89
50,0,22.4633333333,33.1633333333,19.84
50,0,22.39,33.09,19.89
50,0,22.29,33.09,19.89
60,0,22.23,33.03,19.8566666667
50,0,22.2,32.9333333333,19.79
50,0,22.1333333333,32.9333333333,19.89
50,0,22.0666666667,32.8633333333,19.89
40,0,22.0,32.79,19.79
50,0,21.9633333333,32.79,19.8566666667
50,0,21.89,32.79,19.89
60,0,21.84,32.8,19.8233333333
60,0,21.79,32.79,19.8566666667
50,0,21.73,32.79,19.8566666667
50,0,21.7,32.9,19.8233333333
40,0,21.7,32.9,19.89
20,0,21.6666666667,33.0,19.89
30,0,21.6,33.0,19.8233333333
30,0,21.6,33.0,19.8233333333
50,0,21.6,33.0,19.8233333333
60,0,21.5,33.03,19.79
40,0,21.5,33.09,19.79
50,0,21.4633333333,33.06,19.79
50,0,21.39,33.06,19.8233333333
50,0,21.39,33.09,19.8233333333
50,0,21.39,33.1633333333,19.79
50,0,21.29,33.2,19.79
50,0,21.29,33.2,19.79
50,0,21.29,33.2,19.79
50,0,21.29,33.26,19.79
50,0,21.245,33.245,19.79
40,0,21.2,33.26,19.8233333333
50,0,21.2,33.26,19.8233333333
50,0,21.1,33.4,19.79
50,0,21.1,33.4,19.79
50,0,21.1,33.4333333333,19.89
30,0,21.1,33.5,19.8233333333
50,10,21.1,33.53,19.79
20,0,21.0333333333,33.53,19.79
60,0,21.0,33.5,19.79
80,0,21.0,33.56,19.79
90,0,21.0,33.5,19.79
50,0,21.0,33.4333333333,19.8566666667
60,0,21.0,33.4,19.79
60,0,20.9266666667,33.4,19.79
50,0,20.89,33.4,19.79
50,0,20.89,33.3266666667,19.79
50,10,20.79,33.29,19.79
40,0,20.79,33.29,19.73
50,0,20.79,33.29,19.73
50,0,20.79,33.29,19.76
70,0,20.79,33.3633333333,19.7
50,0,20.79,33.3266666667,19.76
30,0,20.79,33.4,19.7
30,0,20.76,33.4,19.7
30,0,20.7,33.4,19.6333333333
40,0,20.7,33.4333333333,19.7
40,0,20.7,33.5,19.7
60,0,20.7,33.4,19.7
60,0,20.6333333333,33.4,19.6666666667
50,0,20.6666666667,33.4666666667,19.6
70,0,20.6666666667,33.4,19.6
40,10,20.6,33.29,19.6
60,0,20.6,33.29,19.6
50,0,20.6,33.4,19.6
40,0,20.6,33.4,19.5666666667
60,0,20.6,33.3633333333,19.5666666667
50,0,20.6,33.3175,19.6
130,0,20.6,33.3266666667,19.6
90,0,20.6,33.29,19.5
70,0,20.6,33.29,19.5666666667
70,0,20.6,33.29,19.5
70,0,20.6,33.29,19.5
70,0,20.5,33.29,19.5
60,0,20.5666666667,33.29,19.5
60,0,20.5,33.29,19.5
60,0,20.5,33.29,19.5
60,0,20.5,33.2,19.5
50,0,20.5,33.2,19.5
50,0,20.5,33.09,19.5
50,0,20.5,33.09,19.5
50,0,20.6,33.09,19.5
40,0,20.6,33.1633333333,19.6
60,0,20.6,33.2,19.6
50,0,20.6666666667,33.26,19.6
60,0,20.7,33.26,19.6
50,0,20.7225,33.2675,19.6
60,0,20.79,33.23,19.6666666667
50,0,20.79,33.2,19.6
40,0,20.79,33.2,19.6
50,0,20.89,33.29,19.7
50,10,20.89,33.29,19.7
60,0,20.89,33.29,19.6333333333
50,0,20.89,33.3633333333,19.7
50,0,20.89,33.4,19.7
50,0,20.89,33.4666666667,19.7
50,0,20.89,33.53,19.65
80,0,20.89,33.59,19.7
80,0,20.8566666667,33.7,19.7
90,10,20.79,33.7,19.6
90,0,20.79,33.7,19.6
80,0,20.79,33.7,19.6333333333
80,0,20.79,33.7,19.7
70,0,20.73,33.7,19.6333333333
70,0,20.7,33.7,19.6333333333
240,0,20.7,33.7675,19.6
250,0,20.7,33.79,19.6
100,0,20.6,33.7,19.7
110,10,20.6,33.76,19.6333333333
130,0,20.6,33.79,19.6666666667
120,0,20.6,33.8633333333,19.6
120,0,20.5666666667,33.9,19.6
110,10,20.5,33.9,19.6
120,0,20.5,33.9333333333,19.6
110,0,20.5,34.0,19.6
110,0,20.4266666667,34.0,19.6
130,0,20.4266666667,34.0,19.6
110,0,20.39,34.0,19.6
110,0,20.39,34.06,19.5666666667
80,0,20.39,34.09,19.5666666667
80,0,20.39,34.09,19.5
80,0,20.39,34.2,19.5
70,0,20.39,34.2,19.5
90,0,20.39,34.29,19.5
80,0,20.39,34.29,19.5
70,0,20.39,34.29,19.5
80,0,20.29,34.29,19.5
80,0,20.29,34.29,19.5
80,0,20.29,34.3266666667,19.5
50,0,20.29,34.3266666667,19.5
60,10,20.29,34.3266666667,19.5
30,0,20.29,34.3266666667,19.5
30,0,20.29,34.4,19.5
40,0,20.29,34.4666666667,19.5666666667
30,0,20.26,34.4666666667,19.6
60,0,20.2,34.4666666667,19.6
50,0,20.2,34.5,19.6
80,10,20.2,34.5,19.6
50,0,20.2,34.59,19.6
50,0,20.2,34.59,19.6
60,0,20.2,34.6266666667,19.6
50,0,20.2,34.7,19.6
60,0,20.2,34.7,19.6
50,0,20.2,34.7,19.6
50,0,20.1333333333,34.76,19.6
50,0,20.1,34.79,19.6
40,0,20.1,34.73,19.6
50,0,20.1,34.79,19.6
60,0,20.1,34.79,19.6
50,0,20.1,34.79,19.6
40,0,20.1,34.79,19.6
40,0,20.1,34.9,19.6333333333
30,0,20.1,34.9,19.6333333333
30,0,20.1,34.9,19.6
50,0,20.0333333333,34.8266666667,19.7
50,0,20.0666666667,34.9666666667,19.7
50,0,20.0,34.8266666667,19.7
50,0,20.0,34.9,19.7
60,0,20.0,34.9666666667,19.6666666667
50,0,20.0,35.0,19.6666666667
50,0,20.0,35.0,19.7
60,0,20.0,35.0,19.7
50,0,20.0,35.0,19.7
50,0,19.9266666667,35.0,19.7
40,0,19.9266666667,35.0,19.7
40,0,20.0,35.0,19.7
60,0,20.0,35.0,19.7
50,0,19.9266666667,35.0,19.7
60,0,19.89,35.0,19.7
40,0,19.89,35.0,19.7
30,0,19.89,35.0,19.7
20,0,19.89,35.0,19.7
20,0,19.8566666667,34.9666666667,19.7
50,0,19.79,34.9,19.7
50,0,19.8566666667,34.9666666667,19.7
60,0,19.79,34.9,19.7
50,0,19.79,34.9,19.7
60,0,19.79,34.9,19.7
50,0,19.79,34.9,19.7
50,0,19.79,34.9,19.7
50,0,19.79,34.9,19.7
50,0,19.79,34.9,19.7
50,0,19.79,34.9,19.7
60,0,19.76,34.9,19.7
60,0,19.7,34.9,19.7
50,0,19.7,34.9,19.7
60,0,19.7,34.9,19.7
60,0,19.7,35.0,19.7
50,0,19.7,35.0,19.7
30,0,19.7,35.0,19.7
30,0,19.7,35.0,19.7
110,0,19.7,35.1266666667,19.7
50,0,19.7,35.2,19.7
120,0,19.7,35.29,19.6333333333
350,0,19.7,35.3633333333,19.6
60,0,19.7,35.53,19.6
60,0,19.7,35.59,19.6
60,0,19.7,35.56,19.6
280,0,19.7,35.4333333333,19.6666666667
360,0,19.7,35.245,19.6
120,0,19.6666666667,35.06,19.6
80,0,19.6666666667,35.0,19.6
110,0,19.6,34.79,19.6
70,0,19.6,34.73,19.6
90,0,19.6,34.59,19.5666666667
190,0,19.6,34.59,19.5
420,0,19.6,34.5,19.5666666667
230,0,19.6,34.5,19.5
650,0,19.6,34.4,19.5
690,0,19.6,34.4,19.5
410,10,19.6,34.29,19.5
330,0,19.6,34.29,19.5
320,0,19.5333333333,34.26,19.5
300,0,19.6,34.2,19.5
270,0,19.6,34.09,19.5
140,0,19.6,34.09,19.5
110,0,19.6,34.0,19.5
340,0,19.6,33.975,19.5
370,0,19.6,33.9,19.5
290,0,19.6,33.8633333333,19.5
310,0,19.6,33.79,19.5
270,0,19.6,33.76,19.4633333333
260,0,19.6,33.7,19.39
230,0,19.6,33.73,19.4633333333
200,0,19.6,33.73,19.4633333333
90,0,19.6,33.7,19.5
100,0,19.6,33.76,19.4266666667
110,0,19.6,34.6933333333,19.5
90,0,19.6666666667,35.16,19.5
100,0,19.73,35.6266666667,19.445
100,0,19.9966666667,35.76,19.4633333333
90,0,20.5566666667,35.59,19.4633333333
80,0,21.0966666667,35.39,19.4633333333
80,0,21.39,34.93,19.39
80,0,21.3233333333,34.73,19.4633333333
60,0,21.26,34.43,19.4633333333
90,0,21.175,34.195,19.5
80,0,21.0333333333,33.9633333333,19.4266666667
110,0,21.0,34.03,19.4633333333
120,0,20.9266666667,34.6233333333,19.39
100,0,20.9633333333,35.03,19.39
110,0,20.89,35.09,19.39
100,0,20.89,35.1266666667,19.39
100,0,20.9633333333,35.2,19.39
90,0,21.1633333333,35.1633333333,19.39
80,0,21.3566666667,35.03,19.39
80,0,21.6333333333,34.9666666667,19.39
90,0,21.8266666667,34.9,19.39
110,0,22.0,34.7,19.39
110,10,22.0,34.6266666667,19.3233333333
130,30,21.9633333333,34.5,19.3233333333
220,20,21.9633333333,34.5,19.3566666667
200,20,22.0,34.29,19.29
150,10,22.0666666667,34.29,19.29
140,10,22.0,34.1333333333,19.29
120,10,21.8925,33.725,19.29
90,0,21.79,33.4333333333,19.29
100,0,21.7,33.26,19.29
110,0,21.6333333333,33.0666666667,19.29
120,0,21.5666666667,32.9,19.29
140,10,21.5,32.9,19.29
110,0,21.3566666667,32.73,19.2
100,0,21.29,32.8633333333,19.26
120,0,21.29,33.0666666667,19.23
100,0,21.29,33.26,19.23
80,10,21.2,33.4333333333,19.2
100,0,21.2,33.56,19.2
100,0,21.1,33.73,19.2
100,0,21.1,33.8633333333,19.2
100,0,21.0666666667,34.0,19.2
90,0,21.0666666667,34.06,19.2
100,0,21.0,34.09,19.2
90,0,21.0,34.1633333333,19.2
90,0,20.9633333333,34.23,19.2
80,30,20.945,34.3175,19.2
40,0,20.9633333333,34.6,19.2
70,0,20.89,34.8633333333,19.23
60,0,20.89,34.8633333333,19.29
50,0,20.89,34.79,19.3233333333
30,10,20.8233333333,34.79,19.3233333333
30,0,20.79,34.79,19.3233333333
40,0,20.79,34.79,19.39
50,0,20.76,34.79,19.3566666667
60,0,20.7,34.79,19.3566666667
50,0,20.7,34.79,19.39
60,0,20.7,34.79,19.39
70,0,20.7,34.8633333333,19.39
60,0,20.6333333333,34.79,19.39
50,10,20.6,34.79,19.39
60,0,20.6,34.79,19.39
50,0,20.6,34.79,19.39
50,0,20.5333333333,34.8633333333,19.39
60,0,20.5,34.9,19.39
50,0,20.5,34.9,19.39
60,0,20.5,34.9,19.39
70,0,20.4633333333,34.8633333333,19.39
50,0,20.39,34.79,19.39
60,10,20.4633333333,34.9,19.4266666667
50,0,20.4633333333,34.9,19.4266666667
50,0,20.39,34.79,19.39
40,0,20.39,34.79,19.4633333333
40,0,20.39,34.79,19.4266666667
30,0,20.39,34.79,19.4266666667
40,0,20.3566666667,34.79,19.39
70,0,20.29,34.79,19.445
60,0,20.29,34.79,19.39
60,10,20.29,34.79,19.4266666667
50,0,20.29,34.79,19.5
50,0,20.29,34.79,19.5
60,0,20.23,34.7,19.5
50,0,20.29,34.7,19.5
60,0,20.2,34.6633333333,19.5
60,0,20.2,34.59,19.5
60,0,20.2,34.59,19.5
50,0,20.2,34.6633333333,19.5
60,0,20.2,34.59,19.5
50,0,20.2,34.59,19.5
50,0,20.2,34.59,19.5
50,0,20.1,34.59,19.5
60,0,20.1,34.59,19.5
60,0,20.1,34.59,19.5
60,0,20.1,34.59,19.5
50,0,20.1,34.59,19.5
50,0,20.1,34.59,19.5
40,0,20.1,34.59,19.5
40,0,20.0333333333,34.53,19.5
30,0,20.0666666667,34.56,19.5
50,0,20.0,34.5,19.5
60,0,20.0,34.5,19.5
60,0,20.0,34.5,19.5
60,0,20.0,34.5,19.5
60,0,20.0,34.5,19.5
80,0,20.0,34.5,19.5
110,0,19.89,34.4666666667,19.5
100,0,19.9633333333,34.4,19.5
90,0,19.9633333333,34.4,19.5
100,0,19.89,34.4666666667,19.5
100,0,19.89,34.5,19.5
90,0,19.89,34.4333333333,19.4266666667
100,0,19.89,34.4,19.39
90,0,19.89,34.3266666667,19.39
140,0,19.8566666667,34.26,19.39
370,0,19.79,34.1266666667,19.39
230,0,19.79,34.09,19.39
100,0,19.79,34.09,19.39
90,0,19.79,34.0,19.3233333333
140,0,19.79,34.0,19.39
150,0,19.79,33.9666666667,19.39
110,10,19.79,33.9,19.3566666667
130,0,19.79,33.9,19.3566666667
100,0,19.79,33.9,19.3233333333
130,0,19.79,33.9,19.3233333333
490,0,19.79,33.9333333333,19.29
410,0,19.79,34.0,19.29
360,0,19.7,34.03,19.3566666667
340,0,19.7,34.09,19.3566666667
310,0,19.7,34.09,19.29
290,0,19.7,34.1633333333,19.29
230,0,19.7,34.2,19.29
150,0,19.7,34.2,19.3566666667
100,0,19.7,34.2,19.3566666667
110,0,19.7,34.2,19.365
120,0,19.7,34.2,19.39
120,0,19.7,34.2,19.29
120,0,19.7,34.2,19.3566666667
110,0,19.7,34.2,19.39
120,0,19.7,34.09,19.3233333333
110,0,19.7,34.09,19.3566666667
110,0,19.7,34.0,19.29
230,0,19.7,34.0,19.3233333333
180,0,19.7,34.0,19.39
70,0,19.7,34.0,19.39
70,0,19.7,34.0,19.39
80,0,19.7,33.9633333333,19.5
80,0,19.76,34.9633333333,19.5
100,0,19.9266666667,36.33,19.5
80,0,20.0666666667,36.8633333333,19.5666666667
90,0,20.23,37.1933333333,19.6
80,0,20.3566666667,37.4,19.6
100,0,20.4266666667,37.5,19.6
100,0,20.5,37.4333333333,19.6
80,0,20.5,37.3633333333,19.6
100,0,20.5666666667,37.29,19.6
160,0,20.6,36.99,19.6
460,0,20.5333333333,36.5966666667,19.6
120,0,20.5,36.2233333333,19.6
70,0,20.4175,35.92,19.6
100,0,20.39,35.6566666667,19.6
100,0,20.3566666667,35.4666666667,19.6
130,0,20.29,35.3266666667,19.6
110,0,20.29,35.1633333333,19.6
110,0,20.29,35.03,19.6
220,0,20.2,34.8633333333,19.5666666667
430,0,20.1333333333,34.79,19.5
290,0,20.1666666667,34.76,19.5666666667
250,0,20.1,34.7,19.5
260,10,20.1,34.7,19.5666666667
250,10,20.1,34.7,19.5
240,0,20.1,35.33,19.5
190,0,20.1666666667,36.2566666667,19.5
70,10,20.2,37.4566666667,19.5
80,10,20.26,38.1966666667,19.5
90,0,20.29,38.73,19.5
100,0,20.29,38.79,19.4266666667
110,0,20.39,38.79,19.5
130,10,20.39,38.7225,19.4633333333
170,0,20.39,38.6266666667,19.4633333333
120,0,20.39,38.43,19.39
110,10,20.3233333333,38.1566666667,19.39
120,0,20.29,38.0266666667,19.39
120,0,20.29,37.9,19.39
110,0,20.29,37.76,19.5
120,0,20.29,37.6266666667,19.4266666667
130,0,20.2,37.3633333333,19.39
130,0,20.2,37.23,19.4633333333
130,0,20.2,37.06,19.4633333333
80,0,20.1333333333,37.0,19.39
80,10,20.1,36.9,19.39
60,10,20.1,36.9,19.39
60,0,20.1,37.09,19.4633333333
40,0,20.1,37.1633333333,19.39
60,0,20.1,37.2,19.39
60,0,20.1,37.2,19.39
50,0,20.1,37.2,19.4633333333
40,0,20.025,37.1175,19.5
40,0,20.0,37.09,19.4266666667
30,0,20.0,37.09,19.5
60,10,20.0,37.09,19.4266666667
50,0,20.0,37.06,19.5
50,0,20.0,37.0,19.5
60,0,20.0,37.06,19.5
60,0,19.9266666667,37.06,19.5666666667
60,0,19.89,37.0,19.5
70,0,19.9633333333,37.0,19.5
50,0,19.89,37.0,19.5
60,0,19.89,37.0,19.5
50,0,19.89,37.0,19.5
50,0,19.89,37.0,19.525
50,0,19.89,36.9666666667,19.6
50,0,19.89,36.9666666667,19.6
70,0,19.89,36.9666666667,19.6
60,0,19.89,36.9,19.6
60,0,19.79,36.845,19.6
50,0,19.79,36.79,19.6
50,0,19.79,36.79,19.6
50,0,19.79,36.76,19.6
40,0,19.79,36.76,19.6
30,0,19.79,36.7,19.6
30,0,19.79,36.7,19.6
50,0,19.79,36.73,19.6
50,0,19.79,36.73,19.6
70,0,19.7,36.7,19.6
50,0,19.76,36.7,19.6
50,0,19.7,36.7,19.6
60,0,19.7,36.7,19.6
50,0,19.7,36.7,19.6
50,0,19.7,36.7,19.6
60,0,19.7,36.7,19.6
60,0,19.7,36.7,19.6666666667
60,0,19.7,36.7,19.6
60,0,19.7,36.7,19.6
50,0,19.7,36.7,19.6666666667
50,0,19.6666666667,36.7,19.6666666667
50,0,19.6,36.7,19.6
50,0,19.6,36.7,19.6
90,0,19.6,36.7,19.6666666667
60,0,19.6,36.7,19.6
70,0,19.6,36.76,19.6
370,0,19.6,36.86,19.6
70,0,19.6,37.06,19.6
60,10,19.6,37.23,19.7
50,0,19.6,37.3633333333,19.7
50,0,19.6,37.6266666667,19.6333333333
70,0,19.6666666667,37.76,19.6333333333
80,0,19.6,37.79,19.6
70,0,19.6,37.79,19.6
80,0,19.6,37.79,19.6
70,0,19.6,37.73,19.6
60,0,19.6,37.7,19.6
60,0,19.6,37.7,19.6
370,0,19.6,37.7,19.6
380,0,19.6,37.6633333333,19.6
50,0,19.6,37.59,19.6
70,0,19.6,37.59,19.6
60,0,19.6,37.59,19.6
50,0,19.6,37.59,19.6
60,0,19.6,37.53,19.6
50,0,19.6,37.59,19.6
60,0,19.6,37.53,19.6
50,0,19.6333333333,37.53,19.6
40,0,19.7,37.53,19.6
60,0,19.7,37.59,19.6
50,0,19.7,37.7966666667,19.6
40,0,20.0966666667,38.09,19.6
70,0,20.43,37.89,19.6
60,0,20.5,37.59,19.6
60,0,20.5,37.59,19.6
60,0,20.4633333333,37.5266666667,19.6
60,0,20.39,37.4,19.6
70,0,20.4633333333,37.4,19.6
70,0,20.39,37.29,19.5
70,0,20.39,37.1566666667,19.5
60,0,20.39,36.7966666667,19.5
50,0,20.39,36.4633333333,19.5
60,0,20.29,36.2233333333,19.5
50,0,20.29,36.03,19.5
50,0,20.29,35.8633333333,19.5
50,0,20.29,35.73,19.5
60,0,20.2,35.5,19.5
60,0,20.2,35.4333333333,19.5
70,0,20.2,35.4,19.5
40,0,20.2,35.3266666667,19.5
30,0,20.2,35.2,19.5
30,0,20.1333333333,35.2,19.5
30,0,20.1,35.2,19.5
60,0,20.1,35.2,19.5
50,0,20.1,35.2,19.5
60,0,20.1,35.2,19.5
60,0,20.1,35.2,19.5
60,0,20.0666666667,35.1633333333,19.4266666667
50,0,20.0666666667,35.1633333333,19.5
60,0,20.0,35.2,19.4266666667
50,0,20.0,35.2,19.4266666667
50,0,20.0,35.09,19.4266666667
60,0,20.0,35.1633333333,19.4266666667
50,0,20.0,35.2,19.4633333333
70,0,20.0,35.2,19.4633333333
60,0,20.0,35.1266666667,19.4266666667
50,0,19.9266666667,35.2,19.4266666667
50,0,19.89,35.2,19.39
50,0,19.89,35.2,19.39
50,0,19.89,35.2,19.39
50,10,19.89,35.2,19.39
50,0,19.89,35.23,19.39
40,30,19.89,35.29,19.39
40,20,19.9933333333,35.83,19.3233333333
60,30,20.4975,36.295,19.39
50,20,21.0633333333,36.29,19.3233333333
90,20,21.39,35.93,19.3566666667
90,30,21.39,35.93,19.29
560,30,21.39,36.1266666667,19.29
410,20,21.39,36.2,19.29
170,10,21.39,36.03,19.29
110,10,21.3233333333,36.1633333333,19.29
130,10,21.29,36.5666666667,19.29
140,20,21.23,36.7,19.29
140,30,21.2,36.8266666667,19.29
140,20,21.2,36.8266666667,19.29
110,30,21.36,37.2,19.29
140,30,21.76,37.1266666667,19.29
140,20,22.23,36.7666666667,19.29
140,20,22.29,36.56,19.2225
130,30,22.29,37.39,19.2
120,20,22.29,37.53,19.2
140,20,22.2,37.1633333333,19.2
120,20,22.125,36.9975,19.2
120,30,22.1,36.9,19.2
140,20,22.0666666667,36.6633333333,19.2
100,20,22.0666666667,36.6633333333,19.2
70,20,22.0,36.73,19.2
60,20,22.0,36.79,19.2
70,30,22.0,36.9,19.2
70,20,22.0,36.9666666667,19.2
50,20,22.0,37.03,19.2
60,20,22.0666666667,37.2233333333,19.2
30,20,22.36,37.2233333333,19.2
40,20,22.5,37.09,19.2
40,30,22.5,37.1266666667,19.2
60,20,22.4266666667,37.2,19.2
70,20,22.39,37.23,19.2
70,20,22.39,37.29,19.2
70,20,22.3566666667,37.29,19.2
60,30,22.29,37.29,19.2
60,20,22.29,37.29,19.2
60,20,22.245,37.29,19.2
60,20,22.23,37.23,19.2
50,10,22.2,37.23,19.2
60,10,22.2,37.0966666667,19.2
60,0,22.1,36.8333333333,19.2
50,0,22.0333333333,36.6266666667,19.2
60,0,21.9633333333,36.5,19.2
40,0,21.8233333333,36.4333333333,19.2
50,0,21.76,36.5,19.2
50,0,21.7,36.56,19.2
40,0,21.6,36.5,19.2
60,0,21.5333333333,36.5,19.2
50,0,21.5,36.5,19.23
60,0,21.4266666667,36.5,19.23
30,0,21.3566666667,36.5,19.2
40,0,21.29,36.5,19.2225
20,0,21.26,36.5,19.23
30,0,21.2,36.5,19.29
40,0,21.1666666667,36.5,19.29
50,0,21.1,36.5,19.29
60,0,21.0333333333,36.5,19.29
60,0,21.0,36.5,19.29
50,0,21.0,36.5,19.29
50,0,20.9266666667,36.5,19.29
50,0,20.9266666667,36.5,19.29
50,0,20.8566666667,36.4666666667,19.29
40,0,20.79,36.3266666667,19.29
50,0,20.79,36.29,19.29
60,0,20.79,36.29,19.29
50,0,20.76,36.29,19.29
50,0,20.7,36.23,19.29
60,0,20.7,36.2,19.29
50,0,20.7,36.2,19.29
40,0,20.6,36.0,19.29
60,0,20.6,36.0,19.29
70,0,20.6,36.0,19.29
60,10,20.6,36.0,19.29
40,0,20.5,36.0,19.29
90,0,20.5,36.0,19.29
30,10,20.4266666667,35.9333333333,19.29
30,0,20.4633333333,35.9,19.29
50,0,20.39,35.9,19.29
50,0,20.39,35.9,19.29
40,0,20.39,35.9,19.29
50,0,20.39,35.79,19.29
60,0,20.3233333333,35.79,19.29
50,0,20.29,35.79,19.29
60,0,20.29,35.79,19.3566666667
50,0,20.29,35.79,19.5
50,0,20.29,35.79,19.5666666667
50,0,20.3233333333,35.8266666667,19.6
50,0,20.4633333333,35.9,19.6
50,0,20.6,36.0,19.6333333333
40,0,20.7266666667,36.06,19.7225
60,0,20.9266666667,36.09,19.79
50,0,21.0666666667,36.09,19.8566666667
60,0,21.23,36.1266666667,19.79
40,0,21.3925,36.1175,19.79
50,0,21.5666666667,36.09,19.73
40,0,21.6,35.9666666667,19.7
30,0,21.6666666667,35.9666666667,19.7
30,0,21.7,35.9,19.7
30,0,21.7,35.9,19.7
50,0,21.79,35.79,19.7
60,0,21.79,35.79,19.7
60,0,21.79,35.7,19.7
40,0,21.79,35.7,19.7
50,0,21.8233333333,35.7,19.7
50,0,21.89,35.7,19.7
50,0,22.0,35.59,19.73
50,0,22.0,35.53,19.79
60,0,22.0,35.56,19.73
60,0,22.0,35.5,19.79
50,0,22.0,35.5,19.79
50,0,22.0666666667,35.5,19.79
50,0,22.1,35.5,19.79
40,0,22.1,35.475,19.79
60,0,22.1,35.4,19.79
50,0,22.0666666667,35.3633333333,19.79
50,0,22.0,35.3633333333,19.79
50,0,22.0,35.4,19.79
70,0,22.0,35.4,19.79
40,0,21.89,35.4,19.79
50,0,21.89,35.4,19.79
50,0,21.8566666667,35.3633333333,19.79
50,0,21.79,35.29,19.79
50,0,21.8233333333,35.3266666667,19.79
30,0,21.89,35.4,19.8566666667
40,0,21.79,35.29,19.79
30,0,21.79,35.3633333333,19.79
40,0,21.76,35.4,19.79
50,0,21.7,35.4,19.79
60,0,21.7,35.5,19.79
40,0,21.7,35.5,19.79
50,0,21.6,35.4,19.79
50,0,21.575,35.4,19.79
50,0,21.5666666667,35.4,19.79
60,0,21.5333333333,35.3266666667,19.79
50,0,21.5333333333,35.4,19.79
60,0,21.5,35.4,19.79
50,0,21.5,35.4,19.79
50,0,21.4633333333,35.4666666667,19.79
40,0,21.4633333333,35.4666666667,19.79
70,0,21.5,35.5,19.79
80,0,21.5,35.4333333333,19.79
90,0,21.4633333333,35.2233333333,19.79
100,0,21.39,35.03,19.79
100,0,21.39,34.8633333333,19.79
120,0,21.39,34.79,19.79
110,0,21.3566666667,34.7,19.79
320,0,21.29,34.6266666667,19.79
620,0,21.29,34.59,19.79
450,0,21.29,34.59,19.79
240,0,21.26,34.59,19.79
100,10,21.2,34.59,19.79
120,10,21.2,34.6633333333,19.79
130,0,21.1666666667,34.73,19.79
140,20,21.1666666667,34.79,19.79
140,20,21.1333333333,35.2333333333,19.79
160,30,21.2,36.0933333333,19.79
110,20,21.3233333333,37.1666666667,19.79
120,30,21.39,37.6933333333,19.79
130,20,21.5,38.0666666667,19.79
140,20,21.5666666667,38.26,19.79
130,20,21.6333333333,38.4633333333,19.79
150,0,21.7,38.59,19.73
140,10,21.7,38.4666666667,19.7
130,0,21.7,38.2666666667,19.76
120,0,21.7,38.09,19.7
110,0,21.6333333333,37.9633333333,19.7
80,0,21.6,37.79,19.7
60,0,21.6,37.73,19.7
40,10,21.6,37.73,19.6333333333
40,0,21.575,37.79,19.7
50,0,21.5,37.79,19.76
70,0,21.39,37.7,19.7
60,0,21.39,37.6266666667,19.7
50,0,21.3566666667,37.59,19.73
40,0,21.29,37.53,19.79
60,0,21.29,37.5,19.7
50,0,21.29,37.5,19.7
60,0,21.26,37.4666666667,19.76
60,0,21.2,37.4,19.7
60,0,21.2,37.29,19.7
50,0,21.1333333333,37.29,19.76
50,0,21.1,37.29,19.7
50,0,21.1,37.29,19.7
50,0,21.0666666667,37.2233333333,19.7
50,0,21.0,37.09,19.7225
40,0,21.0,37.09,19.79
60,0,21.0,37.09,19.76
60,0,21.0,37.09,19.76
50,0,21.0,37.09,19.79
60,0,20.9266666667,37.09,19.79
50,0,20.89,37.09,19.79
40,0,20.89,37.03,19.79
30,0,20.89,37.0,19.79
20,0,20.89,37.0,19.79
40,0,20.8566666667,36.9666666667,19.79
40,0,20.79,36.9,19.79
60,0,20.79,36.9,19.79
60,0,20.79,36.9,19.79
50,0,20.79,36.9,19.79
40,0,20.79,36.9,19.79
60,0,20.79,36.9,19.79
40,0,20.73,36.9,19.79
50,0,20.7,36.9,19.79
50,0,20.7,36.9,19.79
50,0,20.7,36.9,19.79
60,0,20.7,36.9,19.79
60,0,20.6666666667,36.8633333333,19.79
50,0,20.65,36.845,19.79
50,0,20.6,36.79,19.79
50,0,20.6,36.79,19.79
40,0,20.6,36.79,19.79
50,0,20.6,36.79,19.79
50,0,20.6,36.79,19.79
60,0,20.5666666667,36.79,19.79
60,0,20.5666666667,36.79,19.79
80,0,20.5,36.8266666667,19.8233333333
40,0,20.5,36.9,19.8233333333
290,10,20.5,36.9,19.79
130,0,20.5,36.9,19.79
330,0,20.5,36.9,19.8233333333
80,0,20.5,36.9,19.8233333333
280,0,20.4633333333,36.8633333333,19.8566666667
150,0,20.4633333333,36.8633333333,19.79
60,0,20.5,36.9333333333,19.79
70,0,20.4266666667,36.9333333333,19.79
50,0,20.39,36.9,19.79
110,0,20.39,36.9,19.79
410,0,20.39,36.9666666667,19.79
160,0,20.5966666667,37.4333333333,19.79
70,0,20.9966666667,37.5,19.79
80,10,21.2,37.53,19.76
60,0,21.2,37.7233333333,19.76
100,0,21.2,38.03,19.79
80,0,21.2,38.1633333333,19.79
60,10,21.2,38.3266666667,19.79
80,0,21.2,38.4666666667,19.73
60,0,21.2,38.6266666667,19.76
60,0,21.2,38.76,19.7
80,0,21.2,39.0,19.7
100,0,21.2,39.06,19.76
80,0,21.2,39.1566666667,19.7
110,0,21.2,39.29,19.745
60,0,21.2,39.4,19.7
40,0,21.2,39.4666666667,19.73
40,0,21.2,39.53,19.73
60,0,21.2675,39.59,19.73
70,0,21.29,39.59,19.73
90,20,21.23,39.4333333333,19.73
100,20,21.29,39.6333333333,19.73
100,10,21.3233333333,40.23,19.79
50,0,21.39,40.5633333333,19.79
50,0,21.39,40.7966666667,19.7
50,0,21.3233333333,40.39,19.7
50,0,21.29,39.9,19.7
50,0,21.29,39.4266666667,19.7
50,0,21.23,38.9666666667,19.7
50,0,21.23,38.6933333333,19.7
60,0,21.2,38.3633333333,19.7
60,0,21.1333333333,38.23,19.7
60,0,21.1,38.0,19.7
80,0,21.1,37.9333333333,19.7
90,0,21.0,37.76,19.7
90,0,21.0,37.7,19.6666666667
90,0,21.0,37.7,19.6666666667
100,0,20.9725,37.7,19.6666666667
100,0,20.89,37.7,19.6
90,0,20.89,37.7,19.6333333333
90,0,20.89,37.7,19.6333333333
60,0,20.8566666667,37.56,19.6666666667
80,0,20.79,37.5,19.6
60,0,20.79,37.4,19.6
70,0,20.79,37.4,19.6
90,0,20.79,37.3633333333,19.6666666667
100,10,20.79,37.3633333333,19.6
120,0,20.7,37.4,19.6
120,0,20.7,37.6,19.6
110,0,20.79,38.0,19.6
90,10,20.79,38.2,19.6
100,20,20.76,37.7333333333,19.6
110,10,20.6333333333,37.1333333333,19.6
100,10,20.5,36.86,19.6
110,10,20.5,37.1933333333,19.6
100,10,20.6,37.545,19.6
90,10,20.6,37.5,19.5666666667
100,10,20.6,37.5,19.5
110,10,20.5,37.4,19.5666666667
100,10,20.5666666667,37.4,19.5
190,10,20.5666666667,37.29,19.5
210,20,20.5,37.29,19.5
140,10,20.5,37.2,19.5
100,10,20.5,37.2,19.5
120,10,20.4633333333,37.1633333333,19.5
90,10,20.39,37.09,19.5
200,10,20.4633333333,37.1633333333,19.39
140,10,20.4633333333,37.1633333333,19.4633333333
100,10,20.39,37.09,19.4266666667
120,20,20.39,37.09,19.4266666667
130,10,20.39,37.06,19.39
150,10,20.39,37.0,19.39
140,20,20.39,36.9666666667,19.4633333333
120,10,20.39,36.9,19.39
140,10,20.39,36.79,19.39
120,20,20.29,36.79,19.39
110,10,20.29,36.79,19.39
90,10,20.29,36.76,19.4633333333
90,20,20.29,36.7,19.4633333333
90,20,20.29,36.7,19.39
90,30,20.29,36.7,19.39
80,40,20.3233333333,37.36,19.4633333333
80,30,20.53,38.3,19.39
60,30,21.0233333333,38.9666666667,19.39
70,20,21.6233333333,38.7666666667,19.39
50,30,22.2333333333,38.56,19.4266666667
80,20,22.76,38.4333333333,19.4266666667
50,20,23.0,37.93,19.4266666667
70,20,23.0,37.73,19.5
60,20,22.89,37.8266666667,19.39
60,30,22.8233333333,37.8266666667,19.39
50,20,22.79,37.8266666667,19.39
40,10,22.73,37.9,19.39
20,0,22.65,37.845,19.39
50,0,22.5666666667,37.56,19.39
50,0,22.4266666667,37.4333333333,19.39
50,0,22.3566666667,37.29,19.39
50,0,22.23,37.23,19.39
50,0,22.1,37.2,19.39
60,0,22.0333333333,37.2,19.39
50,0,21.9633333333,37.23,19.4266666667
60,0,21.89,37.29,19.4266666667
50,0,21.79,37.2,19.5
50,0,21.73,37.2,19.4266666667
50,0,21.6666666667,37.1633333333,19.39
50,0,21.6,37.09,19.39
50,0,21.5,37.09,19.4633333333
50,0,21.5,37.09,19.4633333333
50,0,21.39,37.09,19.5
60,0,21.3233333333,37.1633333333,19.5
60,0,21.29,37.2,19.5
50,0,21.29,37.2,19.5
40,0,21.26,37.26,19.5
50,0,21.2,37.2,19.5
50,0,21.1333333333,37.2,19.5
50,0,21.1,37.2,19.5
50,0,21.1,37.26,19.5
50,0,21.0,37.2,19.5333333333
50,0,21.0,37.2,19.5333333333
40,0,21.0,37.2,19.6
20,0,21.0,37.2,19.5333333333
30,0,20.89,37.2,19.6
30,0,20.89,37.26,19.6
50,0,20.89,37.2,19.6
50,0,20.8233333333,37.1266666667,19.6
60,0,20.79,37.09,19.6
60,0,20.79,37.09,19.6
50,0,20.79,37.09,19.6
50,0,20.73,37.09,19.6
50,0,20.76,37.09,19.6
50,0,20.7,37.09,19.6
50,0,20.7,37.09,19.6
80,0,20.7,37.09,19.6
50,0,20.6333333333,37.03,19.6
50,10,20.6,37.0,19.6
70,0,20.6,37.0,19.6
60,0,20.6,37.0,19.6
100,0,20.6,37.0,19.6
60,0,20.6,37.03,19.6
50,0,20.6,37.03,19.6
40,0,20.5666666667,37.09,19.6
40,0,20.5,37.09,19.6
30,0,20.5,37.09,19.5666666667
30,0,20.5,37.09,19.5
40,0,20.5,37.09,19.5
20,0,20.5,37.09,19.5
60,0,20.4266666667,37.1266666667,19.5
50,0,20.5,37.2,19.5
60,20,20.4633333333,37.1633333333,19.5
60,20,20.4633333333,37.2233333333,19.5
60,20,20.745,37.395,19.5
60,30,20.8233333333,37.5666666667,19.5
60,20,20.89,37.76,19.4266666667
70,20,20.9266666667,37.8266666667,19.39
60,20,21.0,37.9666666667,19.39
70,20,21.0333333333,38.1566666667,19.4266666667
60,30,21.1,38.29,19.4266666667
60,20,21.1333333333,38.29,19.4266666667
60,20,21.2,38.29,19.4266666667
60,20,21.2,38.3266666667,19.5
60,20,21.26,38.4666666667,19.4266666667
70,20,21.29,38.5,19.4633333333
70,10,21.29,38.5,19.39
50,0,21.3566666667,38.5,19.39
50,0,21.29,38.36,19.4633333333
20,0,21.29,38.0266666667,19.39
30,0,21.23,37.6933333333,19.39
30,0,21.2,37.4666666667,19.39
30,0,21.2,37.3266666667,19.4633333333
60,0,21.1,37.1633333333,19.39
50,0,21.1,37.0225,19.4633333333
60,0,21.0333333333,36.86,19.39
50,0,21.0,36.7,19.39
50,0,21.0,36.6266666667,19.39
40,0,20.9633333333,36.56,19.4266666667
50,0,20.89,36.5,19.4266666667
50,0,20.89,36.5,19.39
50,0,20.89,36.5,19.39
50,0,20.79,36.4,19.39
50,0,20.79,36.3266666667,19.4633333333
50,0,20.79,36.29,19.39
60,0,20.79,36.29,19.39
40,0,20.79,36.29,19.39
50,0,20.79,36.29,19.39
50,0,20.76,36.29,19.39
50,0,20.7,36.29,19.39
50,0,20.7,36.29,19.39
50,0,20.7,36.29,19.39
30,0,20.7,36.29,19.39
40,0,20.7,36.3725,19.39
50,0,20.6333333333,36.3266666667,19.39
90,0,20.6,36.4,19.39
90,0,20.6,36.4,19.39
130,0,20.6,36.4,19.39
130,0,20.6,36.4666666667,19.39
140,0,20.6,36.8,19.39
150,0,20.6,37.1933333333,19.39
140,0,20.6,37.4,19.3566666667
130,0,20.6,37.6,19.29
90,0,20.6,37.4666666667,19.29
100,0,20.6,37.3266666667,19.29
70,0,20.6,37.06,19.29
80,0,20.6,37.0,19.29
90,0,20.6,36.9,19.29
160,0,20.6,36.9,19.29
560,0,20.5333333333,36.9,19.29
390,0,20.5333333333,36.9,19.23
190,0,20.5,36.845,19.23
80,10,20.5,36.79,19.26
90,10,20.5,36.79,19.2
90,0,20.39,36.73,19.2
80,0,20.39,36.73,19.2
100,0,20.39,36.7,19.2
100,10,20.39,36.76,19.2
120,0,20.39,36.79,19.2
100,10,20.39,36.79,19.2
100,10,20.39,36.79,19.2
100,30,20.39,36.93,19.2
100,30,20.4266666667,37.6966666667,19.2
90,20,20.5,38.2966666667,19.2
80,20,20.6,38.6266666667,19.2
110,0,20.6666666667,38.9,19.2
80,0,20.79,38.9666666667,19.1666666667
110,0,20.73,38.9,19.1
100,0,20.7,38.79,19.1
90,0,20.7,38.79,19.1
90,0,20.7,38.79,19.1
70,10,20.7,38.8266666667,19.1
80,10,20.7,38.9,19.1
50,0,20.7,39.09,19.1333333333
50,0,20.7,39.03,19.2
70,0,20.6,39.0,19.2
60,0,20.6,39.0,19.2
50,0,20.6,38.9,19.2
50,0,20.5333333333,38.9,19.2
50,0,20.5,38.9,19.29
50,0,20.5,38.8266666667,19.23
40,0,20.4633333333,38.76,19.26
60,0,20.39,38.7,19.26
60,0,20.39,38.7,19.29
60,0,20.39,38.7,19.29
60,0,20.39,38.7,19.29
50,0,20.39,38.7,19.29
50,0,20.3566666667,38.7,19.29
40,0,20.29,38.7,19.29
30,0,20.29,38.7,19.29
30,0,20.29,38.7,19.29
40,0,20.29,38.6266666667,19.3566666667
50,0,20.29,38.59,19.3566666667
60,0,20.29,38.59,19.3566666667
50,0,20.29,38.59,19.39
50,0,20.23,38.53,19.39
60,0,20.2,38.5,19.39
50,0,20.2,38.5,19.39
50,0,20.2,38.5,19.39
50,0,20.2,38.5,19.39
50,0,20.2,38.5,19.39
60,0,20.2,38.5,19.39
60,0,20.1,38.56,19.5
50,0,20.1,38.56,19.5
60,0,20.1,38.59,19.5
50,0,20.1,38.59,19.5
50,0,20.1,38.59,19.5
50,0,20.1,38.59,19.4633333333
60,0,20.1,38.59,19.4633333333
50,0,20.0666666667,38.56,19.39
60,0,20.0,38.5,19.4633333333
50,0,20.0,38.56,19.4266666667
50,0,20.0,38.5,19.5
50,0,20.0,38.5,19.4633333333
40,0,20.0,38.56,19.4633333333
60,0,20.0,38.53,19.5
50,0,20.0,38.59,19.5
50,0,19.9266666667,38.59,19.4633333333
40,0,19.9266666667,38.59,19.39
40,0,19.89,38.59,19.4633333333
30,0,19.89,38.59,19.4633333333
30,0,19.89,38.59,19.5
60,0,19.89,38.59,19.5
40,0,19.89,38.59,19.5
60,0,19.89,38.59,19.5
50,10,19.89,38.59,19.5
90,0,19.89,38.59,19.5
70,10,19.89,38.845,19.5
60,0,19.89,38.9333333333,19.5
70,0,19.89,38.9333333333,19.5
50,0,19.89,38.9,19.5
60,0,19.89,38.9,19.4266666667
40,0,19.8566666667,38.8633333333,19.5
50,0,19.79,38.79,19.5
50,0,19.79,38.7,19.4633333333
300,10,19.79,38.7,19.39
140,10,19.79,38.7,19.39
490,0,19.79,38.7,19.39
370,0,19.79,38.7,19.39
370,0,19.79,38.7,19.4633333333
210,0,19.79,38.8266666667,19.39
60,0,19.79,38.9666666667,19.39
70,0,19.73,39.1266666667,19.39
90,0,19.79,39.26,19.39
80,0,19.79,39.29,19.39
310,0,19.79,39.29,19.39
370,0,19.745,39.29,19.39
60,0,19.7,39.29,19.39
40,0,19.7,39.3633333333,19.39
250,0,19.7,39.4,19.39
780,0,19.7,39.4,19.39
520,0,19.7,39.4333333333,19.39
440,0,19.7,39.5,19.39
600,0,19.7,39.53,19.39
530,0,19.7,39.59,19.39
290,0,19.7,39.7,19.39
240,0,19.7,39.76,19.39
240,0,19.7,39.8266666667,19.39
80,0,19.7,39.9666666667,19.39
60,0,19.7,40.03,19.4266666667
50,0,19.7,40.09,19.4266666667
230,0,19.7,40.09,19.39
690,10,19.7,40.09,19.4725
570,0,19.7,40.09,19.5
330,0,19.7,40.03,19.5
270,0,19.7,39.95,19.5
280,0,19.79,39.76,19.5
250,0,19.79,39.7,19.5
240,0,19.8233333333,39.56,19.5333333333
190,0,19.89,39.5,19.6
80,0,19.89,39.26,19.6
650,0,19.89,39.2,19.6
660,0,20.0,39.06,19.6333333333
370,0,20.0,38.9333333333,19.7
310,0,20.0,38.76,19.7
330,0,20.0,38.6266666667,19.7
320,10,20.0333333333,38.5,19.7
310,0,20.1,38.4333333333,19.7
260,0,20.1,38.26,19.76
200,0,20.1,38.0666666667,19.76
110,0,20.1,37.9666666667,19.73
500,0,20.1,37.9,19.7675
640,0,20.1,37.7233333333,19.76
420,0,20.1,37.5675,19.79
320,0,20.1,37.5,19.79
300,0,20.1,37.3633333333,19.79
280,0,20.1,37.23,19.79
330,10,20.1,37.2,19.79
240,0,20.1,37.2,19.79
170,0,20.1,37.09,19.76
110,0,20.1,37.09,19.76
470,30,20.1,37.2566666667,19.79
380,20,20.1666666667,37.9233333333,19.79
330,20,20.23,38.4633333333,19.79
340,20,20.29,38.59,19.79
320,20,20.39,38.56,19.79
510,0,20.39,38.5,19.79
880,10,20.5,38.7666666667,19.73
440,0,20.5,39.3,19.79
110,10,20.5,41.23,19.79
110,10,20.5666666667,43.03,19.79
130,10,20.6,44.1933333333,19.79
110,10,20.625,44.295,19.79
120,10,20.7,43.7333333333,19.79
130,0,20.7,42.6966666667,19.73
180,0,20.6333333333,41.8233333333,19.73
130,10,20.6,41.0633333333,19.76
130,0,20.6,40.53,19.7
110,0,20.5666666667,39.99,19.7
110,0,20.5,39.6566666667,19.7
110,0,20.5,39.2233333333,19.7
100,0,20.5,39.03,19.7
110,0,20.39,38.7233333333,19.7
110,10,20.39,38.53,19.7
110,0,20.4633333333,38.3333333333,19.7
90,0,20.39,38.1266666667,19.7
70,10,20.39,38.06,19.6666666667
70,0,20.39,38.2666666667,19.6
50,0,20.39,39.5566666667,19.7
50,0,20.4633333333,40.2966666667,19.7675
70,0,20.5333333333,40.6266666667,19.79
50,10,20.6,40.7225,19.76
50,0,20.6,40.73,19.7
50,0,20.6,40.76,19.7
50,0,20.6666666667,40.8333333333,19.7
60,0,20.7,40.79,19.7
60,0,20.7,40.79,19.7
70,0,20.7,40.79,19.7
50,0,20.7,40.73,19.7
60,0,20.7,40.7,19.79
50,0,20.6333333333,40.5666666667,19.79
50,0,20.6666666667,40.56,19.73
50,0,20.6,40.5,19.79
50,0,20.6,40.4,19.79
50,0,20.6,40.4,19.79
60,0,20.6,40.4,19.79
60,0,20.6,40.3266666667,19.79
50,0,20.6,40.29,19.79
60,0,20.5333333333,40.29,19.79
60,0,20.5666666667,40.2,19.79
50,0,20.5,40.2,19.79
50,0,20.5,40.2,19.79
50,0,20.5,40.09,19.79
50,0,20.4266666667,40.03,19.79
50,0,20.39,40.0,19.79
40,0,20.39,39.9333333333,19.79
40,0,20.39,39.8633333333,19.79
40,0,20.39,39.79,19.79
30,0,20.39,39.76,19.79
50,0,20.3233333333,39.7,19.79
50,0,20.3566666667,39.7,19.79
60,0,20.29,39.7,19.79
50,0,20.29,39.59,19.79
50,0,20.29,39.59,19.79
60,0,20.29,39.59,19.79
50,0,20.29,39.59,19.79
60,0,20.26,39.56,19.79
60,0,20.2,39.5,19.79
50,0,20.2,39.4666666667,19.79
50,0,20.175,39.4,19.79
50,0,20.1666666667,39.4,19.79
40,0,20.1,39.4,19.79
50,0,20.1,39.4,19.79
60,0,20.1,39.3633333333,19.79
60,0,20.1,39.3633333333,19.79
60,0,20.1,39.29,19.79
50,0,20.1,39.29,19.79
60,0,20.1,39.29,19.79
40,0,20.0333333333,39.29,19.79
60,0,20.0666666667,39.26,19.79
50,0,20.0,39.26,19.79
50,0,20.0,39.29,19.79
50,0,20.0,39.23,19.79
60,0,20.0,39.23,19.79
70,0,20.0,39.29,19.79
80,0,20.0,39.29,19.79
90,0,20.0,39.49,19.815
60,0,20.0,40.0,19.8233333333
60,0,20.075,40.35,19.79
50,0,20.1,40.4,19.79
60,0,20.1,40.26,19.79
50,0,20.1,40.1266666667,19.79
50,0,20.1,39.9666666667,19.79
50,0,20.1,39.9,19.79
60,0,20.1,39.9,19.79
110,0,20.1,39.9666666667,19.79
50,0,20.0666666667,39.9666666667,19.79
150,0,20.0666666667,40.0266666667,19.79
210,0,20.0333333333,40.0666666667,19.79
120,0,20.0333333333,40.1266666667,19.79
380,0,20.0,40.23,19.79
160,0,20.0,40.3633333333,19.8566666667
140,10,20.0,40.5,19.89
130,0,20.0,40.5,19.89
130,0,20.0,40.6266666667,19.89
140,0,20.0,40.7,19.89
210,0,20.0,40.7,19.89
510,10,20.0333333333,40.73,19.89
630,20,20.1,40.73,19.89
500,10,20.1,40.6633333333,19.89
290,20,20.1,40.7966666667,19.89
270,10,20.2,41.1266666667,19.89
250,10,20.26,41.2,19.89
130,20,20.23,40.9666666667,19.89
80,10,20.29,40.9,19.89
100,20,20.29,40.76,19.9266666667
80,10,20.29,40.7,20.0
140,0,20.29,40.59,20.0
80,0,20.29,40.53,19.9266666667
90,0,20.3233333333,40.5,19.9266666667
80,0,20.39,40.7666666667,20.0
80,0,20.39,40.8633333333,20.0
80,0,20.39,40.73,20.0
70,0,20.39,40.59,20.0
70,0,20.39,40.53,20.0
70,0,20.39,40.4,20.0
60,0,20.39,40.4,20.0
60,0,20.39,40.4,20.0
70,0,20.29,40.4333333333,20.0
70,0,20.29,40.5,20.0
80,0,20.29,40.53,20.0
60,0,20.29,40.59,20.0
80,0,20.29,40.6266666667,20.0
60,0,20.29,40.7,20.0
50,0,20.29,40.73,20.0
90,0,20.23,40.79,20.0
100,10,20.29,41.1666666667,20.0
100,0,20.29,42.0933333333,20.0
100,0,20.29,42.4,20.0
120,10,20.29,42.4,20.0
110,0,20.29,42.59,20.0
110,0,20.29,42.59,20.0
110,10,20.3233333333,42.59,20.0
100,0,20.3233333333,42.4633333333,20.0
110,10,20.29,42.245,20.0
100,0,20.29,42.06,20.0
110,10,20.29,41.9333333333,20.0
110,0,20.26,41.79,20.0
100,0,20.26,42.3233333333,20.0
100,0,20.3233333333,42.86,20.0
120,10,20.39,43.06,20.0
240,0,20.39,43.0266666667,20.0
470,0,20.39,42.8266666667,20.0
180,10,20.3566666667,42.73,19.89
100,10,20.3566666667,42.99,19.89
100,20,20.39,43.5966666667,19.9633333333
120,40,20.39,43.93,19.89
450,30,20.39,44.0,19.89
170,30,20.39,44.1933333333,19.89
140,30,20.5333333333,44.1933333333,19.89
150,0,20.6,43.9333333333,19.89
140,0,20.6,43.6933333333,19.89
140,0,20.6,43.36,19.89
120,0,20.55,43.1,19.89
120,0,20.5,42.8633333333,19.8566666667
120,10,20.5,42.73,19.8566666667
120,0,20.4633333333,42.5266666667,19.79
110,0,20.39,42.4,19.79
130,0,20.39,42.29,19.79
470,0,20.39,42.1566666667,19.79
420,0,20.3566666667,42.06,19.79
130,0,20.29,42.0,19.79
110,0,20.29,41.9,19.79
100,10,20.29,41.9,19.79
70,0,20.26,41.8333333333,19.79
50,0,20.26,41.76,19.79
60,0,20.2,41.7,19.79
50,0,20.2,41.7,19.8566666667
60,0,20.2,41.59,19.8566666667
50,0,20.2,41.53,19.8566666667
60,0,20.1666666667,41.5,19.89
60,0,20.1,41.5,19.89
60,0,20.1,41.4,19.89
30,0,20.1,41.4,19.89
30,0,20.1,41.3266666667,19.89
40,0,20.1,41.3633333333,19.89
30,0,20.1,41.29,19.89
70,0,20.1,41.4,19.89
60,0,20.1,41.4,19.89
70,10,20.0,41.29,19.89
60,0,20.0666666667,41.3633333333,19.89
70,0,20.0,41.29,19.89
60,0,20.0,41.23,19.9633333333
60,0,20.0,41.2,19.9633333333
60,0,20.0,41.2,19.89
60,0,20.0,41.2,19.9266666667
60,0,20.0,41.2,19.9266666667
60,0,19.89,41.2,20.0
70,0,19.89,41.2,19.9266666667
60,0,19.9266666667,41.1633333333,19.89
70,0,19.9266666667,41.09,19.89
60,0,19.89,41.09,19.89
60,0,19.89,41.09,19.89
60,0,19.89,41.09,19.9633333333
60,0,19.89,41.09,19.89
60,0,19.89,41.09,19.9633333333
50,0,19.89,41.09,20.0
70,0,19.89,41.09,20.0
60,0,19.8566666667,41.06,20.0
60,0,19.79,41.0,20.0
70,0,19.79,41.0,20.0
60,0,19.79,40.9333333333,20.0
60,0,19.79,40.9666666667,20.0
50,0,19.79,40.9,20.0
50,0,19.79,40.8633333333,20.0
60,0,19.79,40.79,20.0
50,0,19.79,40.79,20.0
60,0,19.79,40.79,20.0
60,0,19.76,40.79,20.0
60,0,19.7,40.7225,20.0
70,0,19.7,40.7,20.0
60,0,19.7,40.6633333333,20.0
60,0,19.7,40.59,20.0
50,0,19.7,40.59,20.0
50,0,19.7,40.53,20.0
60,0,19.7,40.5,20.0666666667
50,0,19.7,40.5,20.0666666667
60,0,19.7,40.4,20.0333333333
50,0,19.7,40.4,20.1
40,0,19.7,40.29,20.1
40,0,19.7,40.29,20.1
40,0,19.6,40.1633333333,20.1
40,0,19.6666666667,40.1633333333,20.1
100,0,19.7,40.2,20.2
60,0,19.7,40.2,20.2
50,0,19.7,40.2,20.2
80,0,19.7,40.2,20.2
100,0,19.79,40.09,20.4266666667
80,0,19.8925,40.145,20.5
80,0,20.0666666667,40.09,20.39
100,10,20.2,40.0,20.39
80,0,20.2,40.0,20.39
110,0,20.2,39.9633333333,20.3566666667
80,0,20.2,40.2233333333,20.3566666667
90,10,20.2,40.6566666667,20.29
110,0,20.26,40.8633333333,20.29
100,0,20.29,41.33,20.29
100,0,20.29,41.7966666667,20.29
80,0,20.39,41.9,20.29
80,0,20.39,41.9666666667,20.29
70,0,20.39,41.6333333333,20.29
70,0,20.39,41.4333333333,20.29
70,0,20.4266666667,41.1633333333,20.29
60,0,20.5,41.03,20.29
70,0,20.5,40.8333333333,20.29
70,0,20.5,40.6266666667,20.29
80,0,20.6,40.5,20.29
80,0,20.55,40.3975,20.29
70,0,20.6,40.23,20.29
80,0,20.6,40.06,20.29
60,0,20.6,40.0,20.29
70,0,20.6,39.8633333333,20.29
70,0,20.6,39.79,20.29
60,0,20.6,39.7,20.29
70,0,20.6,39.6266666667,20.29
60,0,20.6,39.4666666667,20.29
50,0,20.6,39.4,20.29
50,0,20.6,39.26,20.29
60,0,20.6,39.1266666667,20.29
70,0,20.6666666667,39.1633333333,20.29
70,0,20.6666666667,39.09,20.29
70,0,20.7,39.0,20.29
70,0,20.7,38.9333333333,20.29
60,0,20.7,38.8633333333,20.3233333333
70,0,20.7,38.79,20.39
60,0,20.79,38.7,20.29
80,0,20.79,38.6725,20.3566666667
70,0,20.79,38.59,20.39
60,0,20.79,38.56,20.39
80,0,20.79,38.5,20.39
60,0,20.79,38.4,20.39
70,0,20.79,38.4,20.39
60,0,20.79,38.4,20.3233333333
70,0,20.79,38.4,20.3233333333
60,0,20.76,38.29,20.39
60,0,20.7,38.29,20.39
80,0,20.7,38.4,20.3233333333
120,10,20.7,38.4666666667,20.3233333333
140,0,20.7,38.89,20.29
140,0,20.7,39.2233333333,20.29
160,0,20.7,39.4333333333,20.29
180,0,20.76,39.56,20.29
160,0,20.79,39.6266666667,20.29
160,0,20.8566666667,39.76,20.29
140,0,20.8233333333,39.6633333333,20.29
120,10,20.89,39.4475,20.29
110,0,20.8233333333,39.3266666667,20.29
90,0,20.79,39.29,20.29
90,0,20.79,39.29,20.29
80,0,20.79,39.2,20.29
80,0,20.79,39.2,20.29
80,0,20.76,39.29,20.26
80,0,20.7,39.29,20.26
70,0,20.7,39.4,20.2
70,0,20.7,39.4666666667,20.2
60,0,20.7,39.5,20.2
80,0,20.7,39.56,20.2
100,20,20.6,39.53,20.2
90,10,20.6666666667,39.8633333333,20.2
90,0,20.7,40.09,20.2
80,0,20.6333333333,40.03,20.2
90,0,20.6,39.9,20.2
70,0,20.6,39.8266666667,20.2
80,0,20.6,39.79,20.23
90,0,20.575,39.7225,20.23
90,0,20.5,39.7,20.245
80,0,20.5,39.6266666667,20.29
80,0,20.5,39.6266666667,20.23
90,0,20.39,39.5,20.26
70,0,20.39,39.5,20.26
80,0,20.39,39.5,20.23
60,0,20.39,39.5,20.29
50,0,20.39,39.5,20.29
60,0,20.39,39.5,20.29
60,0,20.3566666667,39.4,20.29
60,0,20.29,39.4,20.29
70,0,20.29,39.4,20.29
60,0,20.29,39.4,20.29
60,0,20.26,39.29,20.29
50,0,20.2,39.29,20.29
60,0,20.26,39.26,20.29
50,0,20.2,39.2,20.29
60,0,20.26,39.26,20.29
60,0,20.2,39.2,20.29
70,0,20.2,39.2,20.29
60,0,20.2,39.2,20.29
60,0,20.2,39.1266666667,20.29
70,0,20.1666666667,39.1266666667,20.29
60,0,20.1,39.1266666667,20.29
60,0,20.1,39.09,20.29
50,0,20.1,39.09,20.29
60,0,20.1,39.09,20.29
60,0,20.1,39.09,20.29
60,0,20.1,39.09,20.29
70,0,20.1,39.09,20.29
50,0,20.1,39.0,20.29
70,0,20.1,39.0,20.29
60,0,20.1,39.0,20.29
60,0,20.1,39.0,20.29
50,0,20.1,39.0,20.29
60,0,20.0333333333,38.9333333333,20.29
60,0,20.0333333333,38.9633333333,20.29
50,0,20.025,39.0225,20.29
70,0,20.0,39.0,20.29
60,0,20.0,39.0,20.29
60,0,20.0,39.0,20.29
60,0,20.0,39.0,20.29
60,0,20.0,39.0,20.29
50,0,19.9266666667,39.0,20.29
60,0,19.9266666667,39.0,20.29
50,0,19.89,39.0,20.29
60,0,19.9633333333,39.0,20.29
50,0,19.89,38.9666666667,20.29
40,0,19.89,38.9,20.29
50,0,19.89,38.9,20.29
40,0,19.89,38.9,20.29
60,0,19.89,38.9,20.29
70,0,19.89,38.9,20.29
50,0,19.89,38.9,20.29
60,0,19.89,38.9,20.29
70,0,19.89,39.045,20.29
60,0,19.89,39.36,20.29
70,0,19.9633333333,39.6333333333,20.29
70,0,19.89,39.86,20.29
120,0,19.9633333333,40.06,20.29
60,0,20.0,40.2,20.29
70,0,20.0,40.1266666667,20.29
60,10,20.0,40.09,20.29
60,0,20.0,40.03,20.23
90,0,20.0,40.0,20.23
60,0,20.0,40.06,20.29
60,0,20.0,40.09,20.2
60,10,20.0,40.09,20.2
140,10,20.0,40.2,20.2
110,30,20.0,40.26,20.2
100,20,20.2633333333,40.6266666667,20.2
90,20,20.53,40.76,20.2
110,20,20.86,40.9,20.2
90,10,21.0666666667,40.9,20.2
230,0,21.1,40.69,20.2
210,0,21.1,40.2233333333,20.2
170,0,21.1,39.9633333333,20.29
380,0,21.0,39.6633333333,20.29
210,0,21.0,39.4633333333,20.29
150,0,21.0333333333,39.36,20.39
100,0,21.1,39.5,20.39
270,0,21.1333333333,39.53,20.39
130,0,21.2,39.39,20.39
100,0,21.2,39.29,20.39
130,0,21.2,39.29,20.39
100,0,21.2,39.29,20.39
100,0,21.2,39.29,20.39
100,0,21.2,39.3266666667,20.39
70,0,21.2,39.4,20.39
80,0,21.2,39.53,20.4266666667
80,0,21.26,39.6633333333,20.5
440,0,21.29,39.8266666667,20.39
430,0,21.29,39.9,20.4633333333
320,0,21.34,39.9,20.4266666667
300,0,21.4266666667,39.9666666667,20.5
270,0,21.5,39.8266666667,20.5
290,10,21.5,39.6333333333,20.5
280,0,21.4266666667,39.4333333333,20.5
250,0,21.4266666667,39.29,20.5
190,0,21.5,39.23,20.5
100,0,21.5,39.1633333333,20.5
90,0,21.5,39.09,20.5
80,10,21.5,39.09,20.5
80,0,21.5,39.09,20.5
400,0,21.5666666667,39.0,20.5
660,10,21.5,39.0,20.5
310,0,21.5,39.0,20.5333333333
110,0,21.5,39.06,20.6
110,0,21.6,39.39,20.6
100,0,21.6,39.6633333333,20.6
100,0,21.5333333333,39.7,20.5666666667
100,0,21.6,39.7,20.5
100,0,21.6,39.79,20.5
110,0,21.6,39.79,20.5666666667
140,0,21.6,39.79,20.5
620,0,21.6,39.7,20.55
580,0,21.6,39.6266666667,20.5
350,0,21.5333333333,39.59,20.5
100,10,21.6,39.59,20.5
130,0,21.5,39.59,20.5
240,0,21.5,39.59,20.5
250,0,21.39,39.4666666667,20.5
330,10,21.39,39.3266666667,20.5
260,0,21.29,39.26,20.5
120,10,21.29,39.1266666667,20.5
500,0,21.26,38.9666666667,20.5
110,0,21.2,38.9,20.5
120,0,21.2,38.9,20.4266666667
120,0,21.2,38.9,20.5
110,0,21.1666666667,38.9,20.4633333333
110,0,21.1,38.9,20.39
420,0,21.1,38.79,20.39
330,0,21.075,38.74,20.39
100,0,21.0,38.59,20.39
100,0,21.0,38.56,20.39
90,0,21.0,38.5,20.39
80,10,21.0,38.5,20.39
70,0,21.0,38.5,20.39
80,0,20.9266666667,38.5,20.39
90,0,20.9266666667,38.56,20.39
90,0,20.89,38.59,20.5
80,10,20.89,38.59,20.5
80,0,20.89,38.6266666667,20.5
50,0,20.8233333333,38.6266666667,20.5
60,0,20.8566666667,38.7,20.5
50,0,20.79,38.7,20.5
50,0,20.79,38.7,20.5
50,0,20.79,38.7,20.5
40,0,20.79,38.79,20.5
40,0,20.79,38.79,20.5
40,10,20.76,38.79,20.5
40,0,20.745,38.8725,20.5
50,0,20.7,38.9,20.5
60,0,20.7,38.9,20.5
50,0,20.7,38.9,20.5
60,0,20.7,38.9,20.5333333333
50,0,20.6333333333,38.8266666667,20.5333333333
50,0,20.6,38.79,20.5
70,0,20.6,38.79,20.5
60,10,20.6,38.79,20.5333333333
70,0,20.6,38.79,20.5333333333
50,0,20.6,38.79,20.5666666667
70,0,20.6,38.79,20.5
50,0,20.5333333333,38.7,20.5333333333
60,0,20.5333333333,38.76,20.6
50,0,20.5333333333,38.7,20.5
50,0,20.5333333333,38.7,20.5666666667
60,0,20.5,38.7,20.6
60,10,20.5,38.7,20.6
60,0,20.5,38.7,20.6
60,0,20.5,38.7,20.6
70,0,20.4266666667,38.6266666667,20.6
60,0,20.39,38.59,20.6
60,0,20.39,38.59,20.6
40,0,20.39,38.59,20.6
60,0,20.39,38.59,20.6
50,0,20.39,38.59,20.6
50,0,20.39,38.59,20.6
70,0,20.39,38.59,20.6
50,0,20.39,38.59,20.6
70,0,20.3233333333,38.59,20.5333333333
50,0,20.39,38.59,20.6
70,0,20.29,38.59,20.6
60,0,20.29,38.59,20.6
80,0,20.29,38.59,20.6
60,0,20.29,38.59,20.6
50,10,20.29,38.59,20.6
60,0,20.29,38.59,20.6
50,0,20.29,38.59,20.5333333333
60,0,20.23,38.4633333333,20.5333333333
40,0,20.29,38.59,20.5666666667
30,0,20.23,38.53,20.5666666667
40,0,20.29,38.6633333333,20.5
40,0,20.26,38.6633333333,20.5
60,0,20.26,38.7233333333,20.5
60,0,20.29,38.8266666667,20.5
70,0,20.29,38.9,20.5
50,0,20.23,38.9333333333,20.5
70,0,20.29,39.0,20.5
60,0,20.29,39.0,20.5
60,0,20.29,39.06,20.5
60,0,20.29,39.09,20.5
60,0,20.29,39.1633333333,20.5
50,0,20.29,39.2,20.5
70,0,20.29,39.1266666667,20.5
80,0,20.2,39.09,20.4266666667
80,0,20.2,39.03,20.4266666667
90,0,20.2,39.0,20.4266666667
100,0,20.2,39.0,20.4266666667
100,0,20.2,38.9333333333,20.4633333333
100,0,20.2,38.9,20.4633333333
70,0,20.2,38.9,20.39
80,0,20.2,38.9,20.39
70,0,20.2,38.9,20.39
80,0,20.23,38.9,20.39
80,0,20.23,38.9,20.39
80,0,20.2,38.79,20.4633333333
90,0,20.26,38.79,20.4633333333
80,0,20.29,38.79,20.4266666667
80,0,20.29,38.79,20.5
60,0,20.29,38.7,20.4633333333
50,0,20.29,38.7,20.39
60,0,20.3233333333,38.7,20.4266666667
50,0,20.39,38.6266666667,20.5
70,0,20.39,38.59,20.5
80,0,20.39,38.59,20.5
90,0,20.39,38.59,20.5
160,0,20.39,38.7,20.5
90,0,20.39,38.7,20.5
120,0,20.5,38.79,20.5
80,0,20.5,38.79,20.5
80,0,20.5,38.7,20.5
90,0,20.5,38.76,20.5
100,0,20.6,38.9333333333,20.5
110,0,20.6666666667,39.1933333333,20.5
130,0,20.7,39.4333333333,20.5
120,0,20.76,39.6333333333,20.5
120,0,20.8233333333,39.73,20.5
100,10,20.89,39.79,20.5
120,0,20.9266666667,39.79,20.5666666667
110,0,20.9266666667,39.79,20.5666666667
110,0,21.0,39.9,20.5666666667
110,0,21.0,39.9,20.5666666667
100,0,21.1,40.0,20.6
110,0,21.1,40.0,20.6
110,0,21.15,40.0,20.6
110,0,21.2,40.03,20.6
110,0,21.2,40.09,20.6
110,0,21.23,40.1266666667,20.6
100,10,21.29,40.1266666667,20.6
110,20,21.26,40.06,20.6
110,30,21.26,39.86,20.6
90,20,21.29,39.9,20.6
90,20,21.3566666667,39.7666666667,20.6
70,20,21.3233333333,39.2966666667,20.6
260,30,21.39,39.03,20.6
390,20,21.39,38.9666666667,20.6
320,20,21.4633333333,38.7666666667,20.6
100,20,21.5,38.7233333333,20.6
350,0,21.5,38.4633333333,20.6
480,0,21.5,38.3333333333,20.6
120,0,21.4266666667,38.0666666667,20.6
100,0,21.4633333333,38.09,20.6
100,0,21.39,38.1633333333,20.6
120,20,21.39,38.45,20.5666666667
110,20,21.39,38.5,20.5
110,30,21.39,38.5,20.5
110,20,21.39,38.59,20.5
110,20,21.39,38.59,20.5
120,20,21.39,38.76,20.5
130,30,21.39,38.8333333333,20.5
140,20,21.5,38.79,20.4266666667
130,0,21.5,38.79,20.4266666667
140,0,21.5,38.7233333333,20.4266666667
140,0,21.4266666667,38.4633333333,20.4266666667
140,0,21.39,38.3633333333,20.39
130,0,21.39,38.29,20.39
130,0,21.39,38.29,20.39
120,0,21.39,38.29,20.39
130,0,21.29,38.26,20.39
100,0,21.29,38.26,20.39
90,0,21.29,38.4,20.39
100,0,21.29,38.4666666667,20.39
90,10,21.26,38.5,20.29
80,20,21.2,38.45,20.29
80,20,21.2,38.56,20.29
90,20,21.2,38.73,20.29
60,30,21.2,38.8633333333,20.29
60,20,21.29,39.1266666667,20.29
50,20,21.29,39.26,20.29
60,20,21.315,39.5975,20.29
50,20,21.39,39.7,20.29
60,20,21.39,39.76,20.29
80,30,21.5,39.9333333333,20.29
70,20,21.5,40.0,20.3233333333
70,20,21.5,40.09,20.3233333333
70,20,21.5,40.1633333333,20.29
70,20,21.5666666667,40.2,20.29
60,30,21.5666666667,40.2,20.29
70,20,21.6,40.26,20.29
60,10,21.6,40.26,20.29
70,0,21.6333333333,40.29,20.29
70,0,21.6333333333,40.0966666667,20.3233333333
60,0,21.6,39.9,20.3233333333
60,0,21.575,39.8175,20.3233333333
60,0,21.5,39.79,20.39
60,0,21.5666666667,39.79,20.29
50,0,21.5,39.79,20.3566666667
60,0,21.5,39.79,20.3566666667
50,0,21.4266666667,39.73,20.3566666667
60,0,21.39,39.7,20.3566666667
70,0,21.39,39.7,20.39
60,0,21.29,39.7,20.39
70,0,21.29,39.7,20.39
50,0,21.29,39.6633333333,20.39
60,0,21.29,39.59,20.39
50,0,21.2,39.5,20.39
60,0,21.2,39.5,20.39
50,0,21.2,39.5,20.39
70,0,21.2,39.5,20.39
50,0,21.1,39.5,20.39
70,0,21.1,39.5,20.39
60,0,21.1,39.53,20.39
60,0,21.1,39.545,20.39
60,0,21.0333333333,39.53,20.39
50,0,21.0,39.5,20.39
60,0,21.0,39.5,20.39
50,0,21.0,39.5,20.39
60,0,21.0,39.5,20.39
80,0,21.0,39.56,20.39
40,10,21.0,39.56,20.39
40,0,20.9633333333,39.59,20.39
50,0,20.89,39.59,20.39
50,0,20.89,39.59,20.39
50,0,20.89,39.59,20.39
60,0,20.89,39.59,20.39
60,0,20.89,39.59,20.39
60,10,20.89,39.7,20.39
70,0,20.8233333333,39.6266666667,20.39
70,0,20.8566666667,39.6633333333,20.39
70,0,20.79,39.59,20.39
50,0,20.79,39.59,20.39
60,0,20.79,39.59,20.39
50,10,20.79,39.59,20.39
60,0,20.79,39.59,20.39
60,0,20.79,39.59,20.39
50,10,20.79,39.59,20.39
110,0,20.79,39.59,20.3566666667
70,0,20.79,39.59,20.29
80,0,20.79,39.59,20.29
90,0,20.79,39.59,20.3566666667
100,0,20.79,39.59,20.5
80,0,20.79,39.56,20.5
80,0,20.79,39.5,20.5
80,0,20.76,39.3633333333,20.5
50,0,20.76,39.29,20.5
90,0,20.7,39.2,20.5
120,0,20.76,39.1266666667,20.5
90,0,20.79,39.1266666667,20.5
110,0,20.79,39.4,20.4633333333
70,0,20.79,39.59,20.39
110,0,20.79,39.695,20.5
110,10,20.8566666667,40.1966666667,20.5
100,10,21.0,41.13,20.5
90,0,21.0,41.9233333333,20.445
100,0,21.0666666667,42.29,20.5
100,0,21.0666666667,42.29,20.5
110,0,21.1,42.26,20.5
100,0,21.1,42.2,20.5
100,0,21.2,42.06,20.5
170,0,21.2,41.9333333333,20.5
90,0,21.2,41.7233333333,20.5
70,0,21.2,41.4633333333,20.5
80,0,21.2,41.2233333333,20.5
110,20,21.2,41.03,20.4633333333
110,20,21.2,40.9,20.39
110,20,21.2,40.9666666667,20.4266666667
100,30,21.2,41.1266666667,20.4266666667
100,20,21.26,41.26,20.5
100,20,21.29,41.26,20.4266666667
100,20,21.315,41.2675,20.4266666667
80,30,21.39,41.1566666667,20.4266666667
80,20,21.39,40.7966666667,20.39
80,20,21.39,40.4633333333,20.4725
80,20,21.39,40.2966666667,20.5
110,30,21.39,40.09,20.4633333333
90,20,21.39,40.0266666667,20.4633333333
90,20,21.4633333333,39.8266666667,20.5
80,20,21.5,39.56,20.4266666667
90,0,21.5,39.5,20.39
80,0,21.5,39.3333333333,20.39
90,0,21.5,39.1266666667,20.4266666667
90,0,21.5,39.1266666667,20.4266666667
100,0,21.5,39.1266666667,20.39
80,0,21.5,38.7,20.4633333333
60,0,21.5,38.5666666667,20.39
60,0,21.4633333333,38.2233333333,20.4633333333
60,0,21.39,38.03,20.39
50,0,21.39,37.9,20.39
60,0,21.39,37.795,20.39
70,0,21.3233333333,37.7,20.39
90,0,21.29,37.6633333333,20.39
80,0,21.29,37.59,20.39
90,0,21.29,37.5,20.39
90,0,21.29,37.5,20.39
100,0,21.29,37.5,20.39
90,0,21.29,37.8333333333,20.29
90,0,21.29,38.1266666667,20.29
120,0,21.29,38.26,20.29
440,0,21.29,38.5,20.29
220,10,21.29,38.5,20.29
210,0,21.29,38.3633333333,20.3566666667
330,10,21.23,38.1566666667,20.29
220,10,21.2,38.2,20.29
120,0,21.2,38.26,20.3233333333
90,0,21.2,38.3266666667,20.3233333333
100,0,21.2,38.4666666667,20.39
110,0,21.2,38.6266666667,20.3233333333
100,0,21.2,38.795,20.29
360,0,21.2,38.9666666667,20.29
400,0,21.2,39.03,20.29
100,0,21.2,39.09,20.29
120,0,21.1,39.2,20.29
100,0,21.1,39.2,20.29
120,0,21.1,39.29,20.23
70,0,21.1,39.29,20.29
50,0,21.1,39.4,20.29
60,0,21.1,39.4,20.29
60,0,21.1,39.4333333333,20.29
50,10,21.1,39.5,20.29
70,20,21.0,39.4,20.23
60,20,21.0,39.4,20.26
60,20,21.0,39.5,20.2
70,20,21.0666666667,39.6333333333,20.2
50,30,21.1,39.8266666667,20.2
60,10,21.1,39.9666666667,20.2
60,10,21.1333333333,40.1566666667,20.2
60,0,21.2,40.29,20.2
60,0,21.2,40.29,20.2
60,0,21.1666666667,40.2,20.2
50,0,21.1,40.2,20.2
50,0,21.1,40.09,20.2
30,0,21.1,40.09,20.23
30,0,21.1,40.0,20.29
20,0,21.1,40.0,20.29
40,0,21.0,39.8633333333,20.29
50,0,21.0,39.79,20.29
60,0,21.0,39.79,20.29
50,0,21.0,39.73,20.29
60,0,21.0,39.76,20.29
50,0,20.9266666667,39.7,20.29
50,0,20.89,39.7,20.29
50,0,20.89,39.7,20.29
50,0,20.89,39.7,20.29
60,0,20.89,39.7,20.29
50,0,20.8233333333,39.53,20.29
60,0,20.815,39.5225,20.29
50,0,20.79,39.5,20.29
50,0,20.79,39.5,20.29
50,0,20.79,39.5,20.29
50,0,20.79,39.5,20.34
50,0,20.73,39.5,20.3566666667
50,0,20.73,39.5,20.29
70,0,20.73,39.5,20.29
50,0,20.7,39.5,20.3566666667
60,0,20.7,39.4333333333,20.39
50,0,20.7,39.4,20.39
50,0,20.7,39.4,20.3233333333
50,0,20.7,39.4,20.39
40,0,20.7,39.4,20.39
50,0,20.6,39.29,20.39
50,0,20.6,39.29,20.39
90,0,20.6,39.29,20.39
60,0,20.6,39.29,20.39
50,10,20.6,39.29,20.39
20,0,20.6,39.29,20.39
40,10,20.6,39.29,20.39
30,0,20.6,39.5,20.39
50,0,20.6,39.56,20.39
50,0,20.6,39.73,20.39
50,0,20.6,39.79,20.39
60,0,20.6,39.9,20.39
60,0,20.5333333333,39.9666666667,20.3233333333
60,0,20.5666666667,40.0,20.39
80,0,20.5,40.06,20.3233333333
60,0,20.5,40.09,20.39
40,0,20.5,40.1633333333,20.29
50,0,20.5,40.1633333333,20.29
50,20,20.5,40.1633333333,20.29
70,20,20.5,40.2,20.29
80,30,20.5,40.2,20.29
70,20,20.5,40.29,20.29
70,20,20.5,40.29,20.2
50,0,20.6,40.4,20.2
50,0,20.6,40.3725,20.2
70,0,20.6,40.23,20.2
60,0,20.6,40.1633333333,20.2
50,0,20.6,40.03,20.2
50,0,20.5666666667,39.8633333333,20.2
100,0,20.5,39.79,20.2
80,0,20.5,39.7,20.2
90,0,20.5,39.7,20.1
90,0,20.5,39.59,20.1
90,0,20.5,39.59,20.1666666667
90,0,20.39,39.3633333333,20.1
90,0,20.39,39.29,20.1
80,0,20.5,39.29,20.1
80,0,20.4266666667,39.23,20.1
100,0,20.39,39.2,20.1
90,0,20.39,39.1266666667,20.1
80,0,20.39,39.09,20.1
100,0,20.39,39.09,20.1
90,0,20.39,39.1266666667,20.1
100,0,20.39,39.1175,20.1
90,10,20.39,39.09,20.1
100,20,20.39,39.1266666667,20.0666666667
90,20,20.39,39.2,20.0
100,30,20.39,39.36,20.05
100,20,20.39,39.5,20.0
150,0,20.4266666667,39.6266666667,20.0
140,0,20.5,39.7,20.0
90,0,20.5,39.7,20.0
80,0,20.5,39.7,20.0
90,0,20.5,39.59,20.0
80,0,20.5,39.6633333333,20.0
100,0,20.5,39.8266666667,20.0
110,0,20.5,39.9,20.0
110,0,20.5333333333,40.03,20.0
120,0,20.6,40.09,20.0
110,0,20.6,40.09,20.0
80,0,20.6,40.03,20.0
110,0,20.6,40.0,20.0
90,0,20.6,40.0675,20.0
110,0,20.6,40.09,20.0
100,0,20.6,40.06,19.9633333333
110,0,20.6666666667,40.06,19.9633333333
110,0,20.7,40.1633333333,20.0
100,0,20.6333333333,40.03,20.0
90,0,20.7,40.0266666667,20.0
90,0,20.6333333333,39.7666666667,19.9633333333
90,0,20.6,39.5,19.9633333333
80,0,20.6,39.5,20.0
100,0,20.6,39.4,20.0666666667
90,0,20.6,39.4666666667,20.0666666667
80,0,20.6333333333,39.59,20.0666666667
70,0,20.7,39.59,20.0
90,0,20.7,39.3633333333,20.0
430,0,20.7,39.23,20.0
440,0,20.6666666667,39.06,20.0
110,10,20.6,39.06,20.0
90,10,20.6333333333,39.3,20.0
90,0,20.65,39.7925,19.9633333333
110,0,20.6333333333,40.2233333333,19.9633333333
90,0,20.6333333333,40.5666666667,20.0
120,10,20.7,40.76,20.0
100,0,20.6,40.7,20.0
100,0,20.6,40.7,20.0
90,0,20.6,40.73,20.0
120,0,20.6,40.79,19.89
110,0,20.6,40.8266666667,19.89
120,0,20.6,40.9,19.9633333333
120,0,20.6,41.09,19.89
120,0,20.6,41.1633333333,19.89
140,0,20.6,41.23,19.89
110,0,20.6666666667,41.3633333333,19.89
120,0,20.7,41.5,19.89
90,0,20.7,41.5,19.89
70,0,20.7,41.4666666667,19.89
40,10,20.7,41.4,19.89
40,0,20.7,41.26,19.89
40,0,20.7,41.1266666667,19.9266666667
30,10,20.7,41.045,20.0
60,0,20.6,40.8633333333,20.0
50,0,20.6,40.73,20.0
50,0,20.6,40.6633333333,20.0
50,0,20.6,40.53,20.0
60,0,20.5666666667,40.4666666667,20.0
50,0,20.5,40.4,20.0
60,0,20.5333333333,40.4,20.0
60,0,20.5333333333,40.3266666667,20.0
70,0,20.5,40.2,20.0
50,0,20.5,40.2,20.0
60,0,20.5,40.2,20.0
40,0,20.4266666667,40.0666666667,20.0
50,0,20.39,40.0,20.0
50,0,20.39,40.0,20.1
60,0,20.39,39.9666666667,20.1
60,0,20.39,39.9,20.1
60,0,20.39,39.9,20.1
50,0,20.39,39.9,20.1
50,0,20.3233333333,39.8266666667,20.1
50,0,20.29,39.79,20.1
30,0,20.29,39.79,20.1
30,0,20.29,39.79,20.1
20,0,20.29,39.79,20.1
30,0,20.29,39.76,20.1
60,0,20.23,39.6266666667,20.1
60,0,20.26,39.6633333333,20.1
60,0,20.26,39.6633333333,20.1
60,0,20.2,39.56,20.1
50,0,20.2,39.5,20.1
50,0,20.2,39.5,20.1
50,0,20.2,39.5,20.1
50,0,20.2,39.4,20.1
50,0,20.2,39.4,20.1
60,0,20.1333333333,39.4,20.1
60,0,20.1333333333,39.4,20.1666666667
50,0,20.1,39.29,20.1
50,0,20.1,39.29,20.1333333333
50,0,20.1,39.29,20.2
50,0,20.1,39.26,20.1
60,0,20.1,39.2,20.1666666667
40,0,20.0666666667,39.1633333333,20.1666666667
60,0,20.0666666667,39.1633333333,20.125
50,0,20.0,39.0,20.2
50,0,20.0,39.0,20.1333333333
60,0,20.0,39.0,20.1333333333
40,0,20.0,39.0,20.1333333333
30,0,20.0,38.9666666667,20.2
20,0,20.0,38.9,20.1
30,0,19.89,38.9,20.1
50,0,19.89,38.9,20.1666666667
60,0,19.89,38.9,20.1666666667
60,0,19.89,38.8266666667,20.1333333333
50,0,19.89,38.79,20.1333333333
60,0,19.89,38.79,20.1
40,0,19.89,38.79,20.1
60,0,19.815,38.695,20.1
70,0,19.79,38.59,20.1
60,0,19.79,38.59,20.2
80,0,19.79,38.59,20.2
70,0,19.79,38.59,20.2
60,0,19.79,38.59,20.2
50,10,19.79,38.73,20.2
60,0,19.79,38.8633333333,19.93
370,0,19.79,39.09,19.8566666667
50,0,19.79,39.1633333333,20.0333333333
60,0,19.79,39.2,20.2266666667
40,0,19.8566666667,39.26,20.5333333333
50,0,19.89,39.29,20.5333333333
60,0,19.89,39.29,20.5
110,0,20.0333333333,39.29,20.5
110,0,20.1,39.29,20.5
100,0,20.1333333333,39.29,20.4266666667
110,0,20.2,39.23,20.39
100,0,20.3233333333,39.26,20.39
90,0,20.4175,39.2,20.39
380,0,20.5,39.2,20.39
440,0,20.6,39.09,20.39
110,0,20.6666666667,39.1633333333,20.39
90,0,20.7,39.2,20.39
70,0,20.7,39.1266666667,20.39
50,0,20.79,39.09,20.4633333333
40,0,20.8566666667,39.09,20.39
50,0,20.89,39.06,20.39
50,0,20.9633333333,38.9333333333,20.39
50,0,21.0,38.8633333333,20.39
50,0,21.0,38.79,20.39
60,0,21.1,38.76,20.4633333333
60,0,21.1,38.7,20.5
30,0,21.2,38.56,20.5
40,0,21.2,38.5,20.4266666667
20,0,21.2,38.4,20.4266666667
30,0,21.2,38.3266666667,20.4266666667
50,0,21.26,38.26,20.4266666667
50,0,21.2675,38.1725,20.4266666667
60,0,21.23,38.03,20.5
50,0,21.26,37.9666666667,20.5
60,0,21.26,37.9,20.5
50,0,21.2,37.6633333333,20.5
60,0,21.2,37.53,20.5
40,0,21.2,37.5,20.5
40,0,21.2,37.5,20.5
60,0,21.2,37.3633333333,20.5
50,0,21.2,37.23,20.5
60,0,21.1333333333,37.2,20.5
50,0,21.1333333333,37.2,20.4633333333
50,0,21.1,37.09,20.4633333333
50,0,21.1,37.09,20.4633333333
50,0,21.1,37.09,20.4633333333
50,0,21.1,37.03,20.39
40,0,21.0,36.9,20.39
60,0,21.0,36.9,20.39
50,0,21.0,36.9,20.4633333333
50,0,21.0,36.9,20.4266666667
50,0,20.9266666667,36.9,20.4266666667
40,0,20.89,36.9,20.39
20,0,20.89,36.9,20.39
20,0,20.89,36.9,20.4266666667
30,0,20.89,36.9,20.4725
50,0,20.89,36.79,20.39
60,0,20.8233333333,36.73,20.39
60,0,20.79,36.7,20.39
50,0,20.79,36.7,20.39
50,0,20.79,36.7,20.39
50,0,20.79,36.76,20.39
40,0,20.79,36.79,20.39
50,0,20.79,36.79,20.3566666667
50,0,20.7,36.9333333333,20.29
50,0,20.7,37.06,20.29
60,0,20.7,37.23,20.29
50,0,20.7,37.29,20.29
60,0,20.7,37.4,20.29
50,0,20.7,37.4666666667,20.29
40,0,20.7,37.545,20.29
50,0,20.6,37.53,20.26
40,0,20.6,37.59,20.26
50,0,20.6,37.6266666667,20.23
50,0,20.6,37.7,20.2225
30,0,20.6,37.7,20.2
30,0,20.6,37.7,20.2
30,0,20.6,37.79,20.2
40,0,20.5333333333,37.79,20.2
60,0,20.5,37.79,20.2
50,0,20.5,37.8633333333,20.2
40,0,20.5,37.9,20.1333333333
60,0,20.5,37.9,20.2
50,0,20.4633333333,37.9,20.2
50,0,20.4633333333,37.9,20.1
60,0,20.39,37.9,20.1
40,0,20.39,37.9,20.1
50,0,20.39,37.9333333333,20.1
50,0,20.39,38.0,20.1
50,0,20.39,38.0,20.1
40,0,20.39,38.0,20.1
60,0,20.39,38.0,20.1
50,0,20.3233333333,38.09,20.1
60,0,20.39,38.09,20.05
50,0,20.39,38.09,20.0333333333
40,0,20.39,38.09,20.0
50,0,20.29,38.09,20.0
30,0,20.29,38.09,20.0
20,0,20.29,38.09,20.0
40,0,20.29,38.09,20.0
40,0,20.29,38.09,20.0
70,0,20.29,38.09,20.0
50,0,20.2,38.06,19.9266666667
50,0,20.2,38.06,19.89
40,0,20.23,38.09,19.9633333333
50,0,20.29,38.09,20.0
50,0,20.2,38.09,19.9266666667
40,0,20.2,38.09,19.89
60,0,20.2,38.09,19.9633333333
50,0,20.2,38.09,19.89
70,0,20.2,38.09,19.89
50,0,20.2,38.09,19.89
50,0,20.2,38.09,19.89
50,0,20.1666666667,38.09,19.89
50,0,20.1,38.09,19.89
40,0,20.1,38.09,19.8233333333
50,0,20.1,38.09,19.8566666667
60,0,20.1,38.1266666667,19.79
40,0,20.1,38.2,19.79
40,0,20.1,38.2,19.79
30,0,20.1,38.2,19.79
30,0,20.1,38.2,19.79
50,0,20.1,38.2,19.79
40,0,20.0666666667,38.1633333333,19.79
50,0,20.0,38.09,19.79
60,0,20.0,38.09,19.79
50,0,20.0,38.09,19.79
60,0,20.0,38.09,19.79
50,0,20.0,38.2,19.7
50,0,20.0,38.1266666667,19.76
50,0,20.0,38.1266666667,19.73
40,0,20.0,38.1266666667,19.7675
50,0,20.0,38.1633333333,19.76
50,0,20.0,38.1633333333,19.7
50,0,19.89,38.2,19.7
50,0,19.89,38.2,19.7
60,0,19.89,38.2,19.7
50,0,19.89,38.2,19.7
50,0,19.89,38.2,19.7
40,0,19.89,38.2,19.7
20,0,19.89,38.2,19.7
30,0,19.89,38.2,19.7
30,0,19.89,38.29,19.7
50,0,19.89,38.29,19.6666666667
60,0,19.89,38.29,19.6
50,0,19.84,38.245,19.7
50,0,19.89,38.29,19.7
60,0,19.79,38.29,19.6333333333
40,0,19.79,38.29,19.6333333333
50,0,19.8566666667,38.3633333333,19.6
50,0,19.79,38.29,19.6
50,0,19.79,38.29,19.6
50,0,19.79,38.29,19.6333333333
60,0,19.79,38.29,19.6333333333
50,0,19.79,38.3633333333,19.6
50,0,19.79,38.4,19.6
50,0,19.79,38.3266666667,19.6
40,0,19.79,38.3633333333,19.6
50,0,19.79,38.3633333333,19.6
40,0,19.79,38.29,19.6
30,0,19.79,38.29,19.6
40,0,19.79,38.29,19.6
30,0,19.79,38.29,19.6
40,0,19.79,38.29,19.6
50,0,19.79,38.29,19.6
50,0,19.79,38.29,19.6
50,0,19.79,38.29,19.6
50,0,19.79,38.29,19.6
50,0,19.79,38.29,19.6333333333
50,0,19.79,38.23,19.7
60,0,19.79,38.2,19.7
50,0,19.79,38.2,19.7
50,0,19.8233333333,38.23,19.7
50,0,19.89,38.23,19.7
40,0,19.89,38.2,19.7
50,0,19.89,38.2,19.7
50,0,19.89,38.2,19.7
60,0,19.89,38.2,19.7
70,0,19.89,38.2,19.7
80,0,19.89,38.2,19.76
70,0,19.89,38.4,19.7
60,0,19.89,38.4666666667,19.79
40,0,19.89,38.53,19.79
30,0,19.945,38.59,19.73
30,0,19.9633333333,38.59,19.79
40,0,20.0,38.7,19.79
70,0,20.0,38.7,19.79
60,0,20.0,38.7,19.79
60,0,20.0,38.7,19.79
60,0,20.0,38.7,19.79
60,0,20.0,38.76,19.73
60,0,20.0,38.73,19.79
50,0,20.0,38.79,19.79
60,0,20.0,38.79,19.73
60,0,20.0,38.79,19.76
60,0,20.0,38.79,19.76
70,0,20.0,38.79,19.73
60,0,20.0,38.79,19.79
60,0,20.0,38.79,19.73
50,0,19.9633333333,38.79,19.73
50,0,19.89,38.8633333333,19.7
60,0,19.89,38.8266666667,19.76
50,0,19.89,38.9,19.73
60,0,19.89,38.9,19.73
70,0,19.89,38.9333333333,19.7
50,0,19.9633333333,39.0,19.76
40,0,19.89,39.03,19.7
30,0,19.89,39.09,19.7
40,0,19.89,39.09,19.7
50,0,19.89,39.1633333333,19.7
60,0,19.89,39.2,19.7
50,0,19.89,39.26,19.7
70,0,19.89,39.29,19.7
60,0,19.8233333333,39.29,19.7
60,0,19.89,39.4333333333,19.7
60,0,19.89,39.5,19.7
50,0,19.79,39.4333333333,19.7
60,0,19.8566666667,39.56,19.6666666667
60,0,19.79,39.59,19.6
50,0,19.79,39.59,19.7
50,0,19.79,39.7,19.7
60,0,19.79,39.7225,19.6
70,0,19.79,39.79,19.6
60,0,19.79,39.8266666667,19.6
60,0,19.79,39.9,19.6
50,0,19.79,40.0,19.6
50,0,19.79,40.0,19.6
50,0,19.79,40.09,19.6
30,0,19.79,40.09,19.6
50,0,19.79,40.2,19.6
30,0,19.79,40.26,19.6
60,0,19.79,40.29,19.6
60,0,19.79,40.29,19.6
60,0,19.79,40.4,19.6
50,0,19.79,40.4,19.5666666667
60,0,19.73,40.5,19.5666666667
50,0,19.73,40.5,19.5
60,0,19.7,40.53,19.5666666667
60,0,19.7,40.59,19.5333333333
60,0,19.7,40.6266666667,19.5333333333
60,0,19.7,40.7225,19.6
60,0,19.7,40.79,19.5333333333
50,0,19.7,40.79,19.5666666667
60,0,19.7,40.8633333333,19.5
50,0,19.7,41.0,19.5
60,0,19.7,41.0,19.5
60,0,19.7,41.0,19.5
60,0,19.7,41.06,19.5
60,0,19.7,41.09,19.5
30,0,19.7,41.1633333333,19.5
40,0,19.7,41.2,19.5
30,0,19.7,41.26,19.5
50,0,19.7,41.3266666667,19.5
50,0,19.7,41.4666666667,19.5
70,0,19.7,41.5,19.5
60,0,19.7,41.56,19.5
70,0,19.7,41.6266666667,19.5
70,0,19.6333333333,41.7,19.5
50,0,19.6,41.7,19.5
60,0,19.675,41.875,19.5
50,0,19.6333333333,41.9333333333,19.5
50,0,19.6,41.9333333333,19.5
50,0,19.6,42.0,19.5
60,0,19.6333333333,42.1266666667,19.5
60,0,19.6333333333,42.1266666667,19.5
60,0,19.6,42.2,19.5
70,0,19.6,42.26,19.5
60,0,19.6,42.29,19.4266666667
60,0,19.6,42.29,19.5
50,0,19.6,42.3266666667,19.5
40,0,19.6,42.4,19.5
30,0,19.6,42.5,19.5
50,0,19.6,42.5,19.5
40,0,19.6,42.59,19.5
70,0,19.6,42.59,19.5
50,0,19.6,42.6266666667,19.5
50,0,19.6,42.7,19.39
70,0,19.6,42.7,19.39
50,0,19.6,42.7,19.39
60,0,19.6,42.7,19.39
60,0,19.6,42.79,19.39
60,0,19.5333333333,42.79,19.39
60,0,19.6,42.79,19.39
60,0,19.6,42.79,19.39
50,0,19.6,42.8266666667,19.39
50,0,19.6,42.8266666667,19.39
60,0,19.6,42.9,19.39
60,0,19.6,42.9,19.5
50,0,19.6,42.9,19.4266666667
70,0,19.6,42.8266666667,19.5
40,0,19.6,42.8266666667,19.6333333333
50,0,19.6,43.0266666667,20.0933333333
30,0,19.6,43.2666666667,20.76
30,0,19.6666666667,43.5266666667,20.76
60,0,19.73,43.7,20.5666666667
50,0,19.8566666667,43.7,20.39
60,0,20.05,43.645,20.3233333333
60,0,20.1333333333,43.56,20.2
70,0,20.26,43.5,20.2
60,0,20.4266666667,43.4,20.1
60,0,20.5666666667,43.3266666667,20.0333333333
60,0,20.6333333333,43.1633333333,20.0
50,0,20.76,43.03,20.0
60,0,20.8233333333,42.9,20.0
50,0,20.89,42.9,20.0
60,0,20.9266666667,42.79,20.0
60,0,21.0,42.79,20.0
60,0,21.1,42.8633333333,20.0
70,0,21.1666666667,42.73,20.0
60,0,21.23,42.7,20.0
50,0,21.29,42.7,20.0
60,0,21.29,42.56,20.0
50,0,21.3566666667,42.4333333333,20.0
60,0,21.39,42.29,20.0
50,0,21.4633333333,42.29,20.0
60,0,21.5,42.29,20.0
70,0,21.5,42.2,20.0666666667
80,0,21.5,42.1266666667,20.0333333333
80,0,21.5,42.09,20.1
60,0,21.5,42.09,20.1
70,0,21.6,42.09,20.1
60,0,21.6,42.09,20.1
80,0,21.6,42.0,20.1
80,0,21.6,42.0,20.1
90,0,21.6,41.9,20.1333333333
100,0,21.6,41.9,20.1333333333
90,0,21.6,41.9,20.2
90,0,21.6666666667,41.9666666667,20.2
90,0,21.6,41.9,20.2
80,0,21.6,41.9,20.2
90,0,21.6,42.0,20.2
80,0,21.6,42.0,20.2
80,0,21.6,42.03,20.2
90,0,21.6,42.09,20.2
90,0,21.6,42.06,20.2
90,0,21.6,42.0,20.26
90,0,21.6,42.0,20.2
80,0,21.6,42.0,20.2
90,0,21.5333333333,42.0,20.26
80,0,21.5,42.03,20.26
90,0,21.5666666667,42.09,20.26
90,0,21.5,42.09,20.26
90,0,21.5,42.09,20.29
110,0,21.5,42.2666666667,20.29
110,0,21.5,42.4666666667,20.29
120,0,21.39,42.53,20.29
90,0,21.39,42.6633333333,20.29
90,0,21.3566666667,42.8266666667,20.29
100,0,21.3566666667,42.9,20.29
90,0,21.29,43.0,20.29
110,0,21.29,43.06,20.29
120,0,21.29,43.1566666667,20.29
120,10,21.29,43.43,20.29
130,0,21.29,43.7666666667,20.29
120,0,21.29,44.12,20.29
100,0,21.29,44.5266666667,20.29
90,0,21.29,44.73,20.29
90,10,21.29,44.8633333333,20.29
80,0,21.29,44.9333333333,20.29
120,0,21.29,45.0,20.29
110,0,21.29,45.03,20.29
130,0,21.29,45.09,20.29
120,0,21.26,45.1633333333,20.29
110,0,21.26,45.1633333333,20.29
120,0,21.23,45.23,20.29
120,10,21.23,45.23,20.29
110,0,21.26,45.2233333333,20.29
100,0,21.2,45.09,20.29
100,10,21.2,45.09,20.29
90,0,21.2,45.03,20.29
90,10,21.2,44.8633333333,20.29
100,0,21.2,44.79,20.29
90,0,21.2,44.7,20.29
100,0,21.2,44.6175,20.29
80,0,21.2,44.53,20.29
50,10,21.2,44.4,20.29
60,0,21.2,44.3266666667,20.29
50,0,21.2,44.29,20.29
60,0,21.2,44.23,20.29
70,0,21.2,44.2,20.29
70,10,21.2,44.2,20.29
60,0,21.2,44.1633333333,20.29
60,0,21.1333333333,44.09,20.29
60,0,21.1666666667,44.09,20.3233333333
50,0,21.1,44.09,20.3233333333
60,0,21.1666666667,44.0,20.3233333333
50,10,21.1,44.0,20.3233333333
70,0,21.1,44.0,20.39
70,0,21.1,44.0,20.3233333333
50,0,21.1,44.0,20.39
60,0,21.1,44.0,20.39
60,0,21.1,44.0,20.39
60,0,21.1,44.0,20.39
50,0,21.1,44.0,20.39
60,0,21.1,44.0,20.39
50,10,21.1,44.0,20.39
60,0,21.1,44.0,20.39
30,0,21.1,44.0,20.39
50,0,21.1,44.0,20.39
40,0,21.1,44.0,20.39
40,0,21.1,44.0,20.39
60,0,21.1,44.0,20.39
60,0,21.0333333333,43.9,20.39
50,0,21.1,43.9666666667,20.39
60,0,21.1,44.0,20.4266666667
50,0,21.1,44.0,20.4266666667
60,0,21.0666666667,43.9666666667,20.4633333333
60,0,21.0,43.9,20.39
60,0,21.0,43.9,20.5
70,0,21.0,43.9,20.5
60,0,21.0,43.9,20.39
60,0,21.0,43.9,20.39
50,0,21.0,43.9,20.5
50,0,21.0,43.9,20.5
60,0,21.0,43.9,20.5
50,0,21.0,43.8633333333,20.5
50,0,21.0,43.79,20.5
60,0,21.0,43.79,20.5
60,0,21.0,43.79,20.5
60,0,21.0,43.7,20.5
60,0,21.0,43.7,20.5
70,0,21.0,43.6633333333,20.5
50,0,21.0,43.59,20.5
60,20,21.0,43.56,20.5
50,10,21.0,43.5,20.5
60,0,20.9633333333,43.5,20.5333333333
90,20,20.89,43.5,20.6
60,10,20.9633333333,43.5,20.5333333333
210,10,20.9633333333,43.6333333333,20.6
370,10,21.0,43.7,20.5333333333
150,30,21.0,43.7,20.5333333333
60,10,21.0,43.745,20.5666666667
90,20,21.0,43.79,20.5666666667
70,0,21.0,43.79,20.5
80,10,20.9633333333,43.79,20.5
60,0,20.9633333333,43.79,20.5
50,10,20.9266666667,43.8266666667,20.5
70,0,21.0,43.9,20.5
250,0,20.89,43.9333333333,20.5
750,10,20.89,44.0,20.5
530,0,20.89,44.0,20.5
320,10,20.89,44.0,20.5
270,0,20.89,44.0,20.4633333333
290,10,20.89,44.06,20.4633333333
300,0,20.9266666667,44.4633333333,20.4266666667
240,10,21.0,44.7233333333,20.5
220,10,21.0,44.79,20.5
120,0,21.0,44.79,20.5
120,10,21.1,44.9666666667,20.5
380,0,21.1666666667,44.9,20.5
720,10,21.245,44.95,20.5333333333
470,0,21.3233333333,44.79,20.5333333333
350,0,21.39,44.73,20.5333333333
320,0,21.4266666667,44.7,20.6
260,0,21.5,44.5,20.6
270,0,21.5333333333,44.1333333333,20.6
140,0,21.5333333333,43.86,20.6
150,10,21.6,43.59,20.6
790,0,21.6,43.59,20.6
730,0,21.6333333333,43.5,20.6
380,10,21.7,43.5,20.6
320,10,21.79,43.5,20.7
360,0,21.79,43.36,20.7
280,10,21.7,42.7666666667,20.7
320,10,21.6333333333,42.4333333333,20.7
270,0,21.7,42.4666666667,20.73
180,10,21.7,42.3266666667,20.73
110,10,21.7,42.29,20.7
560,0,21.7,42.29,20.7
630,10,21.7,42.29,20.7
400,10,21.73,42.29,20.7
300,0,21.73,42.29,20.79
310,10,21.7,41.99,20.79
320,0,21.6333333333,41.5966666667,20.73
270,10,21.6333333333,41.5,20.79
210,0,21.7,41.76,20.7
100,0,21.6,41.9,20.7
720,10,21.6666666667,41.9666666667,20.79
900,0,21.6,41.5266666667,20.7
760,0,21.5333333333,41.4,20.7
700,0,21.5666666667,41.5966666667,20.79
660,0,21.5666666667,42.1233333333,20.79
440,0,21.6,43.3333333333,20.76
450,10,21.6666666667,44.6666666667,20.76
310,20,21.7,45.3966666667,20.76
330,20,21.7,46.1966666667,20.7
270,30,21.8233333333,46.9633333333,20.73
260,20,21.89,47.03,20.73
260,30,22.0,47.0,20.73
260,10,22.1333333333,47.0,20.73
270,0,22.2,46.6666666667,20.7
280,0,22.2,46.16,20.7
150,10,22.1333333333,45.6933333333,20.79
120,0,22.1,45.1,20.79
150,0,22.1,44.6933333333,20.79
140,10,22.1,44.3333333333,20.79
190,0,22.1,44.26,20.79
120,0,22.0,44.36,20.79
120,0,22.0,44.5,20.73
90,0,22.0,44.59,20.76
110,0,22.0,44.6633333333,20.7
100,0,22.0,44.7,20.7
110,0,22.0,44.7,20.7
100,0,22.0,44.7,20.7
90,0,22.0,44.6266666667,20.7
100,0,21.89,44.59,20.7
90,0,21.9633333333,44.53,20.7
100,0,21.89,44.5,20.7
80,0,21.89,44.5,20.7
100,10,21.89,44.4333333333,20.7
80,0,21.89,44.5,20.7
60,0,21.8233333333,44.4333333333,20.7
50,0,21.79,44.4,20.76
70,0,21.79,44.3266666667,20.76
60,0,21.79,44.2,20.76
60,0,21.79,44.1266666667,20.7
60,0,21.79,44.09,20.76
80,0,21.73,44.03,20.76
80,0,21.7,43.9,20.73
70,0,21.7,43.8266666667,20.73
80,0,21.7,43.76,20.79
70,0,21.7,43.7,20.73
60,0,21.6666666667,43.6333333333,20.7
70,0,21.6,43.5,20.7
60,0,21.6,43.4666666667,20.79
60,0,21.6,43.3266666667,20.73
60,0,21.6,43.29,20.79
70,0,21.6,43.2225,20.79
60,0,21.5333333333,43.1266666667,20.79
60,0,21.5333333333,43.1633333333,20.79
50,0,21.5333333333,43.09,20.79
60,0,21.5666666667,43.0,20.79
50,0,21.5,43.06,20.79
60,0,21.5,43.0,20.79
50,0,21.5,43.0,20.79
70,0,21.5,42.9666666667,20.79
60,0,21.5,42.9,20.79
60,0,21.5,42.9,20.79
60,0,21.5,42.9,20.79
60,0,21.4633333333,42.8633333333,20.79
70,0,21.39,42.79,20.79
50,0,21.4633333333,42.79,20.79
60,0,21.39,42.79,20.79
50,0,21.39,42.7,20.8566666667
60,0,21.39,42.7,20.79
50,0,21.39,42.7,20.79
60,0,21.39,42.7,20.79
60,0,21.39,42.7,20.8233333333
70,0,21.39,42.7,20.8233333333
60,0,21.39,42.7,20.79
60,0,21.29,42.7,20.8566666667
60,0,21.29,42.7,20.8566666667
60,0,21.29,42.7,20.79
60,0,21.29,42.7,20.79
50,0,21.29,42.7,20.815
50,0,21.29,42.7,20.89
50,0,21.29,42.7,20.8566666667
60,0,21.29,42.7,20.79
60,0,21.29,42.7,20.89
60,0,21.29,42.7,20.89
60,0,21.29,42.7,20.8566666667
60,0,21.29,42.7,20.8566666667
60,0,21.26,42.6633333333,20.79
60,0,21.2,42.59,20.8566666667
60,0,21.2,42.59,20.89
50,10,21.2,42.59,20.89
60,0,21.2,42.59,20.89
60,20,21.2,42.6266666667,20.89
70,20,21.2,42.8333333333,20.89
60,30,21.23,43.39,20.9633333333
60,20,21.29,43.59,20.89
120,20,21.29,43.6266666667,20.89
100,0,21.3566666667,43.76,20.89
60,10,21.3233333333,43.76,20.89
100,0,21.3233333333,43.76,20.89
700,10,21.29,43.7,20.9633333333
620,0,21.29,43.7,20.9633333333
340,0,21.29,43.59,21.0
280,10,21.29,43.53,21.0
280,0,21.29,43.4666666667,20.9633333333
260,0,21.29,43.3266666667,20.9633333333
190,10,21.26,43.1333333333,20.89
110,0,21.26,43.0,20.89
90,0,21.29,42.9,20.9266666667
70,10,21.29,42.8266666667,20.9266666667
80,0,21.29,42.645,20.89
80,0,21.29,42.56,20.9633333333
80,10,21.29,42.5,20.89
80,0,21.29,42.4,20.89
80,0,21.29,42.3266666667,20.89
90,10,21.29,42.26,20.89
80,0,21.29,42.26,20.89
70,10,21.2,42.09,20.89
70,10,21.2,42.09,20.8233333333
80,0,21.1333333333,42.2,20.89
200,10,21.2,42.1266666667,20.89
390,10,21.2,42.0,20.89
310,10,21.2,41.9333333333,20.89
130,0,21.2,41.8633333333,20.89
110,10,21.2,41.73,20.89
140,10,21.2,41.7,20.89
140,0,21.2,41.6266666667,20.89
120,10,21.2,41.5,20.8566666667
130,10,21.2,41.5,20.8566666667
100,0,21.2,41.4,20.89
130,10,21.2,41.3633333333,20.89
750,0,21.2,41.3633333333,20.89
610,10,21.2,41.2666666667,20.89
360,10,21.1333333333,41.1333333333,20.89
360,10,21.1,41.53,20.89
310,20,21.1,41.6633333333,20.89
270,20,21.1,41.6933333333,20.89
270,10,21.1,41.6933333333,20.89
240,10,21.0,41.4666666667,20.89
150,10,21.0666666667,41.4,20.89
100,10,21.1,41.26,20.89
110,0,21.1666666667,41.1266666667,20.89
100,0,21.2,41.06,20.89
120,10,21.26,41.0,20.9633333333
100,0,21.29,40.76,21.0
90,0,21.29,40.6266666667,21.0
240,10,21.29,40.4666666667,21.0
390,0,21.3566666667,40.4,21.0
180,0,21.39,40.245,21.0333333333
160,10,21.39,40.09,21.0333333333
250,0,21.39,40.03,21.0
150,0,21.39,40.0266666667,21.0
150,0,21.39,39.8266666667,21.0
390,0,21.29,39.9,21.0
380,10,21.29,40.0266666667,21.0
300,0,21.29,40.23,20.9266666667
260,0,21.29,40.43,20.945
580,0,21.39,40.6266666667,20.9266666667
730,0,21.39,40.8333333333,21.0
450,0,21.4266666667,41.33,20.9633333333
310,0,21.5,41.59,20.89
380,0,21.5,41.43,20.89
460,0,21.5,41.23,20.89
480,0,21.5,41.4333333333,20.89
500,0,21.5,41.56,20.89
170,0,21.5666666667,41.7,20.8566666667
410,0,21.5666666667,41.7,20.79
140,0,21.55,41.395,20.8233333333
90,0,21.5333333333,41.1633333333,20.89
80,0,21.6,41.09,20.8566666667
90,0,21.5333333333,41.2,20.79
180,0,21.5333333333,41.26,20.8566666667
410,10,21.5,41.29,20.79
130,0,21.5,41.29,20.79
90,10,21.5,41.29,20.79
70,0,21.5,41.3633333333,20.79
80,10,21.5,41.4,20.79
70,0,21.5,41.4,20.79
70,10,21.4633333333,41.4666666667,20.76
70,0,21.4633333333,41.4666666667,20.76
70,10,21.39,41.5,20.7
70,0,21.39,41.56,20.7
50,0,21.39,41.73,20.73
50,0,21.39,41.8633333333,20.79
70,10,21.39,41.9,20.7
50,0,21.3233333333,41.8266666667,20.76
50,0,21.29,41.76,20.79
50,0,21.29,41.7,20.79
50,0,21.29,41.6266666667,20.79
40,0,21.29,41.59,20.79
60,0,21.29,41.59,20.79
50,0,21.2,41.4666666667,20.79
60,10,21.2,41.4,20.79
50,0,21.2,41.29,20.8566666667
60,0,21.2,41.29,20.79
60,0,21.2,41.29,20.84
50,0,21.2,41.29,20.8566666667
50,0,21.1666666667,41.2,20.79
50,0,21.1,41.2,20.79
50,0,21.1,41.2,20.79
50,0,21.1,41.1266666667,20.79
50,10,21.1,41.09,20.89
60,0,21.1,41.09,20.8233333333
60,0,21.0,40.9666666667,20.8566666667
50,0,21.0,40.9,20.8566666667
50,0,21.0,40.9,20.89
60,0,21.0,40.9,20.89
40,0,21.0,40.9,20.89
60,0,21.0,40.8633333333,20.89
40,0,21.0,40.79,20.89
50,0,21.0,40.79,20.8233333333
50,0,20.9266666667,40.73,20.89
50,10,20.89,40.7,20.89
60,0,20.89,40.7,20.89
60,0,20.89,40.73,20.89
50,0,20.89,40.73,20.89
60,0,20.89,40.7,20.89
40,0,20.89,40.7,20.89
50,0,20.79,40.59,20.89
50,0,20.79,40.59,20.89
50,0,20.79,40.59,20.89
50,0,20.79,40.59,20.89
60,0,20.79,40.59,20.89
50,0,20.79,40.59,20.89
60,0,20.79,40.7,20.89
50,0,20.79,40.7,20.89
60,0,20.79,40.7,20.89
50,0,20.73,40.7,20.89
50,0,20.73,40.7,20.89
40,0,20.7,40.79,20.89
50,0,20.7,40.79,20.89
40,0,20.7,40.79,20.89
60,0,20.7,40.79,20.89
50,0,20.7,40.79,20.89
60,0,20.7,40.79,20.89
50,0,20.7,40.79,20.89
70,0,20.7,40.79,20.89
70,0,20.7,40.79,20.89
70,0,20.7,40.8633333333,20.89
100,0,20.7,41.1566666667,20.89
60,10,20.7,41.3633333333,20.9633333333
60,0,20.7,41.4,20.89
70,30,20.76,41.1266666667,20.89
90,20,20.7,41.0,20.89
70,30,20.7675,40.95,20.89
180,30,20.8566666667,41.1333333333,20.89
210,20,20.89,41.2,20.89
130,30,20.9633333333,41.2,20.8233333333
80,20,21.0,41.2,20.89
80,20,21.0666666667,41.3333333333,20.9633333333
80,0,21.1333333333,41.3266666667,20.9633333333
70,0,21.2,41.4666666667,21.1
90,0,21.29,41.56,21.1
60,0,21.29,41.4333333333,21.1
60,10,21.29,41.4,21.0
80,0,21.29,41.3266666667,21.0
80,0,21.3233333333,41.2,21.0
70,0,21.39,41.2,21.0
60,0,21.39,41.1266666667,21.0
90,10,21.39,41.26,21.0
100,0,21.39,41.2,21.0
80,0,21.39,41.3333333333,21.0
100,20,21.5333333333,41.7666666667,21.0
90,20,21.6,42.29,21.0
70,0,21.6,42.3633333333,21.0
70,0,21.6,42.59,21.0
60,0,21.6,42.39,21.0
60,0,21.5333333333,41.99,20.9266666667
60,0,21.5333333333,41.5966666667,20.9266666667
60,10,21.5,41.2233333333,20.9266666667
140,0,21.5,40.9633333333,20.945
120,0,21.4633333333,40.9,20.9266666667
90,10,21.39,40.8266666667,20.9266666667
110,0,21.39,40.6333333333,20.89
100,20,21.39,40.4333333333,20.89
110,20,21.39,40.4,20.8566666667
90,30,21.39,40.4,20.8566666667
100,20,21.39,40.5,20.84
110,20,21.39,40.5,20.8566666667
110,30,21.5,40.6566666667,20.8566666667
110,20,21.5,40.79,20.79
110,20,21.5666666667,40.73,20.8566666667
120,20,21.6,40.7,20.79
100,20,21.6,40.645,20.79
120,0,21.6,40.73,20.79
100,10,21.6666666667,40.93,20.79
100,0,21.6,40.8333333333,20.79
90,0,21.6,40.6266666667,20.79
90,0,21.6,40.59,20.79
80,0,21.6,40.59,20.79
90,0,21.5666666667,40.59,20.79
70,0,21.5,40.59,20.79
110,0,21.5,40.59,20.79
70,0,21.4266666667,40.53,20.79
90,0,21.4633333333,40.59,20.73
100,0,21.39,40.59,20.79
90,0,21.39,40.7666666667,20.76
110,0,21.39,40.9,20.76
150,0,21.3566666667,41.0,20.73
130,0,21.29,41.06,20.79
110,0,21.34,41.245,20.7
100,0,21.39,41.4333333333,20.7
90,0,21.39,41.36,20.73
100,0,21.3233333333,41.09,20.79
240,0,21.3233333333,40.9633333333,20.7
470,0,21.3566666667,40.7,20.7
100,0,21.29,40.5666666667,20.7
100,0,21.29,40.3333333333,20.7
420,0,21.29,40.0666666667,20.7
320,10,21.29,40.0,20.7
100,10,21.29,40.0,20.7
110,10,21.2,39.79,20.7
150,20,21.2,39.73,20.6333333333
160,30,21.2,39.8266666667,20.7
140,20,21.2,39.9666666667,20.7
130,30,21.29,40.29,20.6
130,20,21.29,40.29,20.6
130,30,21.29,40.23,20.6
110,20,21.29,40.3633333333,20.6
120,30,21.39,40.495,20.6
130,20,21.4266666667,40.26,20.5333333333
130,30,21.4266666667,40.1266666667,20.5666666667
110,10,21.4266666667,40.0,20.5
80,10,21.5,40.0,20.5
30,0,21.5,39.9,20.5
50,0,21.5,39.8266666667,20.39
40,0,21.5,39.79,20.4633333333
60,0,21.5,39.73,20.4633333333
50,0,21.39,39.59,20.39
50,0,21.39,39.59,20.39
50,0,21.39,39.59,20.4266666667
50,10,21.3233333333,39.59,20.5
50,0,21.29,39.59,20.5
50,0,21.29,39.59,20.5
60,0,21.29,39.59,20.4266666667
50,0,21.29,39.59,20.4266666667
70,0,21.2,39.5,20.4266666667
50,0,21.2,39.5,20.5
60,0,21.2,39.5,20.5
40,0,21.1666666667,39.59,20.5
60,0,21.1,39.59,20.5
50,0,21.1,39.53,20.5
60,0,21.1,39.59,20.5
50,0,21.1,39.59,20.5
60,0,21.1,39.59,20.5
60,0,21.0,39.5,20.5
50,0,21.0,39.5,20.5333333333
60,0,21.0,39.5,20.55
40,0,21.0,39.5,20.5333333333
50,0,21.0,39.5,20.5
50,0,21.0,39.5,20.5666666667
50,0,20.89,39.4,20.5333333333
60,0,20.89,39.4,20.5333333333
60,0,20.89,39.4,20.5
60,0,20.89,39.4,20.5
50,0,20.89,39.3633333333,20.6
60,0,20.89,39.29,20.6
50,0,20.84,39.29,20.5
50,0,20.79,39.2,20.5666666667
50,0,20.79,39.2,20.5333333333
50,0,20.79,39.2,20.6
50,0,20.79,39.2,20.5333333333
50,0,20.79,39.1633333333,20.6
30,0,20.79,39.09,20.6
40,0,20.76,39.09,20.6
30,0,20.7,39.09,20.6
50,0,20.76,39.09,20.6
50,0,20.7,39.09,20.5333333333
50,0,20.7,39.06,20.5666666667
60,0,20.6333333333,38.9333333333,20.5666666667
50,0,20.7,39.0,20.5
60,0,20.6333333333,38.9333333333,20.5
50,0,20.6,38.9,20.5666666667
60,0,20.6,38.8266666667,20.5
50,0,20.6,38.9,20.5
60,0,20.6,38.8266666667,20.5
40,0,20.6,38.79,20.5
50,0,20.6,38.79,20.5
50,0,20.6,38.79,20.5
50,0,20.5666666667,38.79,20.5
60,0,20.5,38.79,20.5
70,0,20.5,38.79,20.5
120,0,20.5,38.79,20.5
70,0,20.5,39.06,20.5
90,0,20.5,38.9333333333,20.5
60,0,20.5,38.8333333333,20.5
70,10,20.5,38.76,20.5
80,10,20.5,38.9666666667,20.5
290,0,20.5,38.9666666667,20.5
70,0,20.5,38.8266666667,20.5
400,0,20.5666666667,38.9,20.5666666667
70,0,20.5,38.9,20.8966666667
200,0,20.5666666667,38.9666666667,21.5633333333
220,0,20.6,39.0,21.89
40,0,20.6,39.06,21.89
40,0,20.7,39.09,21.6333333333
40,0,20.7675,39.09,21.4266666667
60,0,20.79,39.09,21.2
210,0,20.89,39.09,21.1333333333
390,0,20.9633333333,39.09,21.0
100,0,21.0,39.03,20.9266666667
50,0,21.0666666667,39.09,21.0
50,0,21.1,39.06,20.9266666667
40,0,21.1,39.06,20.89
50,0,21.2,39.0,20.8233333333
40,0,21.2,39.0,20.89
50,0,21.23,39.0,20.8566666667
60,0,21.23,39.0,20.8566666667
50,0,21.29,39.0,20.8233333333
50,0,21.29,39.0,20.8233333333
60,0,21.39,38.9,20.8566666667
50,0,21.39,38.9,20.8566666667
50,0,21.4266666667,38.9,20.8566666667
40,0,21.4266666667,38.8266666667,20.79
50,0,21.5,38.8633333333,20.8233333333
50,0,21.5,38.7675,20.8233333333
50,0,21.5,38.7,20.79
50,0,21.5,38.73,20.79
30,0,21.5666666667,38.73,20.79
30,0,21.5666666667,38.6633333333,20.79
30,0,21.5,38.59,20.79
40,0,21.5,38.59,20.79
50,0,21.5,38.59,20.79
50,0,21.5,38.59,20.79
60,0,21.5,38.59,20.79
60,0,21.5333333333,38.56,20.79
50,0,21.6,38.4333333333,20.79
50,0,21.6,38.3633333333,20.79
50,0,21.6,38.29,20.79
50,0,21.6,38.29,20.79
50,0,21.6,38.29,20.79
50,0,21.6,38.2,20.8566666667
40,0,21.6,38.1266666667,20.79
60,0,21.5666666667,38.2,20.79
60,0,21.5,38.2,20.79
50,0,21.5666666667,38.2,20.79
50,0,21.5,38.09,20.79
50,0,21.5666666667,38.03,20.79
50,0,21.6,38.0,20.79
50,0,21.5333333333,38.0,20.8233333333
40,0,21.5,37.9,20.8233333333
50,0,21.5,37.9,20.79
50,0,21.5,37.79,20.79
50,0,21.5,37.79,20.79
60,0,21.4633333333,37.79,20.79
50,0,21.4633333333,37.79,20.79
50,0,21.39,37.6633333333,20.79
40,0,21.39,37.53,20.79
50,0,21.39,37.4666666667,20.79
40,0,21.39,37.3266666667,20.79
50,0,21.39,37.3633333333,20.73
50,0,21.3233333333,37.29,20.79
50,0,21.3566666667,37.26,20.73
60,0,21.29,37.095,20.73
90,0,21.29,37.0,20.7
90,0,21.29,36.8633333333,20.7
90,0,21.23,36.6566666667,20.7
110,0,21.2,36.4666666667,20.7
110,20,21.2,36.4,20.7
130,20,21.2,36.4,20.7
140,30,21.2,36.6,20.7
110,0,21.2,36.9633333333,20.7
120,0,21.2,37.09,20.6
130,0,21.2,37.09,20.6
120,0,21.2,37.1633333333,20.6
120,0,21.2,37.2,20.6
120,0,21.2,37.26,20.6
120,0,21.2,37.29,20.6
110,0,21.2,37.3633333333,20.6
80,0,21.1666666667,37.4,20.5666666667
70,0,21.1,37.4666666667,20.5
70,10,21.1,37.53,20.5
70,0,21.1,37.53,20.5
70,0,21.1,37.5,20.5
70,0,21.1,37.53,20.5666666667
50,0,21.1,37.7233333333,20.5333333333
50,10,21.1,37.8266666667,20.6
50,0,21.0333333333,37.8266666667,20.6
50,0,21.0,37.9,20.6
50,0,21.0,37.9,20.6
60,0,21.0,38.0,20.6
40,0,21.0,38.0,20.6
30,0,20.89,38.03,20.6
20,0,20.89,38.09,20.6
30,0,20.89,38.1266666667,20.6
70,0,20.89,38.2,20.6
50,0,20.89,38.2,20.6
60,0,20.89,38.26,20.6
60,0,20.8566666667,38.3333333333,20.6
60,0,20.79,38.26,20.6
50,0,20.79,38.29,20.6
50,0,20.79,38.29,20.6
50,0,20.79,38.4,20.6
40,0,20.79,38.4,20.6
60,0,20.79,38.4,20.6
50,0,20.79,38.4,20.6
60,0,20.79,38.4666666667,20.6
60,0,20.7,38.5,20.6
60,0,20.76,38.5,20.6
50,0,20.7,38.5,20.6
50,0,20.7,38.5,20.6
50,0,20.7,38.59,20.6
50,0,20.7,38.53,20.6
50,0,20.7,38.59,20.6
50,0,20.6333333333,38.53,20.6
60,0,20.6,38.5,20.6
60,0,20.6,38.5,20.6
50,0,20.6,38.5,20.6
50,0,20.6,38.5,20.6
60,0,20.6,38.5,20.6
50,0,20.6,38.5,20.6
40,0,20.6,38.5,20.6
40,0,20.6,38.53,20.6
40,0,20.5333333333,38.59,20.6
30,0,20.5666666667,38.59,20.6
40,0,20.5,38.59,20.6
50,0,20.5,38.59,20.6
60,0,20.5,38.59,20.6
50,0,20.5,38.59,20.6
50,0,20.5,38.59,20.6
50,0,20.5,38.59,20.6
50,0,20.4266666667,38.53,20.6
60,0,20.39,38.4333333333,20.6
60,0,20.39,38.4333333333,20.6
50,0,20.39,38.4,20.6
50,0,20.39,38.4,20.6
60,0,20.39,38.4,20.5333333333
50,0,20.39,38.4,20.6
50,0,20.39,38.5,20.6
50,0,20.39,38.5,20.6
80,0,20.39,38.5,20.6
110,0,20.3566666667,38.5,20.6
60,0,20.29,38.5,20.6
50,0,20.3566666667,38.5,20.6
60,0,20.3566666667,38.56,20.6
40,10,20.29,38.59,20.6
60,0,20.3566666667,38.6633333333,20.6
60,0,20.29,38.7,20.6
240,0,20.29,38.7,20.6333333333
330,0,20.39,38.79,20.745
80,0,20.39,38.79,20.7
50,0,20.39,38.7,20.7
90,0,20.39,38.76,20.7
100,0,20.39,38.7233333333,20.7
70,0,20.39,38.59,20.7
110,0,20.4266666667,38.6266666667,20.6666666667
100,0,20.5,38.7,20.6666666667
110,0,20.5,38.8266666667,20.6
190,0,20.5,38.9666666667,20.6
480,0,20.6,39.19,20.6
440,0,20.7,39.5666666667,20.6
280,0,20.76,39.6266666667,20.7
140,0,20.8233333333,39.6266666667,20.7
100,0,20.89,39.7,20.73
120,0,20.89,39.6633333333,20.79
160,0,20.89,39.4633333333,20.79
90,0,20.89,39.26,20.73
100,0,20.89,39.1266666667,20.73
190,0,20.89,38.9666666667,20.7225
130,0,20.89,38.8266666667,20.7
100,0,20.89,38.76,20.7
200,0,20.89,38.7,20.7
400,0,20.89,38.6633333333,20.7
190,0,20.89,38.6633333333,20.7
150,0,20.8566666667,38.6633333333,20.7
130,0,20.79,38.59,20.7
110,10,20.79,38.59,20.7
140,0,20.79,38.59,20.7
110,0,20.84,38.645,20.7
110,0,20.79,38.5,20.7
80,0,20.79,38.5,20.6333333333
70,0,20.79,38.4666666667,20.7
80,0,20.8566666667,38.4666666667,20.7
90,0,20.8566666667,38.43,20.7
100,0,20.79,38.23,20.6666666667
100,10,20.8566666667,38.06,20.6
140,0,20.79,37.9333333333,20.7
720,0,20.79,37.9,20.625
640,0,20.79,37.9,20.6
330,0,20.79,37.9,20.6
300,0,20.79,37.9,20.6
300,0,20.79,38.045,20.6
280,0,20.79,38.1633333333,20.6
330,10,20.79,38.3266666667,20.6
270,0,20.79,38.6,20.6
260,10,20.89,39.03,20.7
480,0,20.89,39.1633333333,20.7
330,0,20.945,39.245,20.7
300,10,21.0,39.29,20.7
440,0,21.0666666667,39.29,20.6
440,10,21.1,39.2233333333,20.6666666667
760,0,21.1,38.9633333333,20.6
710,10,21.1,38.6633333333,20.6
390,20,21.1,38.8633333333,20.6
120,10,21.1333333333,39.53,20.6
140,10,21.2,39.73,20.6
130,0,21.2,39.4666666667,20.6
140,10,21.2,39.4,20.6
190,30,21.2,39.7666666667,20.6
150,20,21.2,39.8266666667,20.6
140,10,21.23,39.9566666667,20.6
140,0,21.29,40.29,20.5333333333
130,0,21.29,40.1266666667,20.5
130,0,21.29,40.1266666667,20.5
130,0,21.29,39.8333333333,20.4633333333
150,0,21.29,39.6266666667,20.39
120,0,21.2,39.345,20.39
130,0,21.1666666667,39.2,20.39
120,0,21.1,39.1266666667,20.29
120,0,21.1,39.06,20.29
130,0,21.1,39.0,20.29
90,0,21.0,38.8633333333,20.23
70,10,21.0,38.79,20.2
60,10,21.0,38.73,20.2
60,0,21.0,38.79,20.2
40,10,21.0,38.79,20.2
60,0,21.0,38.8633333333,20.26
40,0,20.9633333333,38.9,20.29
50,0,20.89,38.9,20.29
60,0,20.89,39.0,20.29
40,0,20.89,39.0,20.29
40,10,20.89,39.06,20.29
40,0,20.8233333333,39.0,20.29
40,0,20.79,39.0,20.29
40,0,20.79,39.0,20.29
40,0,20.79,39.0,20.29
50,0,20.79,39.03,20.29
40,0,20.79,39.03,20.3233333333
50,10,20.76,39.0,20.39
50,0,20.76,39.0,20.39
60,0,20.7,39.0,20.39
50,0,20.7,39.0,20.39
50,0,20.7,39.0,20.39
50,0,20.7,39.0,20.39
50,0,20.6666666667,38.9666666667,20.39
50,0,20.6,38.9,20.39
40,0,20.6,38.9,20.39
50,10,20.6,38.9,20.39
50,0,20.6,38.79,20.39
60,0,20.6,38.79,20.39
60,0,20.6,38.79,20.39
40,0,20.6,38.79,20.39
60,0,20.5,38.76,20.39
50,0,20.5,38.76,20.4633333333
50,0,20.5,38.7,20.39
50,0,20.5,38.7,20.4633333333
50,10,20.5,38.7,20.4633333333
50,0,20.5,38.59,20.39
50,0,20.4266666667,38.59,20.5
60,0,20.39,38.5,20.5
50,0,20.39,38.5,20.39
60,0,20.39,38.5,20.4633333333
50,0,20.39,38.4333333333,20.5
50,0,20.39,38.4,20.4266666667
40,0,20.39,38.4,20.39
50,0,20.39,38.4,20.39
50,0,20.3233333333,38.4,20.39
40,0,20.29,38.3633333333,20.4266666667
70,0,20.29,38.29,20.5
50,0,20.29,38.29,20.39
50,0,20.29,38.29,20.39
60,0,20.29,38.26,20.39
50,0,20.23,38.1266666667,20.39
50,0,20.245,38.145,20.39
40,0,20.2,38.09,20.39
50,0,20.2,38.03,20.39
50,0,20.2,38.0,20.39
40,0,20.2,38.0,20.39
50,0,20.2,38.0,20.39
60,0,20.2,38.0,20.39
50,0,20.2,38.0,20.39
60,0,20.1333333333,38.0,20.39
40,0,20.1,38.0,20.39
30,0,20.1,38.0,20.39
70,0,20.1,38.0,20.39
40,0,20.1,38.1333333333,20.4633333333
50,0,20.1,38.29,20.5
50,0,20.1,38.3633333333,20.4266666667
60,0,20.1,38.5,20.5
210,0,20.1666666667,38.56,20.5
320,0,20.1,38.56,20.5333333333
70,0,20.1666666667,38.5,20.6
110,0,20.15,38.4,20.6
130,0,20.2,38.29,20.6
70,0,20.2,38.29,20.5666666667
60,0,20.2,38.29,20.5
70,0,20.2,38.23,20.5
70,0,20.2,38.2,20.5
70,0,20.2,38.2,20.5
60,0,20.2,38.3266666667,20.5
70,0,20.2,38.4,20.5
230,0,20.23,38.6333333333,20.5
390,0,20.29,38.9666666667,20.5
100,0,20.3233333333,39.0,20.4633333333
70,0,20.39,38.9333333333,20.4633333333
80,0,20.39,38.79,20.5
70,0,20.39,38.73,20.5
80,0,20.5,38.59,20.4633333333
80,0,20.5,38.53,20.4633333333
70,0,20.5,38.4,20.5
80,0,20.5,38.3266666667,20.5
80,0,20.6,38.145,20.5
100,0,20.6,38.06,20.5
110,10,20.6,37.9333333333,20.5
100,0,20.6333333333,37.79,20.5
100,0,20.7,37.73,20.5
90,0,20.7,37.56,20.5
100,0,20.76,37.5,20.5
90,0,20.79,37.4,20.5
90,0,20.79,37.3266666667,20.5666666667
190,0,20.79,37.2,20.5666666667
370,0,20.79,37.1266666667,20.6
280,0,20.89,37.1633333333,20.5333333333
130,0,20.89,37.09,20.6
120,0,20.89,36.9666666667,20.6
100,0,20.9633333333,36.8266666667,20.6
120,0,20.9266666667,36.76,20.6
120,0,20.9266666667,36.6266666667,20.6
110,0,20.9266666667,36.5,20.5333333333
110,0,21.0,36.4333333333,20.5333333333
110,0,21.0,36.245,20.5
120,0,21.0,36.2,20.5
120,0,21.0,36.2,20.5
160,0,21.0,36.1633333333,20.5
360,0,21.0,36.09,20.39
410,0,21.0,36.06,20.39
520,0,21.0,36.0,20.4266666667
430,0,21.0,36.09,20.5
270,0,21.0,36.09,20.5
190,0,21.0,36.09,20.5
170,0,21.0,36.09,20.5
140,0,20.9633333333,36.09,20.39
150,0,20.89,36.03,20.39
110,0,20.89,36.0,20.39
100,0,20.89,35.9333333333,20.39
100,0,20.89,35.8633333333,20.29
90,0,20.89,35.79,20.29
100,0,20.89,35.79,20.29
170,0,20.8233333333,35.73,20.23
250,10,20.79,35.59,20.2
410,0,20.79,35.59,20.2
460,10,20.79,35.59,20.2
340,10,20.79,35.6266666667,20.1333333333
110,0,20.79,35.76,20.0666666667
120,10,20.79,35.9,20.0
130,10,20.79,35.9666666667,20.0
110,10,20.7,36.1566666667,20.0
80,10,20.7,36.3633333333,19.89
90,10,20.7,36.5666666667,19.89
80,10,20.7,36.8333333333,19.89
90,0,20.7,37.03,19.89
90,10,20.7,37.2233333333,19.89
90,10,20.7,37.4333333333,19.9633333333
90,10,20.7,37.56,19.9633333333
90,10,20.7,37.8266666667,19.9633333333
80,0,20.7,37.9666666667,19.89
80,10,20.6666666667,38.09,19.9266666667
90,10,20.6,38.09,20.0
80,10,20.6,38.2,19.9633333333
80,0,20.6,38.29,19.89
80,10,20.6,38.29,19.89
50,0,20.6,38.4,19.9633333333
60,0,20.6,38.4,20.0
50,0,20.6,38.4,20.0
40,0,20.6,38.4666666667,20.0
30,0,20.6,38.4,20.0
40,0,20.6,38.4666666667,20.0
50,0,20.5666666667,38.5,20.0
50,0,20.5666666667,38.5,20.0
50,0,20.5666666667,38.5,20.0666666667
60,0,20.5,38.5,20.0666666667
60,0,20.5666666667,38.53,20.1
60,0,20.5,38.59,20.1
60,0,20.5,38.59,20.1
40,0,20.5,38.59,20.1
60,0,20.5,38.59,20.1
40,0,20.5,38.59,20.1
50,0,20.39,38.59,20.1
50,0,20.4175,38.6175,20.1
50,0,20.4266666667,38.6266666667,20.1333333333
50,0,20.39,38.59,20.1333333333
50,0,20.39,38.59,20.1666666667
60,0,20.39,38.59,20.1666666667
60,0,20.39,38.59,20.1333333333
60,0,20.39,38.59,20.2
50,0,20.39,38.59,20.2
50,0,20.39,38.59,20.2
50,0,20.39,38.59,20.2
40,0,20.3566666667,38.59,20.2
60,0,20.29,38.59,20.2
60,0,20.29,38.59,20.2
60,0,20.29,38.53,20.2
60,0,20.29,38.5,20.2
50,0,20.29,38.5,20.2
50,0,20.26,38.4666666667,20.2
50,0,20.26,38.4666666667,20.2
50,0,20.29,38.5,20.2
50,0,20.2,38.3633333333,20.2
60,0,20.26,38.3633333333,20.2
40,0,20.2,38.29,20.2
40,0,20.2,38.29,20.2
30,0,20.2,38.2,20.2
30,0,20.2,38.1266666667,20.2
40,0,20.2,38.1633333333,20.2
60,0,20.1333333333,38.09,20.2
50,0,20.1,38.0,20.2
50,0,20.1,38.0,20.2
60,0,20.1,38.0,20.2
50,0,20.1,38.0,20.2
60,0,20.1,37.9,20.2
50,0,20.1,37.9,20.2
60,0,20.1,37.9,20.2
50,0,20.1,37.9,20.2
50,0,20.1,37.79,20.2
50,0,20.1,37.79,20.2
40,0,20.0,37.59,20.2
60,0,20.0,37.59,20.2
60,0,20.0,37.59,20.2
50,0,20.0,37.59,20.2
70,0,20.0,37.59,20.26
60,0,20.0,37.59,20.26
90,0,20.0,37.59,20.29
90,10,20.0,37.6266666667,20.3566666667
50,0,20.0,37.76,20.6666666667
50,0,20.0,37.9,21.7333333333
190,0,20.0666666667,38.0266666667,22.86
260,0,20.2,38.33,23.3475
140,10,20.3266666667,38.7966666667,22.99
70,0,20.46,39.23,22.26
70,0,20.6,39.29,21.86
70,0,20.73,39.29,21.5666666667
70,0,20.8566666667,39.29,21.36
80,0,21.0,39.1633333333,21.26
70,0,21.0666666667,39.09,21.1333333333
80,0,21.245,39.0,21.0666666667
100,0,21.3233333333,38.8633333333,21.0
100,10,21.39,38.5966666667,21.0
350,0,21.4266666667,38.5666666667,20.9266666667
400,0,21.5,38.7,20.89
60,0,21.5333333333,38.6633333333,20.89
50,0,21.6,38.4633333333,20.89
60,0,21.7,38.1633333333,20.89
60,0,21.76,38.03,20.79
60,0,21.79,37.8333333333,20.79
60,0,21.79,37.6266666667,20.79
60,10,21.79,37.4666666667,20.79
60,0,21.8566666667,37.4666666667,20.79
60,0,21.79,37.26,20.79
50,0,21.8566666667,37.26,20.79
60,0,21.89,37.26,20.79
50,0,21.89,37.1266666667,20.73
60,0,21.89,37.09,20.79
60,0,21.89,37.03,20.79
60,0,21.89,37.06,20.76
70,10,21.89,36.975,20.76
60,0,21.89,36.9,20.7
60,0,21.89,36.79,20.76
60,0,21.89,36.79,20.73
60,0,21.9266666667,36.76,20.73
50,0,22.0,36.7,20.79
60,0,21.9633333333,36.7,20.79
60,0,21.9633333333,36.7,20.76
50,0,22.0,36.7,20.76
50,0,22.0,36.7,20.79
40,10,22.0,36.79,20.79
50,0,22.0,36.79,20.79
40,0,22.0666666667,36.8633333333,20.79
60,0,22.0666666667,36.93,20.79
60,0,22.1,36.9333333333,20.79
50,0,22.1,37.0,20.79
60,0,22.1,36.9666666667,20.79
50,0,22.1,36.9,20.79
70,0,22.1,37.0,20.79
60,0,22.1,36.975,20.8566666667
50,0,22.1,36.9,20.79
70,0,22.1,36.79,20.79
60,0,22.1,36.79,20.8566666667
90,10,22.1,36.73,20.8566666667
90,0,22.1,36.93,20.79
110,0,22.1,37.3,20.8566666667
100,0,22.1,37.6333333333,20.89
110,0,22.1333333333,37.9633333333,20.8233333333
120,0,22.2,38.2233333333,20.79
200,0,22.2,38.7,20.79
170,10,22.2,38.76,20.8566666667
140,0,22.26,38.9,20.8566666667
120,0,22.2,38.9,20.8566666667
130,0,22.2,38.9,20.89
130,0,22.2,38.9,20.89
120,0,22.2,38.9,20.89
120,0,22.1333333333,38.9,20.89
120,10,22.1,38.8633333333,20.8566666667
130,0,22.1,38.79,20.79
120,0,22.1,38.79,20.79
90,10,22.0,38.7,20.79
110,0,21.9266666667,38.7,20.79
90,0,21.9266666667,38.7,20.79
100,0,22.0,38.76,20.79
100,0,21.89,38.8266666667,20.79
90,0,21.89,38.9,20.79
110,0,21.89,39.0,20.73
80,0,21.8233333333,39.0,20.76
80,0,21.89,39.0,20.7
80,0,21.8233333333,38.9333333333,20.7
70,0,21.79,38.9,20.7
60,0,21.79,38.9,20.7
40,0,21.79,38.8633333333,20.7
50,0,21.73,38.79,20.7
50,0,21.7,38.79,20.7
40,0,21.7,38.73,20.7
40,10,21.7,38.7,20.7
40,0,21.65,38.6175,20.7
30,0,21.6333333333,38.53,20.76
60,0,21.6,38.5,20.7
60,0,21.6,38.5,20.79
50,0,21.6,38.5,20.79
60,0,21.5333333333,38.4333333333,20.7
50,0,21.5,38.4,20.7
50,0,21.5,38.4666666667,20.79
40,0,21.5,38.5,20.79
50,0,21.5,38.5,20.76
60,0,21.5,38.5,20.7
60,0,21.5,38.5,20.7
60,0,21.5,38.5,20.73
50,0,21.5,38.5,20.79
50,0,21.39,38.4,20.79
40,0,21.39,38.4,20.73
50,0,21.39,38.4,20.79
50,0,21.39,38.4,20.79
40,0,21.3566666667,38.4,20.79
60,0,21.3566666667,38.4,20.79
60,0,21.34,38.4,20.76
60,0,21.29,38.4,20.76
60,0,21.29,38.4,20.79
60,0,21.29,38.4,20.79
50,0,21.29,38.3266666667,20.79
50,0,21.29,38.29,20.79
50,0,21.29,38.29,20.76
50,0,21.29,38.29,20.76
50,0,21.29,38.29,20.79
60,0,21.29,38.29,20.79
60,0,21.23,38.23,20.79
60,0,21.2,38.2,20.79
50,0,21.2,38.2,20.79
50,0,21.2,38.2,20.79
50,0,21.2,38.2,20.79
40,0,21.2,38.2,20.79
80,0,21.2,38.2,20.79
70,0,21.1,38.2,20.79
50,0,21.1666666667,38.2,20.79
70,0,21.15,38.2,20.79
50,0,21.1,38.3266666667,20.79
70,0,21.1,38.4666666667,20.79
110,10,21.1,38.59,20.79
50,10,21.1,38.7233333333,20.79
40,0,21.2,38.6633333333,20.79
20,0,21.1333333333,38.53,20.79
40,0,21.1,38.3633333333,20.79
20,0,21.1,38.29,20.79
60,0,21.1,38.2,20.73
60,0,21.1,38.2,20.7
50,0,21.1,38.09,20.7
60,0,21.1,38.09,20.7
50,0,21.1,38.0,20.76
50,0,21.1,38.0,20.76
50,0,21.1,38.0,20.76
50,0,21.1,37.9333333333,20.7
50,0,21.1,37.9,20.9933333333
50,0,21.1,37.9,21.9933333333
60,0,21.15,38.0,23.13
50,0,21.3233333333,38.09,23.6566666667
60,0,21.4633333333,38.09,23.2233333333
50,0,21.5333333333,38.09,22.6966666667
50,0,21.6666666667,38.1633333333,22.2266666667
50,0,21.8233333333,38.1266666667,21.96
50,0,21.89,38.1266666667,21.7
70,0,21.9266666667,38.0,21.6333333333
60,0,22.0,38.0,21.4633333333
80,0,22.1,38.06,21.39
80,0,22.1,37.9333333333,21.3566666667
100,0,22.1,37.9,21.29
100,0,22.1666666667,37.9,21.29
90,0,22.2,37.76,21.2
90,0,22.2,37.6266666667,21.2
90,0,22.29,37.6633333333,21.2
90,0,22.29,37.59,21.2
90,0,22.29,37.59,21.1
110,0,22.29,37.59,21.1
100,0,22.29,37.59,21.1
100,0,22.29,37.6266666667,21.1
80,0,22.29,37.7,21.1
70,0,22.3233333333,37.79,21.1
70,0,22.39,37.79,21.1
70,0,22.39,37.8266666667,21.1
80,0,22.39,37.9,21.1
60,0,22.39,37.9,21.1
90,0,22.39,37.9666666667,21.0333333333
80,0,22.29,38.0,21.1
80,0,22.29,38.06,21.0
80,0,22.29,38.09,21.0
90,0,22.29,38.1633333333,21.0
70,0,22.29,38.23,21.0
60,0,22.29,38.3633333333,21.0
90,0,22.2,38.3266666667,21.0
90,0,22.2,38.4666666667,21.0
90,0,22.2,38.6566666667,21.0
80,0,22.2,38.8633333333,21.0
80,0,22.1666666667,39.1266666667,20.9266666667
90,0,22.1,39.375,20.9266666667
90,0,22.1,39.56,21.0
90,0,22.1,39.73,21.0
80,0,22.1,39.8633333333,21.0
90,0,22.1,40.0,21.0
80,0,22.1,40.0,20.9633333333
90,0,22.1,40.03,20.9633333333
90,0,22.1,40.1633333333,20.9266666667
90,0,22.1,40.2,21.0
100,0,22.1,40.26,20.9266666667
80,0,22.1,40.29,20.9725
80,0,22.1,40.3633333333,20.9633333333
80,0,22.1,40.4,21.0
310,0,22.1,40.4666666667,21.0
360,0,22.1,40.5,21.0
370,0,22.1,40.56,21.0
130,0,22.1,40.89,21.0
90,0,22.1666666667,41.03,21.0
110,0,22.1666666667,41.2666666667,21.0
110,0,22.125,41.57,21.0
100,0,22.2,41.76,21.0
100,10,22.2,41.9,21.0
90,0,22.1333333333,41.9666666667,21.0
130,10,22.1,42.0,21.0
140,30,22.1,42.0,21.0
110,20,22.1333333333,42.6333333333,21.0
110,30,22.2,42.9666666667,20.9633333333
120,20,22.23,43.2666666667,20.9633333333
120,20,22.29,43.4,20.89
100,20,22.3233333333,43.3333333333,20.9175
120,30,22.39,43.0666666667,20.9266666667
100,10,22.39,42.8633333333,20.89
110,0,22.4633333333,42.79,20.8233333333
110,20,22.5,42.6,20.89
100,20,22.5,42.3266666667,20.8233333333
100,20,22.5,42.26,20.79
60,30,22.5,42.1266666667,20.79
80,20,22.5333333333,42.09,20.79
60,20,22.6,42.09,20.73
70,20,22.6666666667,42.09,20.7
70,20,22.7,42.06,20.7
50,30,22.7,42.0,20.79
60,20,22.7,42.0,20.79
60,20,22.7,42.0,20.79
70,20,22.7,41.9666666667,20.79
60,20,22.76,41.9,20.79
70,10,22.79,41.9,20.79
60,0,22.79,41.8266666667,20.79
60,0,22.79,41.6333333333,20.79
50,0,22.73,41.36,20.79
60,0,22.7,41.1633333333,20.79
50,0,22.6333333333,40.9633333333,20.79
50,0,22.6,40.79,20.79
50,0,22.6,40.73,20.79
50,0,22.5,40.59,20.79
60,0,22.5,40.59,20.79
60,0,22.39,40.4,20.79
50,0,22.39,40.3266666667,20.79
60,0,22.34,40.245,20.79
50,0,22.29,40.2,20.79
50,0,22.29,40.1266666667,20.79
50,0,22.26,40.06,20.79
50,0,22.2,40.0,20.79
50,0,22.2,40.0,20.79
40,0,22.2,40.0,20.79
50,0,22.1666666667,39.9,20.79
60,0,22.1,39.9,20.79
50,0,22.1,39.8633333333,20.79
60,0,22.1,39.79,20.79
50,0,22.1,39.79,20.79
60,0,22.0333333333,39.73,20.79
50,0,22.0,39.7,20.79
50,0,22.0,39.7,20.79
50,0,22.0,39.7,20.8233333333
50,0,21.9266666667,39.7,20.8233333333
60,0,21.9633333333,39.6266666667,20.8233333333
60,0,21.89,39.7,20.8233333333
50,0,21.89,39.7,20.8566666667
60,0,21.89,39.6633333333,20.79
60,0,21.89,39.6633333333,20.8233333333
40,0,21.8566666667,39.56,20.8233333333
50,0,21.79,39.56,20.89
50,0,21.79,39.59,20.8233333333
80,0,21.79,39.59,20.79
60,10,21.79,39.59,20.8566666667
40,0,21.79,39.6633333333,20.8233333333
40,0,21.7,39.8266666667,20.89
40,10,21.7,39.9666666667,20.79
50,0,21.7,40.09,20.8233333333
70,10,21.7,40.1633333333,20.89
70,0,21.7,40.29,20.79
60,10,21.7,40.29,20.79
50,0,21.7,40.2,20.79
50,0,21.7,40.1266666667,20.79
70,10,21.7,40.09,20.79
70,0,21.7,40.09,20.79
70,0,21.7,40.29,20.79
80,10,21.7,40.5,20.79
80,0,21.7,40.56,20.79
60,30,21.7,40.26,20.79
70,10,21.7,40.26,20.79
70,0,21.73,40.29,20.79
70,0,21.79,40.0966666667,20.79
50,0,21.6666666667,39.4333333333,20.93
70,0,21.6666666667,39.5,21.93
60,0,21.73,39.59,23.2633333333
60,0,21.8566666667,39.7233333333,23.84
70,0,22.0333333333,39.73,23.26
60,0,22.2266666667,39.79,22.7333333333
50,0,22.4266666667,39.79,22.3266666667
60,0,22.5666666667,39.79,22.0666666667
50,0,22.73,39.76,21.8566666667
50,0,22.8566666667,39.7,21.73
70,0,23.0333333333,39.7,21.6666666667
60,0,23.1,39.6266666667,21.6
70,0,23.23,39.5,21.5666666667
50,0,23.315,39.3975,21.5
60,0,23.39,39.29,21.5
60,0,23.39,39.1633333333,21.5
50,0,23.4633333333,39.1633333333,21.39
60,0,23.5,39.2,21.39
40,0,23.5,39.1266666667,21.3566666667
40,0,23.6,39.06,21.3566666667
40,0,23.6,39.0,21.29
50,0,23.7,39.06,21.3566666667
60,0,23.7,39.0,21.29
60,0,23.7,39.0,21.29
60,0,23.76,39.0,21.29
50,0,23.7,38.9,21.29
60,0,23.7,38.8266666667,21.29
70,0,23.7,38.7,21.29
60,0,23.6333333333,38.6266666667,21.29
60,0,23.6,38.59,21.29
70,0,23.6,38.53,21.29
60,0,23.6,38.53,21.23
60,0,23.5333333333,38.59,21.29
60,0,23.5,38.59,21.2
50,0,23.4633333333,38.6633333333,21.2
60,0,23.39,38.59,21.2
60,0,23.39,38.6266666667,21.2
60,0,23.39,38.7,21.2
60,0,23.3566666667,38.73,21.2
70,0,23.29,38.79,21.2
60,0,23.29,38.9,21.2
70,0,23.23,38.9,21.2
50,0,23.2,38.9,21.175
60,0,23.2,38.9,21.1
60,0,23.2,38.9,21.2
50,0,23.2,38.8266666667,21.1333333333
70,0,23.2,38.76,21.1666666667
60,0,23.2,38.7,21.1666666667
60,0,23.2,38.59,21.1333333333
70,0,23.2,38.53,21.1333333333
90,0,23.2,38.5,21.2
390,0,23.2,38.5,21.2
220,0,23.2,38.5,21.2
130,0,23.2,38.4666666667,21.2
470,0,23.2,38.4,21.2
620,0,23.2,38.4,21.2
770,0,23.2,38.3266666667,21.2
130,0,23.1666666667,38.26,21.2
140,0,23.1666666667,38.2,21.2
590,0,23.1666666667,38.2,21.2
750,0,23.1,38.2,21.2
450,0,23.1,38.23,21.2
370,0,23.1,38.29,21.2
300,0,23.1,38.3266666667,21.2
290,0,23.1,38.4,21.2
280,0,23.0666666667,38.26,21.2
180,0,23.0,38.1266666667,21.2
130,0,23.0,38.0,21.1666666667
130,0,23.0,37.9333333333,21.1666666667
500,0,23.0,37.9,21.1666666667
340,0,22.9266666667,37.8266666667,21.1
300,0,22.89,37.7,21.1
310,0,22.89,37.7,21.1
320,0,22.89,37.7,21.1
310,10,22.89,37.6633333333,21.1
260,0,22.8233333333,37.53,21.1
180,0,22.79,37.5,21.1
90,0,22.79,37.5,21.0
90,0,22.79,37.4,21.0
90,0,22.79,37.4,21.0
70,10,22.79,37.4,21.0
80,20,22.79,37.4666666667,21.0
70,20,22.79,37.89,21.0
60,20,22.79,38.09,21.0
60,20,22.79,38.23,21.0
70,20,22.8566666667,38.43,21.0
60,10,22.89,38.59,20.9633333333
60,20,22.89,38.6633333333,20.9633333333
60,20,22.9266666667,38.73,21.0
70,20,23.0,38.79,21.0
70,20,23.0,38.9,21.0
60,20,23.025,38.975,20.9266666667
70,10,23.1,39.0,21.0
60,10,23.1,39.1566666667,20.9266666667
70,0,23.1,39.0966666667,21.0
50,0,23.1,38.9,21.0
50,0,23.0333333333,38.7666666667,20.9633333333
50,0,23.0,38.59,20.89
50,0,23.0,38.53,20.9633333333
50,0,22.89,38.4666666667,20.9175
50,0,22.89,38.4,21.0
70,0,22.8566666667,38.3633333333,20.9266666667
50,0,22.79,38.29,21.0
50,0,22.79,38.2,20.9266666667
60,0,22.79,38.2,20.9266666667
50,0,22.7,38.2,20.9266666667
60,0,22.7,38.2,21.0
40,0,22.7,38.2,21.0
50,0,22.7,38.2,21.0
50,0,22.6,38.09,21.0
50,0,22.6,38.09,20.9266666667
50,0,22.6,38.045,20.9633333333
60,0,22.6,38.0,20.89
60,0,22.6,38.0,20.9633333333
60,0,22.5,38.0,20.9633333333
50,0,22.5,38.0,21.0
60,0,22.5,38.0,21.0
50,0,22.5,38.0,21.0
50,0,22.39,38.0,21.0
50,0,22.39,37.9333333333,21.0
50,0,22.39,37.9,21.0
50,0,22.39,37.9,21.0
50,0,22.39,37.9,21.0
50,0,22.3233333333,37.9,21.0
90,0,22.29,37.9,20.89
70,0,22.29,37.9666666667,20.89
70,0,22.29,37.9333333333,20.9266666667
360,10,22.29,38.0,21.0
120,0,22.29,38.0,20.89
190,10,22.29,38.06,20.9633333333
190,0,22.2,38.145,21.0
80,0,22.2,38.29,21.0
70,10,22.2,38.23,20.9633333333
80,0,22.2,38.26,20.89
60,0,22.2,38.26,20.89
370,0,22.1333333333,38.1633333333,20.89
200,0,22.1333333333,38.03,20.89
60,0,22.1,37.9666666667,20.8233333333
50,10,22.1,37.9,20.79
50,0,22.1,37.79,20.79
60,0,22.1,37.79,20.79
60,10,22.1,37.79,20.79
60,0,22.1,37.79,20.73
30,0,22.0333333333,37.7666666667,20.76
50,10,22.0333333333,37.8266666667,20.5666666667
70,20,22.0,37.79,20.3566666667
90,20,22.0,37.93,20.29
90,20,22.0,37.86,20.29
50,20,22.0,38.1333333333,20.29
60,30,22.1,38.5666666667,20.39
50,0,22.175,38.97,20.39
80,0,22.2,38.9333333333,20.4266666667
70,10,22.2,39.0,20.5
60,0,22.2,38.9333333333,20.4266666667
60,0,22.1666666667,39.0,20.5
110,0,22.1,39.06,20.5
70,0,22.1,39.2666666667,20.5
60,0,22.1,39.4666666667,20.5
60,0,22.1666666667,40.13,20.5
50,10,22.1666666667,40.6633333333,20.5
60,0,22.2,40.56,20.5
50,0,22.2,40.4333333333,20.5
60,0,22.1666666667,40.1633333333,20.5
60,0,22.1,40.03,20.5
50,0,22.1,39.8633333333,20.5
60,0,22.1,39.79,20.5
50,0,22.0666666667,39.6633333333,20.5
50,0,22.0666666667,39.6633333333,20.5
50,0,22.0666666667,39.6633333333,20.5
50,0,22.0,39.6175,20.5
50,0,22.0,39.7,20.5666666667
90,10,22.0,39.9,20.5
80,0,22.0,39.9,20.5
90,10,22.0,40.0,20.5666666667
100,0,22.0,40.06,20.5333333333
90,0,22.0,40.3266666667,20.6
100,0,22.0,40.4666666667,20.55
90,0,22.0,40.5,20.6
90,0,22.0,40.5,20.6
70,0,22.0,40.4,20.5666666667
70,0,22.0,40.4,20.5666666667
70,0,22.0,40.4,20.5666666667
60,0,22.0,40.4,20.5666666667
90,0,22.0,40.4,20.5333333333
80,0,21.9266666667,40.4,20.6
70,0,22.0,40.4,20.5333333333
80,0,22.0,40.4,20.5333333333
90,20,22.0,40.4,20.5
90,10,22.0,40.4,20.5666666667
80,20,22.0,40.69,20.5666666667
90,20,22.0333333333,41.0666666667,20.5
90,20,22.1,41.2,20.6
100,20,22.1,41.1633333333,20.5333333333
90,20,22.1666666667,41.1633333333,20.5
90,10,22.2,41.2,20.5
250,20,22.2,41.2,20.5
370,20,22.23,41.39,20.5
160,20,22.29,41.7233333333,20.5
120,10,22.39,41.76,20.5
140,20,22.39,41.6266666667,20.5
140,20,22.39,41.5,20.5
300,0,22.39,41.4333333333,20.5
250,0,22.4266666667,41.4333333333,20.5
120,0,22.4266666667,41.36,20.4266666667
110,0,22.39,41.29,20.4266666667
210,10,22.39,41.3633333333,20.5
490,20,22.3566666667,41.2,20.5
320,20,22.3566666667,41.2,20.5
300,0,22.34,41.145,20.5
340,10,22.39,41.0266666667,20.5
270,0,22.39,40.9,20.4266666667
240,0,22.3566666667,40.9633333333,20.5
210,0,22.29,41.2233333333,20.39
110,0,22.29,41.2,20.39
90,0,22.29,41.1266666667,20.39
90,0,22.29,40.9666666667,20.39
100,0,22.23,40.7666666667,20.39
100,0,22.2,40.59,20.39
90,0,22.2,40.53,20.3233333333
120,0,22.1666666667,40.4,20.29
80,10,22.1,40.3266666667,20.29
60,0,22.1,40.26,20.29
60,0,22.1,40.1266666667,20.29
50,0,22.0,40.0,20.3233333333
30,0,22.0,39.9333333333,20.39
30,0,22.0,39.9,20.3566666667
30,0,22.0,39.8266666667,20.3566666667
40,0,22.0,39.79,20.39
50,0,21.9633333333,39.7,20.39
50,0,21.89,39.7,20.39
60,0,21.89,39.6633333333,20.39
60,0,21.89,39.59,20.39
50,0,21.89,39.59,20.39
60,0,21.89,39.59,20.39
50,0,21.79,39.4666666667,20.365
50,0,21.79,39.4,20.3566666667
50,0,21.79,39.3633333333,20.39
50,0,21.79,39.29,20.39
50,0,21.79,39.29,20.39
60,0,21.79,39.29,20.39
60,0,21.76,39.29,20.39
50,0,21.7,39.23,20.39
60,0,21.7,39.2,20.39
50,0,21.7,39.1266666667,20.39
60,0,21.7,39.09,20.39
40,0,21.7,39.03,20.39
60,0,21.6666666667,39.0266666667,20.39
50,0,21.6,38.9,20.39
50,0,21.6,38.9,20.39
60,0,21.6,38.79,20.39
50,0,21.6,38.79,20.4633333333
60,0,21.5,38.7,20.39
50,0,21.5,38.7,20.4633333333
60,0,21.5,38.59,20.4175
50,0,21.5,38.59,20.5
50,0,21.5,38.59,20.39
50,0,21.5,38.59,20.39
50,0,21.5,38.5,20.39
50,0,21.5,38.5,20.39
50,0,21.4266666667,38.4333333333,20.39
60,0,21.5,38.5,20.39
60,0,21.39,38.4,20.39
60,0,21.39,38.4,20.39
50,0,21.39,38.29,20.39
50,0,21.39,38.29,20.39
50,0,21.3566666667,38.29,20.39
50,0,21.315,38.29,20.39
60,0,21.3233333333,38.29,20.39
70,0,21.29,38.26,20.39
70,0,21.29,38.2,20.39
40,0,21.29,38.2,20.39
40,10,21.23,38.1266666667,20.39
40,0,21.29,38.09,20.39
40,0,21.29,38.09,20.39
50,10,21.29,38.09,20.39
60,0,21.23,38.03,20.39
80,0,21.2,38.1633333333,20.39
70,0,21.2,38.09,20.39
60,0,21.2,38.09,20.39
60,10,21.2,38.09,20.39
70,10,21.2,38.09,20.3566666667
70,20,21.26,38.3633333333,20.3566666667
80,20,21.4266666667,38.6933333333,20.29
90,20,21.5666666667,38.9,20.29
70,20,21.7,38.8633333333,20.29
90,10,21.7225,38.8725,20.3566666667
70,20,21.93,38.9666666667,20.29
70,20,22.1333333333,38.86,20.29
90,20,22.26,39.0,20.39
80,10,22.29,39.03,20.6566666667
90,20,22.3566666667,39.1633333333,21.8333333333
80,20,22.5333333333,39.36,21.9725
80,20,22.6,39.56,21.5966666667
70,10,22.7,39.7,21.26
60,20,22.7,39.7,21.0666666667
60,20,22.73,39.73,20.9633333333
50,20,22.79,39.73,20.8233333333
70,10,22.8233333333,39.9633333333,20.79
80,20,22.9633333333,40.1633333333,20.79
80,20,23.0333333333,40.2666666667,20.73
90,20,23.1,40.4666666667,20.73
70,20,23.1333333333,40.5,20.7
80,10,23.2,40.56,20.7
70,20,23.3233333333,40.59,20.7
80,20,23.4175,40.59,20.7
70,20,23.5,40.59,20.7
90,10,23.5,40.5,20.76
80,20,23.5666666667,40.5,20.73
80,20,23.6,40.4666666667,20.73
90,20,23.6,40.2666666667,20.7
70,10,23.6,39.9666666667,20.7
60,20,23.6,39.7666666667,20.7
80,10,23.6,39.59,20.7
60,0,23.6,39.53,20.7
40,0,23.6,39.4666666667,20.7
60,0,23.6,39.4,20.7
50,0,23.5,39.29,20.7
60,0,23.4266666667,39.1566666667,20.7
60,0,23.39,39.09,20.7
50,0,23.39,39.09,20.7
50,0,23.3566666667,39.09,20.7
50,0,23.3566666667,39.09,20.7
50,0,23.29,39.09,20.7
60,0,23.29,39.09,20.7
50,10,23.29,39.0,20.7
80,0,23.29,38.8633333333,20.7
80,0,23.23,38.5966666667,20.79
100,0,23.1666666667,37.7333333333,20.79
100,0,23.1,37.2666666667,20.79
90,0,23.1333333333,37.23,20.73
90,0,23.2,37.29,20.7
90,0,23.2,37.4,20.7
90,0,23.26,37.5266666667,20.7
90,0,23.29,37.7,20.7
100,0,23.29,37.8333333333,20.7
100,0,23.3566666667,37.9333333333,20.7
80,0,23.29,38.0,20.7
80,0,23.29,38.0,20.7
60,0,23.29,38.0,20.7
70,0,23.3566666667,37.9333333333,20.7
90,0,23.29,38.0,20.7
120,0,23.3233333333,38.09,20.7
320,0,23.3233333333,38.09,20.7
370,0,23.29,38.09,20.7
310,0,23.26,38.06,20.7
490,0,23.2,38.0,20.7
180,0,23.2,38.1266666667,20.7
130,10,23.2,38.26,20.7
290,0,23.15,38.38,20.7
280,0,23.1,38.5,20.7
310,0,23.1,38.56,20.7
130,0,23.0666666667,38.59,20.7
170,10,23.0,38.59,20.7
120,0,23.0,38.7,20.7
100,0,23.0,38.7,20.7
160,10,22.9633333333,38.79,20.7
450,0,22.89,38.79,20.6333333333
170,0,22.89,38.9,20.7
80,20,22.89,38.9666666667,20.7
80,0,22.8233333333,39.0666666667,20.7
70,0,22.89,39.2,20.6333333333
80,0,22.79,39.2,20.6333333333
70,0,22.79,39.26,20.6
80,10,22.79,39.29,20.6
50,10,22.76,39.29,20.6
60,0,22.7,39.3633333333,20.6
60,10,22.7,39.4,20.7
60,0,22.7,39.4,20.7
50,0,22.7,39.4,20.7
60,0,22.7,39.4,20.6666666667
40,0,22.7,39.4,20.6666666667
50,0,22.7,39.4666666667,20.7
50,0,22.6,39.5,20.7
40,0,22.6,39.5,20.7
60,10,22.6,39.53,20.7
60,0,22.6,39.59,20.7
60,0,22.6,39.59,20.7
50,0,22.5333333333,39.6633333333,20.7
60,0,22.6,39.7,20.7
50,0,22.5333333333,39.76,20.7
50,0,22.5,39.79,20.7
50,0,22.5,39.8633333333,20.7
50,0,22.5,39.9,20.7
50,0,22.5,39.975,20.7
40,10,22.5,40.06,20.7
70,0,22.5,40.1266666667,20.7
50,0,22.5,40.2,20.7
50,0,22.39,40.1266666667,20.7
60,0,22.39,40.2,20.7
60,0,22.39,40.2,20.7
40,0,22.39,40.26,20.7
50,0,22.39,40.29,20.7
50,0,22.39,40.29,20.7
50,0,22.3566666667,40.4,20.7
40,0,22.29,40.4666666667,20.7
70,0,22.29,40.5,20.7
60,0,22.29,40.5,20.7
60,0,22.29,40.5,20.76
50,0,22.29,40.56,20.7
60,0,22.29,40.59,20.7
40,0,22.29,40.59,20.76
50,0,22.29,40.6266666667,20.7
50,0,22.2225,40.6175,20.73
50,0,22.2,40.59,20.73
40,0,22.2,40.59,20.79
60,0,22.2,40.59,20.79
50,0,22.2,40.59,20.79
60,0,22.2,40.59,20.79
50,0,22.2,40.6266666667,20.79
60,0,22.2,40.6266666667,20.79
60,0,22.1666666667,40.7,20.79
50,0,22.1,40.7,20.79
50,0,22.1,40.7,20.79
50,0,22.1,40.7,20.79
50,0,22.1,40.73,20.79
50,0,22.1,40.79,20.79
50,0,22.1,40.79,20.79
70,0,22.1,40.79,20.79
90,0,22.0666666667,40.76,20.79
640,0,22.0666666667,40.76,20.79
650,0,22.0666666667,40.79,20.79
290,0,22.0,40.812,20.79
270,10,22.0,40.9,20.79
290,0,22.0,41.09,20.79
480,0,22.0,41.145,20.79
490,30,22.0,41.3266666667,20.79
220,20,22.0,41.6,20.79
120,10,22.04,41.856,20.79
90,0,22.1,42.25,20.79
70,0,22.1,42.29,20.79
90,0,22.1,42.1633333333,20.79
140,0,22.1,42.03,20.79
640,0,22.1,41.9666666667,20.79
490,0,22.1,41.8266666667,20.79
350,0,22.1,41.79,20.8233333333
260,0,22.1,41.73,20.8233333333
530,0,22.1,41.656,20.8566666667
430,0,22.1,41.5236363636,20.79
130,0,22.1,41.4666666667,20.79
90,0,22.1,41.3633333333,20.79
70,0,22.1,41.29,20.8566666667
220,0,22.1,41.29,20.79
420,0,22.1,41.5633333333,20.79
270,0,22.1,41.76,20.79
270,0,22.1,41.9,20.79
280,0,22.2,41.79,20.84
340,0,22.2,41.656,20.79
530,20,22.2,41.5666666667,20.79
390,10,22.2,41.5,20.8566666667
250,10,22.2,41.323,20.79
100,10,22.2,41.29,20.79
100,10,22.215,41.28,20.8233333333
100,10,22.28,41.2188888889,20.89
70,10,22.29,41.1266666667,20.79
80,10,22.29,41.0294444444,20.79
60,10,22.29,40.8561111111,20.89
80,10,22.3233333333,40.7166666667,20.89
100,10,22.3233333333,40.565,20.89
70,10,22.3122222222,40.4388888889,20.89
70,10,22.3122222222,40.345,20.89
70,20,22.2955555556,40.2088888889,20.89
70,10,22.3511111111,40.1022222222,20.8566666667
60,10,22.3511111111,40.0094444444,20.79
60,10,22.39,39.8805555556,20.8566666667
60,10,22.39,39.7488888889,20.8566666667
60,0,22.39,39.6266666667,20.89
60,10,22.39,39.4922222222,20.89
80,0,22.39,39.3046666667,20.89
80,0,22.39,39.2288888889,20.79
70,0,22.39,39.1266666667,20.79
80,10,22.39,39.0294444444,20.8566666667
60,0,22.4083333333,38.9333333333,20.8566666667
60,0,22.3961111111,38.7472222222,20.8233333333
50,0,22.445,38.6572222222,20.89
50,0,22.5,38.6277777778,20.89
80,0,22.5,38.5022222222,20.89
70,0,22.5,38.3938888889,20.89
90,0,22.5,38.3572222222,20.89
90,0,22.5,38.5183333333,20.89
80,0,22.5,38.6022222222,20.89
90,0,22.5,38.5305555556,20.9633333333
80,0,22.5,38.345,20.89
80,0,22.5,38.1966666667,20.89
80,0,22.5,38.09,20.89
80,0,22.5,38.1783333333,20.89
70,0,22.5,38.4627777778,20.89
70,0,22.5,38.6783333333,20.89
80,0,22.5,38.9627777778,20.9266666667
90,0,22.4877777778,39.2655555556,20.9266666667
90,0,22.4633333333,39.6288888889,20.9266666667
160,10,22.4938888889,39.785,21.0
500,0,22.4022222222,39.71,20.9266666667
290,0,22.39,39.755,20.9266666667
110,0,22.39,39.745,20.89
100,0,22.39,39.6816666667,20.89
100,0,22.39,39.645,20.89
90,0,22.3677777778,39.6755555556,20.89
150,10,22.3788888889,39.7555555556,20.89
110,0,22.3233333333,40.0383333333,20.89
150,0,22.3344444444,40.2144444444,20.89
120,0,22.3066666667,40.29,20.89
120,0,22.3066666667,40.345,20.89
120,10,22.2955555556,40.4883333333,20.89
110,0,22.29,40.58,20.89
110,0,22.29,40.6572222222,20.89
110,0,22.28,40.7,20.8233333333
100,0,22.28,40.775,20.89
110,0,22.29,40.8205555556,20.89
100,0,22.235,40.8755555556,20.89
100,10,22.2,40.845,20.89
100,0,22.22,40.7166666667,20.79
100,0,22.2,40.59,20.8566666667
120,0,22.2,40.555,20.89
100,0,22.2,40.51,20.8233333333
110,0,22.1888888889,40.565,20.89
100,0,22.1166666667,40.59,20.89
100,10,22.1,40.5961111111,20.89
60,0,22.1,40.7527777778,20.89
60,0,22.1,40.79,20.8566666667
60,10,22.1,40.78,20.8566666667
50,0,22.1,40.6866666667,20.8566666667
50,0,22.1,40.565,20.79
60,0,22.1,40.5,20.8566666667
60,0,22.0888888889,40.4377777778,20.815
70,0,22.05,40.34,20.8233333333
50,0,22.0,40.23,20.8566666667
70,0,22.0,40.2,20.79
50,0,22.0,40.2,20.8233333333
50,0,22.0,40.2,20.89
50,0,22.0,40.2,20.8566666667
40,0,22.0,40.2,20.8566666667
60,0,22.0,40.2,20.89
50,0,22.0,40.2,20.8233333333
60,0,22.0,40.2,20.8233333333
50,0,21.9266666667,40.2,20.89
60,0,21.89,40.2,20.89
60,0,21.89,40.2,20.89
50,0,21.89,40.29,20.89
60,0,21.89,40.2225,20.89
40,0,21.89,40.23,20.89
50,0,21.89,40.236,20.89
50,0,21.865,40.2675,20.89
50,0,21.8566666667,40.26,20.84
50,0,21.89,40.2,20.89
60,0,21.8233333333,40.2,20.89
60,0,21.79,40.1633333333,20.89
50,0,21.79,40.09,20.89
60,0,21.79,40.09,20.89
50,0,21.79,40.1633333333,20.89
60,0,21.79,40.1633333333,20.89
50,0,21.79,40.1633333333,20.89
50,0,21.79,40.1266666667,20.89
40,0,21.79,40.2,20.89
50,0,21.76,40.2,20.89
50,0,21.7,40.2,20.89
50,0,21.73,40.2,20.89
50,0,21.79,40.26,20.89
50,0,21.7,40.2,20.89
60,0,21.7,40.26,20.89
50,0,21.7,40.29,20.89
50,0,21.7,40.29,20.89
60,0,21.7,40.29,20.89
60,0,21.7,40.29,20.89
50,0,21.7,40.29,20.89
50,0,21.7,40.29,20.89
50,0,21.7,40.29,20.89
60,0,21.6,40.2,20.89
50,0,21.6,40.2,20.89
60,0,21.6,40.2,20.89
60,0,21.6,40.2,20.89
50,0,21.6,40.2,20.89
120,0,21.6,40.2,21.0
50,0,21.6,40.218,21.0
50,0,21.6,40.3214285714,21.0
60,0,21.6,40.29,21.0
40,0,21.6,40.3528571429,21.0333333333
60,0,21.6,40.4,21.0333333333
180,0,21.6,40.3685714286,21.0333333333
180,0,21.6,40.4,21.1666666667
100,0,21.6,40.4571428571,21.29
240,0,21.62,40.54,21.29
330,0,21.7,40.6685714286,21.29
120,0,21.7,40.46,21.26
40,0,21.7,40.3975,21.2
70,0,21.7385714286,40.5,21.2
50,0,21.754,40.48,21.2
50,0,21.7514285714,40.3214285714,21.2
80,0,21.736,40.2,21.2
80,0,21.7128571429,40.1057142857,21.1
230,0,21.7,40.09,21.1
800,0,21.7,40.09,21.1
510,0,21.7,40.134,21.1
380,0,21.7,40.2514285714,21.1
330,0,21.7,40.29,21.1
310,10,21.7,40.3214285714,21.1
340,0,21.7,40.29,21.1
230,0,21.7385714286,40.29,21.1
170,0,21.754,40.25,21.1
90,0,21.7642857143,40.0257142857,21.1
80,0,21.754,40.0,21.1
100,0,21.7128571429,40.0,21.1
90,0,21.754,40.0,21.1
110,0,21.75625,39.91125,21.1
180,0,21.79,39.812,21.1
310,0,21.79,39.9,21.1
300,0,21.79,39.856,21.1
110,10,21.8757142857,39.8842857143,21.1
130,0,21.912,40.14,21.1
160,0,21.9528571429,40.5,21.1
390,0,22.0,40.475,21.1
270,0,22.1,40.356,21.1
250,0,22.1,40.2514285714,21.1
220,0,22.1,40.196,21.1
250,0,22.1,39.8971428571,21.1
260,0,22.04,39.634,21.1
200,0,22.1,39.6371428571,21.1
100,0,22.04,39.494,21.1
100,0,22.0,39.2257142857,21.1
120,0,22.0,38.96,21.1
150,0,22.0,38.7928571429,21.1
100,0,22.0,38.678,21.1
110,0,21.9685714286,38.59,21.1
230,0,21.956,38.59,21.1
300,0,21.9685714286,38.59,21.1
730,0,21.89,38.59,21.1
820,0,21.9371428571,38.59,21.1
460,0,21.956,38.59,21.1
110,0,21.89,38.59,21.1
100,0,21.89,38.59,21.1
110,0,21.89,38.5642857143,21.1
360,0,21.89,38.5,21.1
370,0,21.89,38.4857142857,21.1
290,0,21.89,38.4,21.1
280,0,21.89,38.4,21.1
280,0,21.815,38.2,21.1
110,0,21.83,38.41,21.1
110,0,21.8471428571,39.07,21.1
110,0,21.89,39.66,21.1
110,0,21.89,39.9971428571,21.0666666667
100,10,21.89,40.156,21.0
110,0,21.89,40.0514285714,21.0
110,0,21.87,40.016,21.0
100,0,21.79,39.8214285714,21.0
130,0,21.79,39.754,21.0
110,0,21.79,39.7514285714,21.0
120,0,21.79,39.714,20.9266666667
100,0,21.79,39.59,21.0
110,0,21.736,39.46,20.9633333333
100,0,21.7128571429,39.3242857143,20.89
90,0,21.7,39.178,20.89
110,0,21.7,38.9971428571,20.8233333333
100,0,21.7,38.79,20.8566666667
100,0,21.6428571429,38.6757142857,20.8566666667
100,0,21.6,38.612,20.89
100,10,21.6,38.6214285714,20.8233333333
90,0,21.6,38.656,20.79
90,0,21.6,38.5385714286,20.8566666667
90,10,21.6,38.5,20.89
80,0,21.6,38.5,20.89
90,0,21.56,38.46,20.89
60,0,21.5,38.4,20.79
50,0,21.5,38.4,20.79
50,0,21.54,38.4,20.8233333333
50,0,21.5,38.4,20.89
50,0,21.5,38.356,20.8233333333
50,0,21.5,38.3371428571,20.89
60,0,21.5,38.356,20.89
60,0,21.5,38.3214285714,20.89
50,0,21.39,38.2,20.89
60,0,21.39,38.2,20.89
60,0,21.39,38.2,20.8233333333
50,0,21.39,38.2,20.89
50,0,21.35,38.156,20.79
50,0,21.3757142857,38.09,20.79
50,0,21.37,38.09,20.89
50,0,21.29,38.09,20.89
50,0,21.29,38.09,20.79
50,0,21.29,38.09,20.865
60,0,21.29,38.09,20.89
50,0,21.29,38.09,20.89
60,0,21.29,38.036,20.89
60,0,21.2771428571,38.0771428571,20.8233333333
50,0,21.2,38.0,20.89
50,0,21.2385714286,38.0,20.89
40,0,21.2,38.0,20.89
60,0,21.2,38.0,20.79
40,0,21.2,38.0,20.8566666667
50,0,21.2,37.98,20.8233333333
60,0,21.1571428571,37.9,20.8233333333
60,0,21.2,37.9,20.79
60,0,21.1142857143,37.9,20.8566666667
60,0,21.1,37.878,20.89
60,0,21.1,37.8685714286,20.8233333333
50,0,21.1,37.79,20.89
50,0,21.0857142857,37.7771428571,20.8233333333
40,0,21.06,37.754,20.8233333333
50,0,21.0285714286,37.7257142857,20.84
40,0,21.0,37.7,20.8233333333
50,0,21.0,37.6528571429,20.79
60,0,21.0,37.7,20.79
50,0,21.0,37.7,20.79
60,0,21.0,37.7,20.79
50,0,20.9528571429,37.7,20.79
50,0,20.978,37.678,20.79
50,0,20.9371428571,37.6685714286,20.79
50,0,20.89,37.7,20.79
40,0,20.89,37.7,20.79
50,0,20.89,37.7,20.79
40,0,20.89,37.7,20.79
60,0,20.89,37.7,20.79
60,0,20.8185714286,37.6214285714,20.79
50,0,20.815,37.6175,20.79
70,0,20.79,37.59,20.79
50,0,20.79,37.59,20.79
50,0,20.85,37.656,20.79
80,0,20.79,37.59,20.79
70,0,20.79,37.572,20.79
60,0,20.79,37.4714285714,20.89
40,0,20.79,37.4,20.9633333333
60,0,20.79,37.47,21.0
50,0,20.81,37.612,21.0666666667
200,0,20.9214285714,37.7257142857,21.49
240,0,21.0,37.7,22.03
250,0,21.0571428571,37.7514285714,21.8266666667
90,10,21.1,37.894,21.6333333333
180,10,21.1,38.1942857143,21.39
160,20,21.1,38.334,21.3233333333
50,20,21.1857142857,38.4571428571,21.2
60,20,21.2,38.5,21.1333333333
80,10,21.2928571429,38.5957142857,21.1
150,30,21.434,38.59,21.1
470,10,21.5,38.4557142857,21.1
690,20,21.52,38.4,21.1
660,20,21.6,38.4714285714,21.1
330,20,21.7,38.59,21.1
370,10,21.8342857143,38.6528571429,21.1
200,0,21.9266666667,38.7666666667,21.1
100,0,22.0428571429,38.9285714286,21.1
100,0,22.1285714286,38.8685714286,21.1
100,0,22.2,38.9,21.1
100,0,22.2,38.7928571429,21.0666666667
100,0,22.2,38.736,21.0
290,0,22.2,38.6685714286,21.0
140,0,22.16,38.634,21.0
150,10,22.1,38.5714285714,21.0
100,0,22.1,38.36,21.0
80,0,22.1,38.1685714286,21.0
100,0,22.1,38.09,21.0
70,0,22.1,37.9057142857,21.0
80,0,22.1,37.596,21.0
70,0,22.1,37.2571428571,21.0
70,0,22.1,36.96,21.0
70,10,22.1,36.7257142857,21.0
70,0,22.1,36.418,21.0
60,0,22.1,36.2257142857,21.0
70,0,22.1,35.96,21.0
60,0,22.1,35.8371428571,21.0
60,0,22.1,35.714,21.0
100,20,22.1,35.5514285714,21.0
70,20,22.1,35.79,21.0
90,20,22.1,36.0085714286,21.0
100,10,22.1,36.276,21.0
90,20,22.175,36.475,21.0
100,20,22.2,36.4285714286,20.9266666667
100,20,22.29,36.46,21.0
90,20,22.29,36.4,20.9266666667
120,10,22.31,36.378,21.0
180,20,22.39,36.3685714286,21.0
240,20,22.39,36.4,21.0
220,20,22.4057142857,36.47,21.0
150,20,22.5,36.59,21.0
100,10,22.5,36.59,21.0
90,20,22.54,36.536,21.0
110,20,22.6,36.6057142857,21.0
110,20,22.6,36.718,21.0
160,10,22.6714285714,36.8685714286,21.0
650,20,22.7,37.0,21.0
310,10,22.7128571429,37.0128571429,21.0
130,0,22.754,37.09,21.0
120,0,22.7642857143,37.0257142857,20.9266666667
120,0,22.7,36.79,21.0
120,0,22.7,36.6057142857,20.9266666667
110,0,22.7,36.48,20.9266666667
130,20,22.6285714286,36.3214285714,20.9266666667
100,20,22.6,36.334,20.9633333333
90,0,22.6,36.5242857143,20.9633333333
120,0,22.6,36.316,21.0
170,10,22.5285714286,36.0,20.9266666667
150,0,22.5,35.95,20.89
110,0,22.39,36.0,20.89
90,0,22.3757142857,35.8985714286,20.89
80,0,22.29,35.772,20.8233333333
80,10,22.29,35.6685714286,20.79
80,0,22.254,35.554,20.7675
110,0,22.2,35.4142857143,20.7
100,0,22.18,35.4,20.6666666667
100,0,22.1,35.3528571429,20.6
90,10,22.1,35.334,20.6
90,30,22.1,35.3957142857,20.6
80,10,22.1,35.792,20.6
60,10,22.1,36.1214285714,20.6
50,0,22.1,36.09,20.6
50,0,22.0142857143,36.0128571429,20.6
50,0,22.0,35.94,20.6
60,0,21.9685714286,35.9,20.6666666667
50,0,21.934,35.9,20.6
60,0,21.9057142857,35.8528571429,20.6
50,0,21.89,35.79,20.6
50,0,21.89,35.8371428571,20.6666666667
50,10,21.79,35.79,20.7
60,10,21.79,35.8057142857,20.7
70,20,21.79,35.876,20.7
70,20,21.79,36.1114285714,20.7
40,20,21.89,36.4,20.7
50,20,21.89,36.51875,20.7
50,20,21.9528571429,36.6657142857,20.7
50,20,21.956,36.754,20.6333333333
60,10,22.0,36.8214285714,20.6333333333
60,20,22.0,36.856,20.6666666667
70,20,22.0,36.8528571429,20.6
50,20,22.02,36.92,20.6
70,20,22.1,37.0385714286,20.6
70,20,22.1,37.0,20.6
80,20,22.1,37.0,20.6
60,10,22.1,37.0,20.6
70,20,22.1,37.0,20.6
60,20,22.236,37.29,20.6
50,20,22.51,37.4928571429,20.5333333333
50,0,22.774,37.552,20.5666666667
50,0,22.8185714286,37.2257142857,20.5
60,0,22.79,37.09,20.5
50,10,22.7385714286,37.0128571429,20.5
60,0,22.7,36.918,20.5
60,0,22.6714285714,36.6685714286,20.5
40,0,22.6,36.29,20.5
50,0,22.4985714286,36.1371428571,20.5
40,0,22.39,35.98,20.5
30,0,22.39,35.8685714286,20.5
30,0,22.29,35.79,20.5
30,0,22.2771428571,35.7771428571,20.5
60,0,22.2,35.7,20.5
50,0,22.14,35.678,20.5
60,0,22.1,35.6685714286,20.5
50,0,22.1,35.634,20.5
70,0,22.0142857143,35.5542857143,20.5
50,10,22.0,35.54,20.5
40,0,22.0,35.7957142857,20.5
50,0,21.89,35.9,20.5
50,0,21.89,35.9571428571,20.5
60,0,21.83,35.918,20.5
60,10,21.79,35.79,20.4725
40,0,21.79,35.7,20.39
70,0,21.79,35.6371428571,20.39
50,0,21.736,35.572,20.39
60,0,21.7,35.4714285714,20.39
50,0,21.7,35.5,20.39
60,0,21.6428571429,35.4571428571,20.39
50,0,21.6,35.554,20.39
40,0,21.6,35.8214285714,20.3233333333
50,0,21.6,36.0,20.39
50,0,21.6,36.2071428571,20.39
50,0,21.62,36.4,20.39
50,0,21.6285714286,36.4,20.5
50,0,21.66,36.356,20.5666666667
50,0,21.6142857143,36.38,20.6333333333
60,0,21.718,36.674,20.8266666667
50,0,21.8025,36.80375,21.7633333333
60,0,21.9214285714,36.9,21.8233333333
60,0,22.1,37.0,21.6333333333
40,0,22.17,37.0128571429,21.36
40,0,22.31,37.09,21.15
50,0,22.39,37.09,21.0666666667
50,0,22.5,37.09,21.0
60,0,22.5857142857,37.09,21.0
60,0,22.66,37.134,21.0
60,0,22.7642857143,37.0642857143,20.9266666667
50,0,22.79,36.754,20.9266666667
60,0,22.8042857143,36.6214285714,20.89
50,0,22.89,36.754,20.89
30,0,22.89,36.7642857143,20.89
40,0,22.956,36.59,20.89
60,0,22.89,36.1128571429,20.89
60,0,22.912,35.616,20.8233333333
170,0,23.0,35.3971428571,20.8233333333
90,0,23.0,35.2,20.8233333333
70,0,23.0,34.9214285714,20.8566666667
40,0,23.0,34.616,20.79
60,0,23.0,34.4285714286,20.79
40,0,22.956,34.46,20.79
50,0,22.89,34.3371428571,20.79
50,0,22.89,34.29,20.79
50,0,22.89,34.2642857143,20.79
60,0,22.8275,34.13125,20.7
60,0,22.79,34.0,20.7
50,0,22.79,34.0,20.7
50,0,22.79,33.94,20.7
40,0,22.7257142857,33.7957142857,20.7
60,0,22.7,33.7,20.7
40,0,22.6428571429,33.5857142857,20.7
60,0,22.64,33.48,20.7
30,0,22.6,33.3214285714,20.7
30,0,22.6,33.254,20.7
40,0,22.5857142857,33.2,20.7
40,0,22.5,33.134,20.7
50,0,22.5,33.09,20.6
50,0,22.456,33.054,20.6
50,0,22.39,33.0642857143,20.6
50,0,22.39,33.0,20.6
60,20,22.39,33.0957142857,20.6
70,20,22.39,33.44,20.6
70,20,22.39,33.6528571429,20.6
70,10,22.412,33.876,20.5666666667
60,20,22.4214285714,33.9285714286,20.5666666667
60,20,22.5,34.0,20.6
70,20,22.5,34.0128571429,20.6
90,20,22.5,34.054,20.5666666667
90,10,22.5,34.1214285714,20.5
110,20,22.5,34.5,20.6
120,20,22.5875,34.475,20.5333333333
130,10,22.6,34.4428571429,20.5333333333
530,20,22.6,34.316,20.5333333333
600,20,22.6,34.2257142857,20.5666666667
260,10,22.6,34.536,20.5
90,10,22.6857142857,34.9642857143,20.5
100,0,22.7,35.112,20.5
100,0,22.6571428571,35.1528571429,20.5
110,0,22.6,35.054,20.5
130,0,22.6,35.0671428571,20.5
120,0,22.6,35.276,20.4633333333
110,0,22.6,35.4,20.4633333333
100,0,22.6,35.4,20.4633333333
120,0,22.6,35.4,20.39
130,0,22.6,35.334,20.39
120,20,22.6,35.2642857143,20.3233333333
130,10,22.6,35.254,20.29
120,20,22.6,35.1371428571,20.29
130,20,22.6,34.976,20.29
130,20,22.6,34.6214285714,20.29
120,20,22.6,34.4,20.26
120,10,22.6,34.2928571429,20.2
110,10,22.6,34.2,20.2
60,10,22.6,34.2642857143,20.2
50,0,22.6,34.2,20.2
50,0,22.6,34.1371428571,20.2
60,0,22.525,34.13125,20.2
40,0,22.5,34.156,20.2
30,0,22.5,34.2,20.2
30,10,22.39,34.09,20.2
30,0,22.39,34.09,20.2
50,0,22.39,34.09,20.2
50,0,22.3614285714,34.09,20.2
60,0,22.29,34.09,20.2
50,0,22.29,34.09,20.2
60,0,22.29,34.09,20.2
50,0,22.2257142857,34.09,20.26
60,0,22.2,34.09,20.2
40,0,22.1857142857,34.09,20.2
50,0,22.14,34.112,20.23
50,0,22.1,34.2,20.29
40,0,22.1,34.2,20.2
60,0,22.1,34.2128571429,20.26
50,0,22.08,34.236,20.29
60,0,22.0428571429,34.2385714286,20.23
60,0,22.0,34.2,20.29
50,0,22.0,34.2514285714,20.29
50,0,22.0,34.29,20.29
30,0,22.0,34.29,20.29
20,0,21.934,34.4,20.29
30,0,22.0,34.4142857143,20.29
50,0,21.934,34.5,20.29
50,0,21.89,34.53375,20.29
60,0,21.89,34.59,20.29
50,0,21.89,34.7,20.29
50,0,21.89,34.7128571429,20.29
50,0,21.83,34.736,20.29
60,0,21.79,34.7,20.29
40,0,21.79,34.79,20.29
60,0,21.79,34.79,20.29
50,0,21.79,34.79,20.29
60,0,21.79,34.8685714286,20.29
60,0,21.7,34.9,20.29
40,0,21.7,34.9142857143,20.29
50,0,21.7,34.96,20.29
50,0,21.7,35.0,20.29
50,0,21.7,35.09,20.29
50,0,21.6857142857,35.09,20.29
50,0,21.64,35.09,20.29
50,0,21.6,35.09,20.29
60,0,21.6,35.2,20.29
60,0,21.6,35.2,20.29
40,0,21.6,35.218,20.23
60,10,21.6,35.29,20.29
380,0,21.56,35.29,20.23
70,0,21.5,35.3057142857,20.29
70,0,21.52,35.4,20.23
70,10,21.5285714286,35.4,20.26
90,20,21.5,35.5225,20.26
90,10,21.5,35.94,20.26
60,0,21.5,36.14,20.2
90,0,21.5,36.218,20.2
60,0,21.5,36.29,20.2
60,10,21.5,36.29,20.2
60,0,21.5,36.3528571429,20.2
90,0,21.5,36.4,20.2
380,0,21.5,36.4,20.2
150,0,21.5,36.44,20.1333333333
40,10,21.5,36.4714285714,20.2
50,0,21.5,36.5,20.1333333333
50,0,21.5,36.5,20.2
50,0,21.5,36.59,20.2
50,0,21.5,36.6528571429,20.23
50,0,21.5,36.7,20.29
60,10,21.5,36.7642857143,20.29
50,0,21.5,36.79,20.29
60,0,21.5571428571,36.8528571429,20.29
50,0,21.6,36.9,20.29
50,0,21.6,36.9714285714,20.29
50,10,21.6,37.0,20.23
40,0,21.6,37.0,20.29
50,0,21.62,37.054,20.29
40,0,21.7,37.1685714286,20.29
40,0,21.7,37.2,20.29
30,10,21.79,37.236,20.29
30,0,21.8042857143,37.29,20.29
50,0,21.89,37.29,20.29
50,0,21.89,37.29,20.29
50,0,22.0,37.2,20.29
50,10,22.0,37.1842857143,20.29
60,0,22.0,37.134,20.29
50,0,22.0,37.09,20.29
50,0,22.0,37.09,20.29
60,0,22.0,37.09,20.29
40,10,22.0,37.072,20.29
60,0,22.0,37.0642857143,20.29
50,0,22.0,37.09,20.29
50,0,22.0,37.09,20.29
50,0,22.0,37.09,20.29
50,10,22.0,37.09,20.29
60,0,22.0,37.2,20.29
50,0,22.0,37.2,20.29
30,0,22.0,37.2,20.29
30,0,22.0,37.2,20.29
30,10,22.0,37.134,20.29
40,0,22.0,37.1057142857,20.29
50,0,22.0,37.09,20.29
60,0,22.0,37.09,20.29
50,0,22.0,37.045,20.29
60,0,22.0,37.0,20.29
60,10,22.0,37.0,20.29
40,0,22.0,37.0,20.23
50,0,22.0,37.0,20.23
50,0,22.0,37.0,20.23
40,0,22.0,37.0,20.26
60,10,22.0,37.0,20.2
50,0,22.0,37.0,20.26
60,0,22.0,37.0,20.2
60,0,22.0,37.0,20.23
40,0,22.02,37.018,20.29
50,0,22.1,37.09,20.26
50,0,22.0,36.9,20.2
80,0,22.0857142857,36.9714285714,20.2
50,0,22.1,36.878,20.2675
90,0,22.1,36.7257142857,20.23
170,0,22.1,36.79,20.2
510,0,22.1,36.7385714286,20.2
590,0,22.1,36.7,20.2
190,0,22.1,36.7385714286,20.2
100,0,22.1,36.856,20.2
110,0,22.1,36.7385714286,20.2
110,0,22.1,36.616,20.2
110,0,22.1,36.5957142857,20.2
150,0,22.1,36.79,20.2
120,0,22.1,36.91125,20.1333333333
110,10,22.1142857143,37.0,20.1
120,20,22.16,37.0,20.1
120,20,22.2,37.0,20.1
110,20,22.2,37.0,20.1
110,30,22.2128571429,36.9428571429,20.0
110,30,22.29,36.834,20.0
120,20,22.29,36.79,20.0
90,0,22.29,36.79,20.0
60,0,22.3185714286,36.61,19.9266666667
80,0,22.29,36.36,19.89
60,0,22.29,36.1685714286,19.89
90,0,22.2,35.9,19.79
60,10,22.2,35.8371428571,19.79
50,0,22.2,35.772,19.79
50,10,22.1285714286,35.7642857143,19.79
50,0,22.1,35.79,19.8233333333
60,0,22.1,35.7257142857,19.89
60,0,22.08,35.714,19.89
50,0,22.0,35.59,19.89
50,0,22.0,35.7,19.89
50,0,22.0,35.6528571429,19.89
50,0,21.978,35.656,19.9633333333
50,0,21.89,35.7,19.9633333333
60,10,21.89,35.7,20.0
50,0,21.89,35.7,20.0
40,0,21.89,35.7,20.0
30,0,21.89,35.7,20.0
20,0,21.8185714286,35.6528571429,20.0
40,0,21.79,35.59,19.9266666667
50,0,21.79,35.59,20.0
60,0,21.79,35.59,19.9633333333
40,0,21.79,35.59,19.9633333333
60,0,21.7,35.59,20.0
60,0,21.7,35.59,20.0
60,0,21.7,35.59,20.0
50,0,21.7,35.59,20.0
40,0,21.66,35.554,20.0
60,0,21.6285714286,35.4828571429,20.0
40,0,21.6,35.48,20.0
60,0,21.6,35.4,19.9266666667
50,0,21.6,35.4,20.0
60,0,21.6,35.4,20.0
50,0,21.6,35.4,20.0
50,0,21.6,35.4,20.0
50,0,21.5,35.4,20.0
30,0,21.5,35.4,20.0
30,0,21.5,35.4,20.0
30,0,21.5,35.4,20.0
30,0,21.5,35.356,20.0
60,0,21.5,35.29,20.0
60,0,21.5,35.29,20.0
60,0,21.478,35.272,20.0
50,0,21.39,35.2,20.0
50,0,21.39,35.2,20.0
40,0,21.39,35.2,20.0
50,0,21.39,35.2,20.0
50,0,21.39,35.2,20.0
50,0,21.39,35.2,20.0
70,0,21.3328571429,35.2,20.0
60,0,21.29,35.178,20.0
80,0,21.29,35.1371428571,20.0
50,10,21.29,35.134,20.0
50,0,21.29,35.1685714286,20.0
30,0,21.29,35.134,20.0
30,0,21.2514285714,35.0514285714,20.0
40,10,21.29,35.09,20.0
50,0,21.2514285714,35.0514285714,19.9633333333
100,0,21.2,35.0,19.9633333333
80,0,21.2,35.0,19.89
60,0,21.2,34.96,19.89
70,0,21.2,35.0242857143,19.89
60,0,21.2,35.2,19.89
40,0,21.2,35.2642857143,19.89
60,0,21.2,35.156,19.89
60,0,21.1571428571,35.0385714286,19.89
60,0,21.2,35.0,19.89
60,0,21.16,35.054,19.89
50,10,21.2,35.09,19.9633333333
90,0,21.2,35.09,20.0
60,0,21.2514285714,35.1528571429,20.0666666667
60,0,21.31,35.2,20.1633333333
20,0,21.4214285714,35.2257142857,20.43
40,0,21.54,35.2,20.5
80,0,21.6571428571,35.2771428571,20.4175
60,0,21.774,35.312,20.39
70,0,21.9214285714,35.4,20.39
60,0,22.0,35.29,20.3233333333
60,0,22.1428571429,35.3685714286,20.29
50,0,22.218,35.29,20.29
50,0,22.29,35.29,20.29
50,0,22.39,35.236,20.29
70,10,22.4057142857,35.7514285714,20.29
100,0,22.5,36.174,20.29
60,0,22.5,36.29,20.29
60,10,22.5,36.2,20.29
50,0,22.5,36.2,20.29
50,0,22.56,36.096,20.29
50,0,22.6,35.8214285714,20.26
50,0,22.7,35.656,20.26
40,0,22.7,35.44,20.26
30,0,22.7,35.1933333333,20.26
30,0,22.7514285714,34.9985714286,20.29
40,0,22.79,34.8685714286,20.245
60,0,22.79,34.7,20.29
40,0,22.79,34.6371428571,20.2
50,0,22.79,34.572,20.2
60,0,22.79,34.4714285714,20.26
60,0,22.79,34.09,20.2
60,0,22.79,33.9985714286,20.23
50,0,22.79,33.878,20.23
50,0,22.79,33.8371428571,20.29
50,0,22.79,33.79,20.29
50,0,22.79,33.7128571429,20.29
90,0,22.79,33.7,20.29
100,0,22.79,33.6428571429,20.29
350,0,22.79,33.4,20.29
290,0,22.79,33.2928571429,20.29
110,0,22.79,33.14,20.29
100,0,22.79,32.7957142857,20.29
100,0,22.79,32.7,20.29
110,0,22.79,32.7514285714,20.29
60,0,22.79,32.832,20.29
80,0,22.8614285714,33.0571428571,20.29
50,0,22.89,33.236,20.29
70,0,22.89,33.0842857143,20.29
90,0,22.87,32.5,20.26
80,0,22.79,31.45,20.26
70,0,22.79,31.075,20.26
70,0,22.79,30.916,20.26
60,0,22.7242857143,29.9942857143,20.23
60,0,22.58,29.096,20.23
80,0,22.5,28.4242857143,20.2
80,20,22.39,27.66,20.2
70,10,22.39,28.1357142857,20.29
80,20,22.412,28.778,20.23
230,10,22.5,29.4214285714,20.2
540,20,22.54,29.874,20.2
380,0,22.6555555556,30.3666666667,20.2
300,0,22.7,30.6942857143,20.2
300,10,22.7,30.872,20.2
270,20,22.7,31.1257142857,20.2
250,10,22.79,31.676,20.2
210,20,22.8042857143,31.8914285714,20.2
110,10,22.89,32.036,20.2
110,20,22.89,31.9214285714,20.2
150,10,22.89,31.89,20.2
120,10,22.89,31.89,20.2
120,0,22.89,31.89,20.2
110,20,22.89,31.8185714286,20.1
100,20,22.89,31.97,20.1666666667
100,10,22.89,32.3128571429,20.1333333333
110,20,22.89,32.54,20.1333333333
110,10,22.89,32.7642857143,20.1666666667
110,20,22.9175,32.925,20.1
120,10,23.0,33.09,20.1
80,20,22.9842857143,32.94,20.1
110,10,22.934,32.772,20.1
80,20,22.89,32.6528571429,20.1
70,10,23.0,32.834,20.1
50,0,22.9842857143,32.9714285714,20.1
50,0,22.89,32.9,20.1
50,0,22.89,32.9,20.1
50,0,22.89,32.9,20.1
60,0,22.8042857143,32.7671428571,20.1
40,0,22.79,32.79,20.1
60,0,22.79,32.8214285714,20.1
60,0,22.79,32.9,20.1
50,0,22.7128571429,32.9571428571,20.1
60,0,22.7,33.0,20.1
40,0,22.6714285714,32.9714285714,20.1
50,0,22.6,32.9,20.1
20,0,22.6,32.9571428571,20.1
30,0,22.6,33.0,20.1
30,0,22.5714285714,33.0,20.1333333333
60,0,22.5,33.0,20.1333333333
60,0,22.5,33.0,20.1333333333
60,0,22.5,33.0,20.2
50,0,22.4685714286,32.9714285714,20.2
50,0,22.39,32.9,20.2
40,0,22.39,32.9285714286,20.2
50,0,22.39,33.0,20.2
50,0,22.37,33.0,20.2
60,0,22.3185714286,33.0,20.2
60,0,22.29,33.0,20.1333333333
60,0,22.29,33.0,20.2
50,0,22.29,33.054,20.2
50,0,22.2642857143,33.0642857143,20.2
40,0,22.2,33.036,20.2
50,0,22.2,33.09,20.2
50,0,22.2,33.09,20.2
50,0,22.2,33.09,20.2
60,10,22.2,33.09,20.2
50,0,22.1142857143,33.09,20.2
40,0,22.1,33.156,20.2
30,0,22.1,33.2,20.2
30,0,22.1,33.2,20.2
30,0,22.1,33.2,20.2
60,0,22.08,33.236,20.2
40,0,22.0,33.2,20.2
60,0,22.0,33.2,20.2
50,0,22.0,33.2,20.2
60,0,22.0,33.2,20.2
50,0,22.0,33.2,20.2
60,0,22.0,33.2,20.2
80,0,22.0,33.25625,20.2
60,0,21.9214285714,33.29,20.2
60,20,21.934,33.376,20.2
70,10,21.9214285714,33.5257142857,20.2
80,20,21.934,33.736,20.2
70,10,22.0,33.9385714286,20.2
120,0,22.0,34.236,20.2
50,0,22.0,34.1214285714,20.1333333333
50,0,22.0,34.0,20.2
50,0,22.0,33.9428571429,20.2
30,0,22.0,33.9,20.2
30,0,22.0,33.9,20.1
30,0,21.956,33.856,20.1
30,0,21.89,33.8842857143,20.1
60,0,21.956,33.92,20.1
60,0,21.9685714286,34.0257142857,20.1
50,0,21.934,34.134,20.2
50,0,21.9057142857,34.2128571429,20.2
50,0,21.956,34.29,20.23
50,0,22.0,34.3214285714,20.29
50,0,22.04,34.44,20.29
60,0,22.1,34.5514285714,20.3566666667
50,0,22.12,34.59,20.39
60,0,22.2,34.6214285714,20.39
50,0,22.29,34.79,20.39
50,0,22.3471428571,34.79,20.39
50,0,22.39,34.79,20.3233333333
50,0,22.39,34.79,20.3233333333
50,0,22.39,34.79,20.29
60,0,22.5,35.0,20.29
70,0,22.5,35.0,20.29
70,0,22.56,35.0,20.29
40,0,22.5714285714,35.0642857143,20.29
40,0,22.6,35.2,20.29
30,0,22.6,35.2771428571,20.29
50,0,22.62,35.356,20.29
50,0,22.7,35.4,20.29
60,0,22.7,35.29,20.29
50,0,22.7128571429,35.29,20.29
60,0,22.79,35.29,20.29
60,0,22.79,35.2642857143,20.29
50,0,22.89,35.29,20.29
50,0,22.89,35.2385714286,20.29
50,0,22.89,35.2,20.29
50,0,22.89,35.2,20.29
50,0,23.0,35.2,20.29
50,0,23.0,35.1242857143,20.29
60,0,23.0,34.918,20.29
50,0,23.0,34.79,20.29
60,0,23.0,34.7,20.29
70,0,23.0,34.4971428571,20.29
70,0,23.0,34.378,20.29
60,0,23.0,34.21875,20.29
70,0,23.0,33.6714285714,20.29
40,0,22.956,33.054,20.29
60,0,22.9214285714,32.9428571429,20.29
60,0,22.956,32.9,20.23
60,10,23.0,32.9714285714,20.29
80,0,23.0,33.0,20.26
60,0,23.0,33.0514285714,20.26
60,0,23.0,33.09,20.2
50,0,23.0,33.1685714286,20.2
50,0,23.0,33.2,20.29
80,0,23.0,33.2128571429,20.23
80,0,22.978,33.254,20.23
110,0,22.89,33.3971428571,20.29
80,0,22.9175,33.6175,20.2
90,0,22.9725,33.7,20.2
90,0,23.0,33.79,20.2
70,0,22.9057142857,33.79,20.2
80,0,22.89,33.856,20.2
80,0,22.89,33.9,20.2
120,0,22.89,33.94,20.2
230,0,22.89,34.0514285714,20.2
310,0,22.89,34.112,20.2
360,0,22.89,34.2,20.2
110,0,22.89,34.218,20.2
120,0,22.89,34.29,20.2
120,0,22.89,34.29,20.2
440,10,22.89,34.29,20.2
150,0,22.934,34.312,20.2
130,0,22.89,34.4428571429,20.2
120,0,22.89,34.5075,20.2
150,10,22.89,34.59,20.2
130,0,22.89,34.59,20.2
130,0,22.89,34.4714285714,20.2
130,0,22.89,34.356,20.2
130,0,22.89,34.29,20.2
100,0,22.89,34.29,20.2
90,0,22.89,34.2257142857,20.2
120,0,22.89,34.156,20.2
410,0,22.89,34.09,20.1333333333
200,0,22.89,34.09,20.1
110,0,22.89,34.09,20.1
120,0,22.89,34.09,20.1
70,10,22.8757142857,34.0771428571,20.1
70,0,22.85,34.138,20.1
70,0,22.89,34.29,20.1
60,0,22.89,34.334,20.1
70,0,22.89,34.4,20.1
70,0,22.89,34.46,20.1333333333
80,0,22.89,34.5,20.1333333333
70,0,22.89,34.5,20.1
70,0,22.89,34.5514285714,20.1
70,0,22.89,34.59,20.2
60,0,22.89,34.63125,20.2
70,0,22.89,34.7,20.2
60,0,22.85,34.754,20.2
70,0,22.8185714286,34.7257142857,20.2
60,0,22.81,34.718,20.2
70,0,22.8614285714,34.79,20.2
80,0,22.83,34.834,20.2
70,0,22.8328571429,34.8371428571,20.2
70,0,22.83,34.856,20.2
70,0,22.8328571429,34.9428571429,20.2
60,0,22.79,34.9,20.2
70,0,22.79,34.9,20.2
60,0,22.79,34.92,20.23
40,0,22.79,35.0,20.23
50,0,22.79,35.0,20.2
50,0,22.79,35.0,20.26
60,0,22.79,35.0,20.29
80,0,22.79,35.0,20.29
60,0,22.79,35.09,20.2
70,0,22.79,35.09,20.26
70,0,22.79,35.09,20.29
60,0,22.79,35.09,20.29
70,0,22.79,35.09,20.29
60,0,22.79,35.09,20.29
80,0,22.79,35.09,20.29
70,0,22.79,35.09,20.29
70,0,22.7675,35.05625,20.29
70,0,22.7,35.0,20.29
60,0,22.7385714286,35.0257142857,20.29
60,0,22.7,35.0,20.29
70,0,22.7257142857,35.0,20.29
70,0,22.7,35.0,20.29
60,0,22.7,35.0,20.29
80,0,22.7,35.0,20.29
70,0,22.7,35.0,20.3566666667
70,0,22.7,35.0,20.3233333333
70,0,22.7,35.0,20.3233333333
50,0,22.7,35.0,20.3566666667
70,0,22.7,35.0,20.3566666667
60,0,22.7,35.0,20.3566666667
70,0,22.7,35.0257142857,20.29
70,0,22.7,35.018,20.39
70,0,22.7,35.09,20.39
80,0,22.66,35.054,20.39
120,10,22.6857142857,35.0771428571,20.39
50,0,22.64,35.072,20.39
40,0,22.6,35.0,20.39
50,0,22.6,35.036,20.39
70,0,22.6,35.2357142857,20.39
70,0,22.6,35.29,20.39
90,0,22.6,35.29,20.39
310,0,22.6,35.254,20.39
340,0,22.6,35.2225,20.39
110,0,22.5857142857,35.1371428571,20.39
80,0,22.56,35.072,20.39
100,0,22.6,35.0,20.39
70,10,22.6,35.0,20.39
100,20,22.6,35.0128571429,20.39
80,10,22.6,35.112,20.39
80,20,22.6714285714,35.2642857143,20.39
70,10,22.736,35.4,20.5
610,20,22.79,35.3242857143,20.5
720,10,22.85,35.2,20.5
400,20,22.89,35.2,20.5
280,10,22.89,35.2,20.5
310,20,22.9528571429,35.2,20.39
260,10,23.0,35.116,20.39
320,20,23.0,34.9571428571,20.39
310,10,23.0,35.0,20.39
320,20,23.0571428571,35.0514285714,20.4633333333
130,20,23.1,35.156,20.39
680,10,23.1714285714,35.2,20.4633333333
610,20,23.2,35.2,20.4633333333
340,10,23.2771428571,35.2771428571,20.4633333333
260,20,23.35,35.236,20.39
290,10,23.39,35.2,20.5
270,0,23.5,35.29,20.4266666667
260,0,23.5,35.1971428571,20.5
250,0,23.4175,35.0225,20.4266666667
260,0,23.39,34.98,20.5
220,0,23.39,34.9,20.5
160,0,23.35,34.856,20.5
130,0,23.3328571429,34.8214285714,20.5
90,0,23.33,34.79,20.5
750,0,23.29,34.79,20.5
720,0,23.29,34.79,20.5
350,0,23.29,34.7771428571,20.5
280,0,23.236,34.7,20.5666666667
290,0,23.2,34.6685714286,20.6
260,0,23.2,34.59,20.6
260,0,23.2,34.5771428571,20.6333333333
240,0,23.2,34.5,20.7
110,0,23.2,34.4285714286,20.6
80,0,23.14,34.356,20.6666666667
90,0,23.1142857143,34.3214285714,20.6666666667
80,0,23.1,34.272,20.6666666667
90,0,23.1,34.2385714286,20.6333333333
80,0,23.1,34.2,20.6333333333
80,0,23.1,34.2,20.6
60,0,23.1,34.2,20.6
330,0,23.0285714286,34.1214285714,20.6
440,0,23.0,34.2,20.6
310,0,23.0,34.2,20.6
440,0,23.0,34.254,20.6333333333
570,0,23.0,34.29,20.6333333333
370,10,23.0,34.3685714286,20.6333333333
270,0,23.0,34.4,20.6333333333
270,0,22.9528571429,34.4142857143,20.6666666667
150,0,22.934,34.5,20.6
120,0,22.89,34.4714285714,20.6
130,0,22.89,34.46,20.6
170,0,22.89,34.4,20.6
440,0,22.89,34.42,20.6
300,0,22.89,34.5,20.6
380,10,22.89,34.5,20.6
870,0,22.8328571429,34.5771428571,20.6
420,0,22.85,34.752,20.6
230,0,22.89,35.0,20.6
180,0,22.85,34.96,20.6
110,0,22.8185714286,34.8528571429,20.6
110,0,22.79,34.9,20.6
110,0,22.79,34.9285714286,20.6
110,0,22.79,35.036,20.6
110,0,22.79,35.1057142857,20.5333333333
120,0,22.772,35.156,20.5
100,0,22.7385714286,35.2,20.5
100,0,22.7,35.2,20.5
90,0,22.7,35.2128571429,20.5
90,0,22.7,35.29,20.39
120,0,22.7,35.3685714286,20.39
100,0,22.7,35.4,20.39
110,0,22.7,35.4,20.39
100,0,22.6857142857,35.3371428571,20.39
110,0,22.6,35.29,20.3233333333
100,0,22.6428571429,35.3371428571,20.29
100,0,22.6,35.29,20.29
90,0,22.6,35.29,20.29
50,10,22.6,35.356,20.29
50,0,22.6,35.3214285714,20.29
40,0,22.6,35.29,20.29
50,0,22.5857142857,35.29,20.29
60,0,22.52,35.29,20.3233333333
50,0,22.5571428571,35.29,20.3233333333
60,0,22.5,35.29,20.39
50,0,22.5,35.2771428571,20.39
60,0,22.5,35.254,20.39
60,0,22.5,35.29,20.39
60,0,22.5,35.2,20.39
50,0,22.5,35.2,20.4633333333
50,0,22.478,35.178,20.5
50,0,22.4371428571,35.1371428571,20.5
60,0,22.39,35.134,20.4266666667
50,0,22.39,35.1685714286,20.5
60,0,22.39,35.2,20.4633333333
60,0,22.39,35.2,20.4633333333
50,0,22.39,35.29,20.5
60,0,22.39,35.334,20.5
60,0,22.3757142857,35.4,20.5
50,0,22.35,35.42,20.5
50,0,22.3471428571,35.5,20.5
50,0,22.29,35.536,20.5
40,0,22.29,35.5642857143,20.5
50,0,22.29,35.59,20.5
60,0,22.29,35.59,20.5
50,0,22.29,35.656,20.5
60,0,22.29,35.6528571429,20.5
60,0,22.29,35.7,20.5
50,0,22.2514285714,35.6214285714,20.5
60,0,22.29,35.59,20.5333333333
60,0,22.2385714286,35.5385714286,20.6
50,0,22.2,35.5,20.5333333333
50,0,22.2,35.5,20.5333333333
50,0,22.2,35.46,20.6
50,0,22.2,35.4285714286,20.6
50,0,22.2,35.4,20.6
60,0,22.2,35.4,20.6
40,0,22.2,35.4,20.6
70,0,22.1857142857,35.4,20.6
50,0,22.14,35.4,20.6
60,0,22.1,35.4,20.6
50,0,22.1,35.4,20.6
60,0,22.1,35.4,20.6
50,0,22.1,35.4,20.6
50,0,22.1,35.4,20.6
50,0,22.0666666667,35.29,20.6
50,0,22.0666666667,35.29,20.6
50,0,22.0,35.2,20.6
50,0,22.0,35.26,20.6
60,0,22.0,35.29,20.6
50,0,22.0,35.29,20.6
60,0,22.0,35.29,20.6
50,0,22.0,35.29,20.6
60,0,22.0,35.29,20.6
60,0,22.0,35.29,20.6
50,0,21.9266666667,35.29,20.6
50,0,21.9266666667,35.29,20.6
50,0,21.9633333333,35.29,20.6
50,0,21.9633333333,35.29,20.6
60,0,22.0,35.2,20.6
80,0,21.9266666667,35.2,20.6
50,0,21.89,35.2,20.6
60,0,21.89,35.2225,20.6
50,0,21.89,35.29,20.6333333333
80,0,21.9633333333,35.29,20.7
80,0,21.9633333333,35.3633333333,20.73
50,0,22.0333333333,35.5966666667,20.79
70,0,22.1,35.8633333333,20.73
180,0,22.1333333333,36.03,20.79
190,0,22.2,36.09,20.79
120,0,22.29,36.26,20.79
300,0,22.29,36.2,20.79
350,0,22.39,36.1333333333,20.8566666667
130,0,22.39,35.9333333333,20.79
130,0,22.39,35.76,20.79
120,0,22.39,35.5666666667,20.79
140,0,22.39,35.4666666667,20.79
100,0,22.39,35.2666666667,20.79
110,0,22.5,35.26,20.79
370,0,22.4266666667,35.1266666667,20.79
400,0,22.5,35.06,20.79
300,10,22.4725,34.9475,20.79
300,0,22.39,34.79,20.79
280,0,22.5,34.79,20.79
280,0,22.5,34.79,20.79
320,0,22.5,34.7,20.79
360,0,22.5,34.7,20.79
210,0,22.5,34.7,20.79
90,0,22.5,34.7,20.79
100,0,22.5,34.7,20.79
90,0,22.5,34.8333333333,20.79
90,0,22.5,35.0,20.79
100,0,22.5,34.9333333333,20.79
100,0,22.5,34.76,20.79
100,10,22.5,34.6266666667,20.745
130,0,22.5,34.4666666667,20.79
260,0,22.5666666667,34.3266666667,20.79
110,0,22.5333333333,34.26,20.79
110,0,22.6,34.2,20.79
110,0,22.6,34.06,20.79
110,0,22.6,33.975,20.79
110,10,22.6,33.8266666667,20.79
110,0,22.5,33.76,20.73
110,0,22.5,33.7,20.73
110,0,22.5,33.6633333333,20.79
80,0,22.5,33.5257142857,20.76
90,0,22.5,33.5,20.76
80,0,22.5428571429,33.3985714286,20.79
80,0,22.52,33.272,20.79
70,10,22.6,33.2,20.79
80,0,22.6,33.09,20.79
80,0,22.6,33.0771428571,20.76
70,0,22.58,33.0,20.7
60,0,22.5,32.9285714286,20.79
60,0,22.5,32.9,20.73
60,0,22.5,32.8371428571,20.79
80,0,22.5,32.772,20.73
80,0,22.5,32.7,20.73
80,10,22.5,32.59,20.79
70,0,22.5,32.5385714286,20.79
80,0,22.5,32.48,20.73
80,0,22.5,32.4,20.79
190,0,22.5,32.356,20.73
580,0,22.5,32.2385714286,20.73
480,0,22.5,32.1266666667,20.79
200,10,22.4685714286,32.2271428571,20.73
120,0,22.5,32.5,20.7
120,0,22.5,32.5,20.7
140,0,22.4214285714,32.4714285714,20.76
110,0,22.434,32.5,20.7
110,0,22.39,32.5642857143,20.7
120,0,22.39,32.5,20.7
100,10,22.39,32.4142857143,20.7
120,0,22.35,32.334,20.6333333333
120,0,22.39,32.2257142857,20.6
120,0,22.29,32.09,20.6
110,0,22.29,32.0514285714,20.6
110,0,22.272,32.014,20.6
110,0,22.2642857143,31.89,20.6
100,0,22.236,32.0,20.6
110,0,22.2385714286,31.8914285714,20.5333333333
60,10,22.2,31.79,20.5333333333
70,0,22.2,31.79,20.5666666667
60,0,22.2,31.79,20.5
70,0,22.2,31.79,20.5333333333
90,10,22.16,31.81,20.6
60,0,22.1714285714,31.8185714286,20.5333333333
60,0,22.1,31.89,20.6
60,0,22.1,31.89,20.5666666667
60,0,22.08,31.89,20.5666666667
50,0,22.075,31.9725,20.6
60,0,22.0714285714,31.9685714286,20.525
60,0,22.0,31.89,20.5666666667
60,0,22.0,31.9842857143,20.5333333333
60,0,22.0,32.0,20.6
60,0,22.0,32.0257142857,20.6
60,0,22.0,32.09,20.6
60,0,22.0,32.09,20.5666666667
50,0,22.0,32.09,20.5
50,0,21.9685714286,32.09,20.6
60,0,21.89,32.09,20.6
60,0,21.89,32.09,20.5
50,0,21.934,32.112,20.5
60,0,21.89,32.2,20.5333333333
60,0,21.89,32.2,20.6
60,0,21.89,32.2,20.5333333333
60,0,21.85,32.156,20.5333333333
60,0,21.89,32.2,20.5333333333
30,0,21.79,32.156,20.5333333333
40,0,21.8328571429,32.2228571429,20.5
30,0,21.83,32.236,20.5
30,0,21.79,32.2,20.5
60,0,21.79,32.29,20.5333333333
70,0,21.79,32.29,20.5333333333
70,0,21.79,32.356,20.5
50,0,21.79,32.4,20.5
70,0,21.7,32.4,20.5
50,0,21.7,32.4,20.5
50,0,21.7,32.4,20.5
60,0,21.7,32.4,20.5
50,0,21.7,32.4714285714,20.5
60,0,21.7,32.5,20.5
50,0,21.6428571429,32.4428571429,20.5
60,0,21.66,32.46,20.5
70,0,21.7,32.5257142857,20.5
50,0,21.6,32.5,20.5
70,0,21.6,32.5,20.5
50,0,21.6,32.5,20.5
50,0,21.6,32.5,20.5
50,0,21.6,32.5,20.5
60,0,21.6,32.572,20.5
50,0,21.5625,32.5675,20.5
60,0,21.6,32.59,20.5
60,0,21.5857142857,32.6528571429,20.5
60,0,21.5,32.7,20.5
60,0,21.5,32.7257142857,20.5
50,0,21.5,32.79,20.5
50,0,21.5,32.79,20.5
40,0,21.5,32.812,20.5
50,0,21.5,32.9285714286,20.5
70,0,21.5,33.29,20.5
70,0,21.5,33.38625,20.5
70,0,21.5,33.4,20.5
70,0,21.5,33.376,20.4266666667
80,10,21.5,33.5,20.5
100,0,21.5,33.634,20.5
80,0,21.5,33.7385714286,20.4266666667
70,0,21.56,33.776,20.39
120,10,21.6,33.9714285714,20.39
70,10,21.64,34.036,20.39
70,20,21.6714285714,34.1528571429,20.39
140,20,21.7,34.218,20.4633333333
100,10,21.7,34.3214285714,20.4633333333
100,10,21.79,34.4,20.39
320,10,21.8471428571,34.4128571429,20.39
330,0,21.83,34.152,20.39
120,0,21.79,33.9285714286,20.5
80,0,21.79,33.754,20.5
90,0,21.7385714286,33.6814285714,20.4633333333
100,0,21.754,33.876,20.4633333333
90,0,21.79,34.0,20.39
100,0,21.79,34.036,20.39
90,0,21.79,33.9557142857,20.39
90,0,21.79,33.878,20.4633333333
80,10,21.7257142857,33.79,20.4633333333
80,0,21.7,33.79,20.39
220,0,21.7,33.79,20.39
400,0,21.7,33.83125,20.4633333333
90,0,21.7,33.856,20.445
70,0,21.7,33.9714285714,20.4633333333
70,0,21.7,34.0,20.4633333333
60,0,21.7,34.0514285714,20.4266666667
80,0,21.7,34.09,20.5
60,0,21.7,34.1685714286,20.5
70,10,21.7,34.2,20.5
60,0,21.7,34.1842857143,20.4266666667
60,0,21.64,34.09,20.5
70,0,21.6,34.09,20.4266666667
60,0,21.6,34.134,20.5
50,0,21.6142857143,34.2128571429,20.5
50,0,21.7,34.312,20.5
50,0,21.7,34.4,20.4266666667
60,0,21.7,34.4,20.5
70,10,21.6428571429,34.3657142857,20.5
60,0,21.62,34.312,20.5
60,0,21.7,34.4,20.5
70,0,21.7,34.4,20.5
70,0,21.7,34.4571428571,20.5
80,0,21.7,34.5,20.5
60,0,21.7,34.4285714286,20.5
80,0,21.7,34.4,20.5
70,0,21.7,34.4,20.5
60,10,21.7,34.3725,20.5
60,0,21.7,34.4,20.5
60,0,21.7,34.3685714286,20.5666666667
80,0,21.7,34.4,20.5666666667
80,0,21.6857142857,34.2928571429,20.5
80,0,21.6,34.178,20.5
100,0,21.6,34.09,20.5
90,0,21.6,34.2,20.5
110,0,21.6,34.2928571429,20.5
100,0,21.66,34.478,20.5
110,0,21.7,34.59,20.5
120,0,21.7,34.59,20.5
120,0,21.7128571429,34.5385714286,20.5
110,0,21.79,34.5,20.5
110,0,21.79,34.35,20.5
110,0,21.7,34.054,20.5
110,0,21.7,33.88,20.5
110,0,21.7,33.772,20.5
100,0,21.7,33.6685714286,20.4266666667
100,0,21.7,33.554,20.39
90,0,21.6142857143,33.3385714286,20.39
70,0,21.6,33.178,20.39
100,0,21.6,33.09,20.39
100,0,21.6,33.0,20.29
120,0,21.5428571429,32.8514285714,20.29
110,0,21.5,32.714,20.29
110,0,21.5,32.57875,20.29
110,10,21.4685714286,32.4714285714,20.29
110,0,21.39,32.29,20.29
110,0,21.39,32.2771428571,20.26
100,10,21.39,32.218,20.2
90,0,21.39,32.2257142857,20.2
110,0,21.35,32.2,20.2
90,0,21.29,32.2771428571,20.2
90,0,21.29,32.334,20.175
80,0,21.29,32.29,20.1666666667
80,0,21.29,32.29,20.2
80,10,21.2385714286,32.29,20.2
80,0,21.236,32.334,20.2
80,0,21.2385714286,32.3371428571,20.2
70,0,21.2,32.334,20.2
70,0,21.2,32.4,20.2
60,0,21.2,32.4,20.2
60,0,21.2,32.4,20.2
60,0,21.2,32.46,20.2
80,0,21.1142857143,32.4857142857,20.2
70,0,21.1,32.5,20.2
80,0,21.1,32.5257142857,20.2
80,0,21.1,32.59,20.2
70,0,21.1,32.59,20.2
80,0,21.1,32.612,20.2
70,0,21.0875,32.68625,20.2
70,0,21.0,32.59,20.2
80,0,21.04,32.7,20.2
60,0,21.0142857143,32.7,20.2
70,0,21.0,32.718,20.2
60,0,21.0,32.79,20.2
70,0,21.0,32.79,20.2
70,0,21.0,32.8528571429,20.2
60,0,21.0,32.856,20.2
80,0,20.9214285714,32.9,20.2
70,0,20.89,32.9,20.2
60,0,20.89,32.9857142857,20.2
70,0,20.89,33.0,20.2
70,0,20.89,33.0,20.2
60,0,20.89,33.09,20.2
40,0,20.89,33.09,20.2
40,0,20.87,33.072,20.2
50,0,20.79,33.0,20.2
70,0,20.79,33.0,20.2
80,0,20.79,33.0771428571,20.2
70,0,20.79,33.09,20.2
70,0,20.79,33.09,20.2
60,0,20.754,33.2,20.2
60,0,20.7,33.2,20.2
70,0,20.736,33.2,20.2
60,0,20.7,33.2675,20.2
70,0,20.7,33.29,20.2
70,0,20.7,33.4,20.2
80,0,20.7,33.4,20.2
110,0,20.7,33.4,20.2
60,0,20.6571428571,33.4285714286,20.2
60,10,20.64,33.58,20.2
70,0,20.6428571429,33.6528571429,20.2
70,0,20.6,33.718,20.2
110,0,20.6,33.8214285714,20.2
60,10,20.6,33.9,20.2
30,0,20.6,33.9,20.2
40,0,20.56,33.9,20.1666666667
30,0,20.6,33.8214285714,20.1
60,0,20.6,33.9,20.1
60,10,20.6,33.8528571429,20.1
40,0,20.6,33.856,20.1
50,0,20.5714285714,33.9,20.1
60,20,20.5,33.834,20.1
70,10,20.5857142857,33.9571428571,20.1
70,20,20.6,34.054,20.1
70,10,20.6,34.1214285714,20.0
70,20,20.66,34.29,20.0
60,20,20.6857142857,34.4828571429,20.0
60,10,20.7,34.612,20.0
70,20,20.71125,34.71125,20.0
60,10,20.79,34.79,20.0
70,20,20.79,34.834,20.0
60,10,20.8757142857,34.9857142857,19.9266666667
70,10,20.89,35.018,20.0
60,0,20.89,35.0257142857,19.9266666667
40,10,20.89,35.0,19.89
50,20,20.89,35.0671428571,19.89
40,10,20.912,35.218,19.89
60,20,20.9214285714,35.29,19.865
70,10,20.934,35.4,19.8566666667
60,20,21.0,35.4142857143,19.89
70,10,21.0,35.518,19.89
70,20,21.0,35.59,19.89
70,10,21.06,35.656,19.89
60,20,21.0857142857,35.7228571429,19.89
60,10,21.1,35.718,19.89
70,10,21.1,35.79,19.8566666667
60,0,21.1,35.79,19.8566666667
60,0,21.1,35.79,19.8566666667
60,10,21.1,35.812,19.8566666667
70,20,21.1,35.9,19.79
70,10,21.16,35.9,19.79
60,20,21.1571428571,36.0085714286,19.79
80,10,21.2,36.13,19.79
60,20,21.2,36.30375,19.79
60,10,21.2,36.4,19.79
50,10,21.29,36.536,19.79
40,20,21.29,36.59,19.79
50,10,21.29,36.634,19.79
50,20,21.29,36.5642857143,19.79
60,10,21.29,36.5,19.79
70,20,21.29,36.3514285714,19.79
60,10,21.29,36.29,19.79
60,20,21.29,36.3214285714,19.79
70,10,21.29,36.4,19.79
70,10,21.29,36.4857142857,19.79
60,0,21.29,36.5,19.79
60,0,21.29,36.4285714286,19.76
70,0,21.254,36.356,19.7
60,0,21.2,36.29,19.7
80,0,21.2,36.29,19.7
60,0,21.2,36.3685714286,19.7
60,0,21.2,36.4,19.7
60,0,21.1428571429,36.4571428571,19.73
50,0,21.14,36.5,19.73
70,0,21.1,36.5,19.7
90,0,21.1,36.634,19.7
80,0,21.0857142857,36.7385714286,19.7
90,0,21.04,36.798,19.7
80,20,21.0,36.80375,19.7
80,20,21.0,36.9714285714,19.7
170,10,21.04,37.17,19.7
440,20,21.0571428571,37.2642857143,19.7
250,10,21.06,37.456,19.7
110,0,21.1,37.8428571429,19.6
110,0,21.1,37.96,19.6666666667
120,0,21.1,37.7285714286,19.6
120,20,21.1,37.656,19.6
110,20,21.1,37.8428571429,19.6
110,10,21.1,37.96,19.6
170,20,21.1,37.8242857143,19.6
110,0,21.1,37.7,19.6
90,0,21.1,37.6214285714,19.6
100,0,21.1,37.46,19.6
100,0,21.1,37.2542857143,19.6
100,0,21.04,37.116,19.575
100,0,21.0,36.9285714286,19.5
120,20,21.0,36.834,19.5
120,10,21.0,36.9142857143,19.5
120,10,21.0,37.094,19.5
100,20,21.0714285714,37.4657142857,19.5
100,10,21.1,37.736,19.5
90,10,21.1,37.8985714286,19.5
70,20,21.12,38.018,19.5
60,10,21.2,38.1725,19.5
80,10,21.2,38.2,19.5
70,20,21.2,38.2,19.5
60,10,21.2,38.1371428571,19.5
60,10,21.218,38.112,19.5
60,20,21.2257142857,38.1214285714,19.5
60,10,21.29,38.09,19.5
60,10,21.29,38.0385714286,19.5
70,20,21.29,37.94,19.5
70,10,21.29,37.9,19.5
70,10,21.29,37.79,19.5
70,20,21.29,37.7385714286,19.5
60,10,21.29,37.634,19.5
60,10,21.29,37.59,19.5
60,20,21.39,37.5,19.5
70,10,21.39,37.4428571429,19.5
60,10,21.39,37.4,19.5
40,10,21.39,37.3685714286,19.5
60,20,21.39,37.29,19.5
50,20,21.39,37.2542857143,19.5
60,10,21.39,37.09,19.5
50,0,21.39,37.1685714286,19.5
50,0,21.39,36.9,19.5
50,10,21.3757142857,36.7385714286,19.5
50,0,21.29,36.516,19.5
50,0,21.29,36.3685714286,19.5
60,0,21.2675,36.10875,19.5
60,0,21.2,35.9,19.5
50,0,21.2,35.8371428571,19.5
50,0,21.2,35.736,19.5
60,0,21.1285714286,35.6214285714,19.5666666667
40,0,21.1,35.554,19.5
50,0,21.1,35.4428571429,19.5
50,0,21.08,35.378,19.5
50,0,21.0,35.29,19.5
60,0,21.0,35.2,19.5
50,0,20.9842857143,35.1842857143,19.5
60,0,20.934,35.09,19.5
50,0,20.89,35.09,19.5
30,0,20.89,35.0,19.5
30,0,20.8471428571,34.9428571429,19.5
20,0,20.83,34.834,19.5
40,0,20.79,34.79,19.5
50,0,20.79,34.79,19.5
60,0,20.73,34.73,19.5
60,0,20.76,34.7,19.5
50,0,20.76,34.7,19.5
70,0,20.7,34.6633333333,19.5
80,0,20.7,34.59,19.5
50,0,20.7,34.59,19.5
60,0,20.6666666667,34.56,19.5
280,0,20.6,34.5,19.5
150,0,20.6,34.5,19.5
70,0,20.6,34.5,19.5
70,0,20.6,34.5,19.5
100,0,20.6,34.5,19.5
60,10,20.5,34.6566666667,19.5
70,0,20.5,34.93,19.5
50,0,20.5,35.06,19.5
40,0,20.5,34.9333333333,19.5
40,0,20.5,34.76,19.5
40,0,20.5,34.7,19.5
60,0,20.39,34.59,19.5
380,0,20.39,34.59,19.5
220,0,20.39,34.59,19.5
50,0,20.39,34.59,19.5
50,0,20.39,34.73,19.6
50,0,20.4725,34.9475,19.6
50,0,20.5666666667,35.06,19.6666666667
50,0,20.6,35.06,19.7
40,0,20.6666666667,35.06,19.7
60,0,20.73,35.06,19.7
60,0,20.79,35.0,19.7
60,0,20.79,35.0,19.7
60,0,20.79,35.0,19.7
50,0,20.89,35.06,19.7
50,0,20.89,35.0,19.7
50,0,20.89,35.0,19.7
40,0,20.89,34.9333333333,19.7
50,0,20.8566666667,34.8633333333,19.7
30,0,20.8566666667,34.8633333333,19.7
40,0,20.79,34.79,19.6666666667
30,0,20.79,34.79,19.6
50,0,20.79,34.79,19.7
60,0,20.8566666667,34.79,19.7
40,0,20.89,34.9,19.7
50,0,20.89,34.8725,19.7
50,0,20.9633333333,34.79,19.7
50,0,20.89,34.79,19.7
60,0,20.89,34.79,19.7
50,0,20.89,34.79,19.7
60,0,20.89,34.79,19.7
50,0,20.89,34.79,19.7
60,0,20.89,34.79,19.6333333333
50,0,20.89,34.79,19.7
40,0,20.89,34.79,19.6333333333
50,0,20.8566666667,34.79,19.6
50,0,20.79,34.79,19.6
60,0,20.79,34.79,19.6
60,0,20.79,34.79,19.6
40,0,20.79,34.8633333333,19.6
40,0,20.79,34.79,19.6
30,0,20.76,34.79,19.6
30,0,20.76,34.73,19.6
40,0,20.76,34.7,19.6
50,0,20.7,34.745,19.6
50,0,20.7,34.7,19.6
60,0,20.7,34.7,19.6
50,0,20.7,34.7,19.6
60,0,20.7,34.79,19.6
50,0,20.6333333333,34.73,19.6
50,0,20.6666666667,34.76,19.6
50,0,20.6,34.7,19.6
50,0,20.6,34.7,19.6
50,0,20.6,34.7,19.6
70,0,20.6,34.59,19.5
90,0,20.6,34.59,19.5
120,0,20.6,34.5,19.5
100,0,20.6,34.5,19.5
90,0,20.6,34.5,19.5
100,0,20.6,34.4333333333,19.5
110,0,20.6,34.3633333333,19.5
210,0,20.6,34.29,19.5
590,0,20.5,34.1633333333,19.5
460,0,20.5,34.0225,19.5
100,0,20.5,33.9333333333,19.5
100,0,20.5,33.8633333333,19.5
100,0,20.5,33.73,19.4266666667
80,0,20.4633333333,33.56,19.39
70,0,20.39,33.5,19.39
100,0,20.39,33.3333333333,19.39
140,0,20.39,33.2,19.39
120,0,20.39,33.09,19.39
130,0,20.39,33.03,19.39
130,0,20.39,32.9,19.3566666667
100,0,20.3233333333,32.9,19.3566666667
110,0,20.39,32.9,19.29
100,0,20.3233333333,32.9,19.29
100,0,20.29,32.8633333333,19.29
100,0,20.29,32.79,19.29
100,0,20.29,32.8633333333,19.29
100,0,20.29,32.79,19.23
90,10,20.29,32.79,19.2
80,0,20.245,32.8175,19.2675
90,0,20.23,32.9,19.29
80,0,20.2,32.9,19.3233333333
80,0,20.2,32.9666666667,19.39
70,0,20.2,33.0,19.39
50,0,20.2,33.06,19.3233333333
40,0,20.2,33.09,19.39
30,0,20.2,33.1633333333,19.39
30,0,20.2,33.1266666667,19.39
40,0,20.1333333333,33.2,19.39
60,0,20.1,33.2,19.39
60,0,20.1,33.26,19.39
50,0,20.1,33.29,19.39
50,0,20.1,33.29,19.39
40,0,20.1,33.29,19.39
50,0,20.0333333333,33.29,19.39
60,0,20.1,33.4,19.39
50,0,20.1,33.4,19.39
60,0,20.0,33.29,19.39
60,0,20.0,33.29,19.39
60,0,20.0,33.29,19.39
50,0,20.0,33.29,19.39
50,0,20.0,33.3633333333,19.39
50,0,19.9633333333,33.29,19.39
40,0,19.89,33.29,19.39
50,0,19.9633333333,33.29,19.39
60,0,19.89,33.29,19.39
30,0,19.89,33.4,19.39
40,0,19.89,33.4,19.39
40,0,19.89,33.4,19.39
30,0,19.89,33.4,19.39
50,0,19.89,33.4,19.39
50,0,19.89,33.4,19.39
50,0,19.8566666667,33.3633333333,19.39
50,0,19.79,33.29,19.39
50,0,19.79,33.29,19.39
50,0,19.79,33.29,19.39
60,0,19.79,33.4,19.39
40,0,19.79,33.4,19.39
70,0,19.79,33.4,19.39
50,0,19.73,33.4,19.39
40,0,19.73,33.4,19.39
60,0,19.7,33.5,19.39
40,0,19.7,33.5,19.39
60,0,19.7,33.5,19.39
50,0,19.7,33.56,19.39
50,0,19.7,33.59,19.39
60,0,19.7,33.59,19.39
80,0,19.6,33.59,19.39
20,0,19.6666666667,33.6633333333,19.39
30,0,19.6,33.59,19.39
30,10,19.6,33.59,19.39
40,0,19.6,33.7,19.39
60,0,19.6,33.7,19.39
80,0,19.6,33.7,19.39
70,0,19.6,33.9,19.39
70,10,19.6,34.545,19.39
60,0,19.6,34.7,19.39
50,0,19.6,34.76,19.39
60,10,19.6,34.9333333333,19.29
60,20,19.6,35.06,19.29
60,10,19.7633333333,35.39,19.29
80,30,20.03,35.7233333333,19.29
60,20,20.23,35.73,19.29
70,30,20.29,35.73,19.29
70,20,20.39,35.59,19.26
50,30,20.39,35.53,19.2
70,30,20.39,35.3633333333,19.2
40,20,20.39,35.23,19.2
40,30,20.4266666667,35.2,19.2
90,30,20.4266666667,35.1266666667,19.1333333333
70,20,20.4266666667,35.1266666667,18.9633333333
110,20,20.5,35.2,18.89
80,20,20.5,35.29,19.0333333333
80,10,20.5,35.3633333333,19.1666666667
60,20,20.55,35.545,19.2
60,10,20.6,35.6266666667,19.2
90,10,20.6,35.7,19.2
90,20,20.6,35.7,19.2
100,10,20.6,35.7,19.2
80,10,20.6,35.7,19.2
70,20,20.6666666667,35.8333333333,19.2
110,0,20.7,36.03,19.2
50,0,20.7,36.2233333333,19.2
40,10,20.7,36.4,19.2
40,0,20.77,37.3388888889,19.2
20,0,20.79,37.8557142857,19.2
50,10,20.73,37.6933333333,19.2
70,0,20.7,37.1942857143,19.2
70,0,20.7,36.8027777778,19.2
70,0,20.7,36.515,19.2
70,0,20.7,36.4722222222,19.2
60,0,20.7,36.3816666667,19.2
60,0,20.735,36.2144444444,19.2
60,0,20.7654545455,36.0245454545,19.2
70,0,20.7,35.9333333333,19.2
70,0,20.7,35.9,19.2
90,0,20.76,35.9,19.2
150,0,20.79,35.76,19.2
90,0,20.79,35.5666666667,19.23
80,0,20.79,35.1,19.29
100,0,20.79,34.8633333333,19.29
60,0,20.79,34.8633333333,19.29
60,0,20.79,34.9,19.29
70,0,20.73,34.8266666667,19.29
70,0,20.76,34.79,19.29
90,0,20.7,34.73,19.29
90,0,20.7,34.7,19.29
80,0,20.7,34.6266666667,19.29
90,0,20.7,34.5,19.23
100,0,20.7,34.5,19.29
100,0,20.6666666667,34.26,19.23
100,0,20.6,34.1266666667,19.23
100,0,20.6,34.06,19.26
110,0,20.6,34.0,19.2
100,0,20.5,34.0,19.2
100,0,20.5363636364,33.9045454545,19.2
90,0,20.5,33.7088888889,19.2
100,0,20.5,33.6511111111,19.2
70,0,20.5,33.59,19.2
60,0,20.4175,33.5058333333,19.2
70,0,20.39,33.4833333333,19.2
90,0,20.39,33.4666666667,19.2
120,0,20.39,33.5,19.1333333333
110,0,20.39,33.5,19.2
160,0,20.34,33.545,19.2
360,0,20.29,33.678,19.1
180,0,20.29,33.76,19.1
100,0,20.29,34.0966666667,19.1
100,10,20.29,34.49,19.1
100,0,20.29,34.73,19.1
140,0,20.29,34.79,19.1
100,0,20.29,34.9333333333,19.1
100,0,20.29,35.06,19.1
120,0,20.29,35.1266666667,19.1
100,0,20.29,35.2,19.1
90,0,20.29,35.3266666667,19.1
110,0,20.29,35.4,19.0333333333
100,0,20.29,35.5,19.1
100,0,20.29,35.5,19.0
110,0,20.29,35.4,19.0
100,0,20.29,35.3266666667,19.0
110,0,20.29,35.29,19.0
130,0,20.29,35.2,19.0
80,20,20.23,35.1266666667,19.0
70,10,20.2,35.1566666667,19.0
60,20,20.26,35.43,19.0
50,10,20.29,35.6266666667,19.0
60,10,20.29,35.8333333333,18.9266666667
70,20,20.3233333333,36.1266666667,19.0
80,10,20.39,36.2,19.0
70,10,20.39,36.2,19.0
70,20,20.39,36.2,18.9175
80,10,20.39,36.23,18.89
70,20,20.4633333333,36.3633333333,18.9266666667
60,10,20.5,36.4,18.9266666667
70,10,20.5666666667,36.4,18.89
70,20,20.5666666667,36.29,18.89
70,10,20.5666666667,36.23,18.89
70,20,20.5666666667,36.1633333333,18.89
60,10,20.5666666667,36.03,18.89
60,10,20.6,36.0,18.89
60,20,20.6,35.9,18.89
40,10,20.6,35.8266666667,18.89
40,10,20.6,35.9,18.89
50,10,20.6,35.9,18.89
40,0,20.6,35.8633333333,18.89
50,0,20.6,35.73,18.89
60,0,20.6,35.5266666667,18.89
40,0,20.5333333333,35.3266666667,18.89
50,10,20.5,35.2,18.89
50,0,20.5,35.2,18.89
60,0,20.5,35.2,18.89
50,0,20.4266666667,35.1266666667,18.89
60,0,20.39,35.0,18.89
60,0,20.39,35.0,18.89
50,0,20.3566666667,34.9,18.89
50,0,20.29,34.8266666667,18.89
50,0,20.29,34.79,18.89
50,10,20.245,34.7225,18.89
50,0,20.23,34.6266666667,18.89
50,0,20.2,34.59,18.89
30,0,20.2,34.59,18.89
40,0,20.1666666667,34.5,18.89
40,0,20.1,34.5,18.89
30,0,20.1,34.4,18.89
60,0,20.1,34.4,18.89
40,0,20.1,34.29,18.89
50,0,20.0333333333,34.23,18.89
50,0,20.0,34.2,18.89
50,0,20.0,34.1266666667,18.89
60,0,19.9633333333,34.1633333333,18.89
60,10,19.9633333333,34.09,18.89
80,0,19.89,34.09,18.89
60,0,19.89,34.03,18.89
50,0,19.89,34.0,18.89
270,0,19.89,34.0,18.89
160,10,19.8566666667,33.9666666667,18.89
80,0,19.79,33.8725,18.89
70,0,19.79,33.8633333333,18.89
60,0,19.79,34.03,18.89
70,0,19.79,34.09,18.89
60,0,19.79,34.36,18.89
70,0,19.79,34.56,18.89
80,0,19.79,34.6266666667,18.8566666667
70,0,19.79,34.7,18.79
70,0,19.79,34.79,18.8233333333
90,0,19.79,34.79,18.8233333333
310,0,19.79,34.79,18.79
350,0,19.79,34.79,18.9266666667
80,0,19.79,34.89,19.0
70,0,19.8566666667,35.2233333333,19.0
80,0,20.0,35.4333333333,19.0666666667
70,0,20.0666666667,35.56,19.1
70,0,20.2,35.7666666667,19.1
80,0,20.26,36.0266666667,19.1
80,0,20.39,36.23,19.1
60,0,20.4725,36.3725,19.1
60,20,20.5666666667,36.4,19.1
60,10,20.6333333333,36.4,19.1
60,10,20.7,36.4,19.1
80,10,20.79,36.3633333333,19.1
90,10,20.8566666667,36.3633333333,19.1
70,10,21.0,36.26,19.1
70,10,21.0666666667,36.2,19.1
90,10,21.1333333333,36.2,19.1
80,20,21.2,36.1266666667,19.1
70,10,21.23,35.8633333333,19.05
70,10,21.23,35.5966666667,19.1
60,10,21.26,35.43,19.1
70,10,21.2,35.29,19.0
40,0,21.2,35.1333333333,19.0
50,0,21.2,34.86,19.0
50,0,21.1666666667,34.7,19.0
60,0,21.1,34.6266666667,19.0
50,0,21.0666666667,34.56,19.0
30,0,21.0,34.425,19.0
30,0,21.0,34.4,19.0
40,0,21.0,34.4333333333,19.0
30,0,21.0,34.5,19.0
60,0,20.9633333333,34.5,19.0
50,0,20.89,34.5,19.0
50,0,20.89,34.4666666667,18.9266666667
60,0,20.89,34.4,19.0
60,0,20.89,34.4333333333,19.0
50,0,20.89,34.5,19.0
40,0,20.79,34.5,18.945
50,0,20.79,34.5,18.9266666667
50,0,20.79,34.4666666667,18.9266666667
50,0,20.79,34.3266666667,18.89
50,0,20.76,34.26,18.89
60,0,20.7,34.2,18.89
80,0,20.7,34.06,18.89
80,0,20.7,34.0,18.89
70,0,20.7,34.0,18.89
50,0,20.7,33.925,18.89
50,0,20.7,33.9,18.89
50,0,20.7,33.76,18.89
120,0,20.7,33.76,18.89
400,0,20.7,33.76,18.89
240,0,20.7,33.6266666667,18.89
120,0,20.7,33.56,18.89
120,0,20.6333333333,33.36,18.89
120,0,20.6,33.1633333333,18.8566666667
130,0,20.6,32.9633333333,18.8566666667
120,0,20.6,32.7666666667,18.79
140,0,20.6,32.2266666667,18.79
230,0,20.6,32.09,18.79
580,0,20.6,32.09,18.79
410,0,20.5,32.2,18.79
350,0,20.5,32.2,18.79
560,0,20.5666666667,32.09,18.79
550,0,20.5,32.09,18.79
300,0,20.5,31.945,18.79
300,0,20.5,31.79,18.79
290,0,20.5,31.73,18.79
200,0,20.5,31.6666666667,18.79
150,0,20.4266666667,31.5333333333,18.79
120,0,20.4266666667,31.5333333333,18.79
90,0,20.4266666667,31.46,18.79
90,0,20.39,31.39,18.79
70,0,20.39,31.3233333333,18.79
90,0,20.39,31.29,18.76
90,0,20.39,31.29,18.7
110,0,20.3566666667,31.39,18.7
130,0,20.29,31.4633333333,18.7
110,0,20.29,31.5333333333,18.7
100,0,20.29,31.6,18.7
80,10,20.29,31.7,18.7
50,0,20.29,31.76,18.7
50,0,20.2,31.6,18.7
50,0,20.2,31.5333333333,18.7
40,0,20.2,31.6,18.7
60,0,20.2,31.6,18.7
60,0,20.2,31.6666666667,18.7
50,0,20.2,31.7,18.6333333333
60,0,20.1333333333,31.7,18.7
50,0,20.1,31.79,18.7
40,0,20.1,31.8566666667,18.7
50,0,20.1,31.9266666667,18.7
50,0,20.0333333333,32.0,18.7
60,0,20.0,32.03,18.7
60,0,20.0,32.1633333333,18.7
50,0,20.0,32.2,18.7
50,0,20.0,32.26,18.7
40,0,20.0,32.29,18.7
30,0,20.0,32.29,18.7
20,0,19.9633333333,32.3633333333,18.7
40,0,19.9633333333,32.3633333333,18.7
50,0,19.89,32.4,18.76
50,0,19.89,32.4,18.79
60,0,19.89,32.5,18.73
50,0,19.89,32.5,18.79
70,0,19.89,32.5,18.79
50,0,19.89,32.5,18.79
50,0,19.8233333333,32.4333333333,18.79
50,0,19.79,32.5,18.79
50,0,19.79,32.5,18.79
50,0,19.79,32.5,18.79
50,0,19.79,32.56,18.79
50,0,19.79,32.59,18.79
60,0,19.79,32.59,18.79
50,0,19.79,32.59,18.79
60,0,19.73,32.59,18.79
50,0,19.76,32.7,18.79
50,0,19.7,32.7,18.79
50,0,19.7,32.7,18.79
40,0,19.7,32.76,18.79
40,0,19.7,32.79,18.79
30,0,19.7,32.79,18.79
40,0,19.7,32.79,18.79
40,0,19.6,32.79,18.79
50,0,19.6,32.79,18.79
50,0,19.6,32.8633333333,18.79
50,0,19.6,32.8633333333,18.79
50,0,19.6,32.9,18.79
50,0,19.6,32.9,18.79
50,0,19.6,33.0,18.79
50,0,19.6,33.0,18.79
60,0,19.5333333333,33.0,18.79
50,0,19.5333333333,33.0,18.79
60,0,19.5,33.09,18.79
60,0,19.5,33.09,18.79
70,0,19.5,33.09,18.79
100,0,19.5,33.1725,18.79
60,0,19.5,33.4633333333,18.79
60,0,19.5,33.7233333333,18.79
130,0,19.5,33.79,18.79
470,10,19.5,33.8175,18.79
290,0,19.5,33.9,18.79
250,0,19.5,34.0,18.76
250,0,19.5,34.0,18.7
400,0,19.5,34.23,18.7
510,0,19.5,34.4475,18.7
260,0,19.5,34.56,18.7
80,0,19.5777777778,34.4666666667,18.7
100,0,19.525,34.475,18.7
70,0,19.5333333333,34.4666666667,18.7
90,0,19.5333333333,34.6266666667,18.6333333333
60,0,19.5333333333,34.7,18.6333333333
70,0,19.5,34.7,18.7
50,0,19.5,34.6266666667,18.6333333333
40,0,19.5,34.59,18.6333333333
50,0,19.5,34.59,18.6
60,0,19.5,34.6266666667,18.6666666667
60,0,19.5,34.7,18.6
60,0,19.5,34.7,18.6
50,0,19.5,34.7675,18.6
50,0,19.5,34.8633333333,18.6
20,0,19.5,34.9,18.6
30,0,19.5,34.9666666667,18.6
20,0,19.5,35.1266666667,18.6
40,0,19.5,35.26,18.6
70,0,19.5,35.3266666667,18.6
60,0,19.5,35.4,18.6
300,0,19.5,35.53,18.6
780,0,19.5,35.6633333333,18.6
470,0,19.5,35.79,18.6
270,0,19.5,35.79,18.6
240,0,19.5,35.9,18.6
260,0,19.5,35.9,18.6
220,0,19.5,36.0,18.6
110,0,19.5,36.0,18.6
80,0,19.5,36.1933333333,18.6
50,0,19.5,36.5266666667,18.6
60,0,19.5,36.86,18.6
50,0,19.5,37.1725,18.6
280,0,19.5,37.43,18.6
380,0,19.6,37.53,18.6
280,0,19.6,37.7233333333,18.6
260,0,19.6,37.86,18.6
250,0,19.6,38.1333333333,18.6
220,0,19.7,38.1333333333,18.6
220,0,19.6333333333,37.9333333333,18.6
190,0,19.6333333333,37.76,18.6
70,0,19.6333333333,37.6266666667,18.6
50,0,19.6,37.4666666667,18.6
50,0,19.6,37.4,18.6
60,0,19.6,37.3633333333,18.6
60,0,19.6,37.29,18.6
50,0,19.6,37.29,18.6
60,0,19.6,37.29,18.6
60,0,19.6,37.3266666667,18.6
70,0,19.6,37.6,18.7
80,0,19.6333333333,38.0966666667,18.6333333333
90,0,19.7,38.42,18.6666666667
70,0,19.7,38.59,18.6666666667
100,0,19.7,38.7,18.7
140,0,19.76,38.76,18.7
90,0,19.79,38.8266666667,18.7
80,0,19.79,38.9666666667,18.7
80,0,19.79,39.0,18.7
330,0,19.79,39.0,18.76
410,20,19.8233333333,39.0666666667,18.73
330,0,19.89,39.46,18.79
100,10,19.9266666667,39.8333333333,18.79
120,10,20.0,39.6266666667,18.79
130,0,20.0,39.53,18.79
130,0,20.0,40.13,18.79
120,0,20.1,40.73,18.79
110,10,20.1666666667,40.73,18.79
100,0,20.2,40.4666666667,18.79
150,0,20.2,40.2666666667,18.79
130,0,20.29,40.2,18.79
100,0,20.26,39.99,18.79
100,0,20.26,39.79,18.79
120,0,20.2,39.5266666667,18.79
100,0,20.2,39.3266666667,18.79
120,0,20.1,39.1633333333,18.79
100,0,20.1,39.03,18.79
110,0,20.1,38.8633333333,18.79
100,0,20.0333333333,38.73,18.79
80,0,20.0333333333,38.59,18.79
80,0,20.0333333333,38.53,18.79
60,10,20.0,38.4666666667,18.79
60,0,20.0,38.4,18.79
60,10,19.89,38.29,18.79
60,0,19.89,38.29,18.89
60,0,19.89,38.29,18.89
50,0,19.89,38.3633333333,18.89
50,0,19.89,38.4,18.89
50,0,19.89,38.4,18.89
40,0,19.79,38.29,18.89
50,0,19.79,38.2,18.89
60,0,19.79,38.26,18.89
60,0,19.79,38.29,18.89
50,0,19.79,38.29,18.9633333333
60,0,19.79,38.29,18.9266666667
40,0,19.79,38.29,18.9266666667
60,0,19.7,38.29,19.0
50,0,19.7,38.29,18.9266666667
50,0,19.7,38.29,19.0
40,0,19.7,38.29,19.0
60,0,19.7,38.29,19.0
50,0,19.7,38.29,19.0
60,0,19.6666666667,38.26,19.0
50,0,19.6,38.2,19.0
50,0,19.6,38.2,19.0
40,0,19.6,38.2,19.0
50,0,19.6,38.1633333333,19.0
40,0,19.6,38.1633333333,19.0
30,0,19.6,38.09,19.0
40,0,19.6,38.09,19.1
30,0,19.6,38.09,19.1
40,0,19.5,38.09,19.0333333333
60,0,19.5666666667,38.03,19.1
50,0,19.5,38.0,19.1
50,0,19.5,38.0,19.1
40,0,19.5,38.0,19.1
50,0,19.5,38.0,19.1
40,0,19.5,38.0,19.1
60,0,19.5,37.9333333333,19.1
60,0,19.5,37.9,19.1
60,0,19.4266666667,37.8266666667,19.1
60,0,19.39,37.79,19.1
60,0,19.39,37.73,19.1
40,0,19.39,37.76,19.1
50,0,19.39,37.7,19.1
50,0,19.39,37.7,19.1
50,0,19.39,37.7,19.1
60,0,19.39,37.7,19.1
50,0,19.39,37.7,19.1
60,0,19.39,37.6266666667,19.1
50,0,19.39,37.7,19.1
60,0,19.3233333333,37.6266666667,19.1
50,0,19.3566666667,37.59,19.1
50,0,19.29,37.59,19.1
40,0,19.29,37.59,19.1
20,0,19.29,37.59,19.1
30,0,19.29,37.59,19.2
40,0,19.29,37.59,19.1333333333
60,0,19.29,37.59,19.2
50,0,19.29,37.59,19.2
50,0,19.29,37.59,19.2
60,0,19.29,37.59,19.2
80,0,19.29,37.59,19.2
80,0,19.23,37.7233333333,19.2
50,0,19.29,38.5666666667,19.2
70,0,19.29,38.7,19.2
300,0,19.29,38.76,19.2
370,0,19.29,38.73,19.2
590,0,19.3566666667,38.99,19.2
320,0,19.39,39.3266666667,19.2
310,10,19.4633333333,39.4666666667,19.2
260,0,19.5,39.5,19.29
190,0,19.5666666667,39.5,19.29
150,0,19.6333333333,39.4333333333,19.3233333333
130,0,19.7,39.4333333333,19.39
290,0,19.73,39.3633333333,19.39
490,0,19.79,39.29,19.4633333333
840,0,19.8233333333,39.3266666667,19.5
700,0,19.89,39.4,19.39
430,10,19.89,39.29,19.4633333333
300,0,19.9633333333,39.23,19.4266666667
310,0,20.0,39.1333333333,19.4266666667
290,0,20.0,38.86,19.4266666667
300,0,20.0,38.79,19.5
240,0,20.025,38.8175,19.5
160,0,20.1,38.7666666667,19.5
90,0,20.1,38.6633333333,19.4633333333
70,10,20.1,38.59,19.4633333333
80,0,20.1,38.4666666667,19.39
80,0,20.1,38.3266666667,19.4633333333
80,0,20.0666666667,38.1333333333,19.4266666667
570,0,20.0,37.9333333333,19.5
610,0,20.0,37.76,19.4633333333
330,0,20.0666666667,37.6266666667,19.39
350,0,20.0,37.3633333333,19.39
260,0,20.0,37.23,19.4633333333
270,10,20.0,37.4,19.445
210,0,20.0,37.5266666667,19.4266666667
100,0,20.0666666667,37.76,19.4266666667
100,0,20.0,37.7,19.4633333333
90,0,20.0,37.7,19.39
100,0,20.0,37.6266666667,19.4633333333
110,0,20.1,37.645,19.4633333333
100,0,20.1,37.59,19.4633333333
80,0,20.1,37.53,19.4633333333
90,10,20.1,37.4666666667,19.5
90,0,20.1,37.4,19.5
80,0,20.1,37.26,19.4633333333
90,0,20.1,37.0666666667,19.39
90,0,20.1,36.79,19.39
250,0,20.1,36.8633333333,19.39
390,0,20.1,36.9633333333,19.5
190,10,20.1666666667,37.03,19.4266666667
100,0,20.1666666667,36.9666666667,19.5
280,0,20.1,36.9666666667,19.4266666667
560,0,20.2,37.6933333333,19.5
600,0,20.2,37.9,19.4266666667
290,10,20.2,37.9666666667,19.5
90,0,20.2,37.7666666667,19.39
370,0,20.2,38.3675,19.4633333333
670,0,20.26,39.7333333333,19.39
230,0,20.29,40.19,19.4633333333
160,0,20.29,39.7966666667,19.5
90,0,20.23,39.39,19.5
70,0,20.26,38.99,19.39
70,10,20.2,38.6566666667,19.39
70,0,20.2,38.3333333333,19.4266666667
70,0,20.2,38.1266666667,19.4266666667
70,0,20.2,37.93,19.39
70,0,20.2,37.73,19.4633333333
70,0,20.2,37.5,19.4633333333
70,0,20.1333333333,37.4333333333,19.39
80,0,20.1666666667,37.4,19.39
60,0,20.1,37.4,19.39
50,10,20.1,37.29,19.39
60,0,20.1,37.23,19.39
40,0,20.1,37.3266666667,19.39
70,0,20.0333333333,37.3266666667,19.3566666667
70,0,20.0,37.3266666667,19.3566666667
60,0,20.0,37.4666666667,19.29
80,0,20.0,37.69,19.29
70,0,20.0,37.9333333333,19.29
80,0,20.0,38.06,19.29
70,0,20.0,38.2,19.29
70,0,19.9266666667,38.26,19.29
70,0,19.89,38.29,19.23
70,0,19.89,38.3633333333,19.23
70,0,19.89,38.4,19.2
70,0,19.89,38.4,19.2
60,0,19.89,38.4,19.2
70,0,19.89,38.4,19.2
80,0,19.89,38.4,19.2
110,10,19.89,38.4,19.2
70,0,19.89,38.5,19.15
50,0,19.8233333333,38.4333333333,19.1333333333
50,0,19.79,38.26,19.2
40,0,19.79,38.2,19.2
20,0,19.79,38.06,19.2
40,0,19.79,38.0,19.2
30,0,19.79,37.845,19.2
70,0,19.79,37.79,19.1666666667
50,0,19.73,37.73,19.1666666667
60,0,19.7,37.6633333333,19.1333333333
50,0,19.7,37.59,19.1333333333
50,0,19.7,37.5,19.1666666667
60,0,19.7,37.5,19.1666666667
40,0,19.6666666667,37.4,19.1
60,0,19.6,37.3266666667,19.1
50,0,19.6,37.29,19.1
60,0,19.6,37.29,19.1
50,0,19.6,37.26,19.1
60,0,19.6,37.2,19.1
50,0,19.5666666667,37.1633333333,19.1
40,0,19.5,37.09,19.1
50,0,19.5,37.09,19.1
40,0,19.5,37.09,19.1
50,0,19.5,37.0,19.1
50,0,19.5,37.0,19.1
60,0,19.5,37.0,19.1
50,0,19.4633333333,36.9666666667,19.1
60,0,19.39,36.8266666667,19.1
40,0,19.39,36.79,19.1
20,0,19.39,36.79,19.1
40,0,19.39,36.79,19.1
40,0,19.39,36.79,19.1
50,0,19.39,36.79,19.1
50,0,19.39,36.73,19.1
60,0,19.3566666667,36.7,19.1
50,0,19.3566666667,36.7,19.1
60,0,19.29,36.7,19.1
50,0,19.29,36.6266666667,19.1
50,0,19.29,36.6633333333,19.1
50,0,19.29,36.6633333333,19.1
50,0,19.29,36.6633333333,19.1
50,0,19.29,36.59,19.1
60,0,19.26,36.59,19.1
50,0,19.2675,36.59,19.1
60,0,19.23,36.53,19.1
60,0,19.2,36.5,19.1
50,0,19.2,36.5,19.1
50,0,19.2,36.5,19.1
50,0,19.2,36.5,19.1666666667
50,0,19.2,36.5,19.1
50,0,19.2,36.56,19.1
60,0,19.2,36.59,19.1333333333
60,0,19.2,36.7966666667,19.1333333333
80,0,19.2,37.23,19.2
50,0,19.26,37.43,19.1333333333
50,0,19.23,37.4633333333,19.2
60,0,19.29,37.59,19.26
60,10,19.29,37.7666666667,19.39
60,0,19.3566666667,37.9666666667,19.39
60,0,19.5,38.06,19.4633333333
70,0,19.5666666667,38.06,19.4266666667
200,0,19.65,38.09,19.5
160,0,19.79,37.8333333333,19.5
50,0,19.8566666667,37.6266666667,19.5
160,0,19.9266666667,37.43,19.5666666667
60,0,20.0666666667,37.23,19.5666666667
60,0,20.1333333333,37.06,19.5333333333
50,0,20.2,36.86,19.6
40,0,20.29,36.6633333333,19.6
60,0,20.3566666667,36.53,19.6
60,0,20.39,36.4,19.6
60,0,20.4633333333,36.4,19.6
70,0,20.5333333333,36.26,19.6
90,0,20.6,36.2,19.6
80,0,20.6333333333,36.03,19.6
80,0,20.7,36.1633333333,19.6
90,0,20.7,36.09,19.6
100,0,20.7,36.09,19.6
100,0,20.79,36.06,19.6
100,0,20.79,36.0,19.6
90,0,20.89,35.95,19.6
100,0,20.89,35.8725,19.6
90,0,20.89,35.745,19.6
100,0,20.89,35.59,19.6
90,0,20.89,35.53,19.6
110,0,20.89,35.3725,19.5333333333
90,0,20.89,35.23,19.6
100,0,20.89,35.094,19.6
90,0,20.89,34.9333333333,19.6
70,0,20.89,34.9633333333,19.6
60,0,20.89,35.09,19.6
60,0,20.89,35.0,19.6
80,0,20.89,34.8,19.6
80,0,20.89,34.59,19.6
120,0,20.89,34.53,19.6
120,0,20.9266666667,34.86,19.6
110,0,21.0,35.0,19.6
140,0,21.0333333333,35.1266666667,19.6
110,0,21.1,35.2,19.6
110,0,21.1,35.045,19.6
110,0,21.1,34.9333333333,19.6
120,0,21.1,35.0,19.6
100,0,21.15,34.925,19.6
80,0,21.1666666667,34.9,19.6
100,0,21.2,34.6333333333,19.6
270,0,21.26,34.5,19.6
250,0,21.23,34.59,19.6
110,0,21.29,34.612,19.6
130,0,21.29,34.8333333333,19.6
430,0,21.29,35.1566666667,19.6
300,0,21.3566666667,35.3633333333,19.6
270,0,21.3233333333,35.4,19.6666666667
240,0,21.39,35.4,19.6666666667
220,0,21.39,35.425,19.6666666667
360,0,21.39,35.56,19.6
430,0,21.39,35.59,19.6
450,0,21.39,35.59,19.6
440,0,21.39,35.6933333333,19.6
410,0,21.4975,36.4,19.6
100,0,21.6,36.7,19.6
120,0,21.6,36.49,19.6
110,0,21.6,36.23,19.6
120,0,21.6,35.93,19.6
120,10,21.5333333333,35.6566666667,19.6333333333
100,0,21.5,35.3633333333,19.6333333333
170,0,21.5,35.1566666667,19.6
100,0,21.5,34.9666666667,19.6666666667
90,0,21.4266666667,34.7666666667,19.6333333333
90,0,21.39,34.6633333333,19.6333333333
90,0,21.39,34.59,19.6
120,0,21.3566666667,34.59,19.6
120,0,21.29,34.6633333333,19.6
110,0,21.29,34.7,19.6
110,0,21.29,34.7,19.55
100,0,21.26,34.6633333333,19.5
100,10,21.2,34.6633333333,19.5
70,0,21.2,34.8333333333,19.5
80,0,21.2,34.595,19.5
80,0,21.2,34.4333333333,19.5
80,0,21.1666666667,34.4,19.5
80,0,21.1,34.4,19.5
90,0,21.1,34.4666666667,19.5666666667
80,0,21.1,34.3266666667,19.5333333333
70,0,21.0666666667,34.26,19.5333333333
60,0,21.0,34.2,19.6
40,0,21.0,34.09,19.6
40,0,21.0,34.09,19.6
30,0,20.9633333333,34.09,19.6
50,0,20.89,34.03,19.6
60,0,20.89,34.09,19.6
60,0,20.89,34.09,19.6
50,0,20.89,34.09,19.6
50,0,20.89,34.09,19.6
50,0,20.8566666667,34.06,19.6
60,0,20.79,34.0,19.6
50,0,20.79,33.9,19.6
60,0,20.79,33.9,19.6
60,0,20.73,33.9,19.6
60,0,20.7,34.0,19.6
50,0,20.7,34.0,19.6
50,0,20.7,34.09,19.6
50,0,20.7,34.09,19.6
50,0,20.7,34.2,19.6
50,0,20.7,34.2,19.6
20,0,20.6666666667,34.2,19.6
40,0,20.6,34.2,19.6
30,0,20.6,34.2,19.6
50,0,20.6,34.2,19.6
60,0,20.6,34.29,19.6
40,0,20.6,34.29,19.6666666667
50,0,20.5,34.3266666667,19.6
50,0,20.5,34.4,19.6
50,0,20.5,34.4,19.6
60,0,20.5,34.4,19.6
60,0,20.5,34.4,19.6
50,0,20.5,34.4,19.6
50,0,20.5,34.4,19.6
50,0,20.39,34.29,19.6
50,0,20.39,34.29,19.6666666667
50,0,20.39,34.29,19.6
60,0,20.39,34.29,19.6333333333
50,0,20.39,34.29,19.6333333333
70,0,20.39,34.29,19.6
70,0,20.3566666667,34.29,19.6
40,10,20.29,34.23,19.6
40,0,20.29,34.29,19.6
230,0,20.29,34.29,19.6
170,0,20.29,34.23,19.6
60,0,20.29,34.23,19.6
70,0,20.29,34.29,19.6
90,0,20.29,34.29,19.6
80,0,20.26,34.3633333333,19.6
80,0,20.2,34.3633333333,19.5714285714
80,0,20.2,34.53,19.56
80,0,20.32,34.8425,19.5
80,0,20.5666666667,35.26,19.5
70,0,20.7633333333,35.5666666667,19.5
80,0,20.9633333333,35.7,19.5
340,0,21.1333333333,35.79,19.5
370,0,21.2,35.6566666667,19.56
80,0,21.29,35.73,19.6714285714
50,0,21.29,35.8633333333,19.7
50,0,21.3566666667,35.8633333333,19.7
40,0,21.3566666667,35.79,19.754
50,0,21.39,35.79,19.79
50,0,21.39,35.79,19.79
50,0,21.5333333333,35.9,19.8185714286
60,0,21.6,35.6266666667,19.79
50,0,21.7,35.56,19.79
70,0,21.76,35.4333333333,19.79
50,0,21.9266666667,35.4666666667,19.79
50,0,22.0,35.4,19.79
60,0,22.1,35.3633333333,19.8328571429
50,0,22.125,35.29,19.79
50,0,22.2,35.23,19.79
50,0,22.29,35.1633333333,19.79
50,0,22.29,35.09,19.8025
60,0,22.3233333333,34.9666666667,19.8185714286
50,0,22.39,34.9,19.79
60,0,22.4266666667,34.79,19.8185714286
50,0,22.5,34.73,19.79
50,0,22.5,34.59,19.79
50,0,22.5,34.53,19.79
50,0,22.5333333333,34.5,19.8042857143
60,0,22.6,34.4333333333,19.83
70,0,22.6,34.29,19.8185714286
80,0,22.6,34.23,19.83
100,0,22.6,34.1633333333,19.8042857143
90,0,22.6,34.03,19.79
90,0,22.6,34.0,19.79
70,0,22.6,34.0,19.79
80,0,22.6,33.9,19.79
70,0,22.6,33.795,19.79
90,0,22.5333333333,33.6266666667,19.79
80,0,22.6,33.59,19.79
100,0,22.5333333333,33.59,19.79
90,0,22.6,33.56,19.79
80,0,22.6,33.5,19.79
80,0,22.6,33.5,19.79
80,0,22.5333333333,33.5,19.79
70,0,22.6,33.59,19.79
80,0,22.6,33.59,19.79
90,0,22.6,33.6266666667,19.79
90,0,22.6,33.7,19.79
80,0,22.6,33.8266666667,19.79
80,0,22.6,33.9,19.79
70,0,22.5333333333,34.0,19.79
80,0,22.6,34.06,19.79
60,0,22.5666666667,34.2,19.79
40,0,22.5,34.26,19.79
50,0,22.5,34.4,19.79
70,0,22.5,34.4666666667,19.79
90,0,22.5,34.645,19.79
320,0,22.5,34.8266666667,19.79
330,0,22.5,34.9666666667,19.79
270,10,22.5,35.3,19.79
260,10,22.5,35.6333333333,19.79
240,10,22.5,36.0666666667,19.79
210,0,22.5,36.3333333333,19.79
280,0,22.5,36.5,19.79
170,0,22.5,36.5,19.79
120,0,22.5,36.59,19.79
100,0,22.5,36.79,19.79
120,0,22.5,36.9,19.79
120,10,22.5,36.9666666667,19.79
130,0,22.5,37.1566666667,19.79
130,0,22.5,37.3633333333,19.79
120,0,22.5,37.5666666667,19.79
120,0,22.5,37.7,19.79
140,10,22.5,37.79,19.8042857143
150,0,22.5,37.79,19.83
150,30,22.5,37.95,19.79
150,20,22.5333333333,38.1266666667,19.79
140,20,22.6,38.26,19.79
130,0,22.6,38.5,19.79
100,0,22.6,38.5,19.8328571429
80,0,22.6,38.4,19.79
60,10,22.6,38.4,19.79
30,20,22.6,38.29,19.79
40,20,22.6,38.3633333333,19.8328571429
40,20,22.6,38.53,19.79
80,30,22.6,38.6633333333,19.79
70,20,22.6333333333,38.7666666667,19.79
60,20,22.7,38.9,19.79
70,20,22.7,39.03,19.79
60,20,22.7,39.09,19.79
70,20,22.73,39.09,19.79
50,30,22.79,39.1633333333,19.79
80,20,22.79,39.2,19.79
60,20,22.79,39.2,19.79
60,0,22.84,39.245,19.79
70,0,22.79,39.09,19.79
50,0,22.79,39.03,19.79
50,0,22.79,39.0,19.79
50,0,22.73,38.9333333333,19.79
50,0,22.7,38.9,19.79
40,0,22.7,38.9,19.79
60,0,22.6666666667,38.9666666667,19.79
60,0,22.6,38.9,19.8328571429
60,0,22.6,38.9333333333,19.83
60,0,22.6,39.0,19.79
50,0,22.5666666667,39.0,19.83
40,0,22.5,39.06,19.8042857143
20,0,22.5,39.09,19.83
30,0,22.5,39.09,19.8185714286
30,0,22.4633333333,39.06,19.89
50,0,22.39,38.9333333333,19.89
60,0,22.39,38.9,19.89
60,0,22.39,38.8266666667,19.89
60,0,22.3566666667,38.7,19.89
60,0,22.29,38.6175,19.89
50,0,22.29,38.53,19.89
50,0,22.29,38.4666666667,19.89
40,0,22.29,38.4,19.89
50,0,22.26,38.26,19.89
50,0,22.2,38.2,19.89
50,0,22.2,38.1633333333,19.89
60,0,22.2,38.09,19.89
50,0,22.1333333333,38.09,19.89
60,0,22.1333333333,38.03,19.89
40,0,22.1,38.0,19.89
50,0,22.1,38.0,19.9214285714
50,0,22.1,38.0,19.89
50,0,22.1,38.0,19.9371428571
50,0,22.0,37.79,19.89
60,0,22.0,37.79,19.89
70,0,22.0,37.79,19.89
70,0,22.0,37.73,19.9371428571
30,0,22.0,37.7,19.934
40,10,21.9725,37.7,19.89
50,0,21.89,37.7,19.89
50,0,21.89,37.79,19.9842857143
60,0,21.89,37.79,20.0
110,0,21.89,37.79,20.0
70,10,21.89,37.79,20.0
50,0,21.89,37.79,20.0
60,0,21.89,37.8633333333,19.956
60,0,21.8566666667,38.0,20.0
60,0,21.8566666667,38.1333333333,20.0
50,0,21.79,38.1266666667,19.9528571429
50,0,21.79,38.2,20.0
50,0,21.79,38.29,20.0
50,0,21.79,38.29,20.0
40,10,21.79,38.29,20.1
70,0,21.79,38.29,20.1
50,0,21.79,38.4,20.16
60,0,21.79,38.4666666667,20.2
50,0,21.8233333333,38.53,20.2
50,0,21.9175,38.59,20.2514285714
50,0,22.0,38.53,20.29
30,0,22.1,38.59,20.29
30,0,22.1666666667,38.53,20.29
20,0,22.23,38.5,20.29
40,10,22.29,38.4333333333,20.29
60,0,22.39,38.29,20.29
60,0,22.39,38.23,20.29
50,0,22.5,38.2,20.29
60,0,22.5,38.1266666667,20.29
50,0,22.6,38.06,20.29
40,0,22.6666666667,38.0,20.29
60,0,22.7,38.0,20.29
50,0,22.76,37.9333333333,20.29
50,10,22.79,37.8633333333,20.29
60,0,22.79,37.79,20.29
60,0,22.79,37.7,20.29
50,0,22.8566666667,37.7,20.29
50,0,22.89,37.6633333333,20.3185714286
50,0,22.89,37.59,20.29
50,0,22.89,37.59,20.29
60,0,22.89,37.5,20.29
40,0,22.89,37.5,20.29
60,0,22.89,37.3633333333,20.3328571429
60,0,22.89,37.23,20.39
50,0,22.89,37.09,20.3328571429
60,0,22.9633333333,37.09,20.29
40,0,22.9266666667,37.06,20.29
30,0,23.0,37.0,20.29
30,0,22.9266666667,37.0,20.3328571429
20,0,23.0,37.0,20.37
60,0,23.0,36.9333333333,20.3614285714
50,0,23.0,37.0,20.29
70,0,23.0,36.9,20.3757142857
60,0,23.0,36.9,20.39
60,0,23.0,36.8633333333,20.39
50,0,23.0,36.79,20.39
50,0,23.0333333333,36.8266666667,20.39
40,0,23.0333333333,36.7666666667,20.39
50,0,23.05,36.745,20.39
50,0,23.1,36.79,20.39
50,0,23.1,36.79,20.39
60,0,23.1,36.7,20.39
50,0,23.1,36.6266666667,20.39
60,0,23.1,36.56,20.39
60,0,23.1,36.5,20.39
60,0,23.1,36.5,20.39
60,0,23.1,36.5,20.39
80,0,23.1,36.3333333333,20.4371428571
70,0,23.1,36.1266666667,20.456
90,0,23.1,35.7233333333,20.4842857143
150,0,23.1,35.53,20.456
460,0,23.0333333333,35.3333333333,20.4528571429
340,0,23.0333333333,35.0666666667,20.434
310,0,23.0,34.8633333333,20.4842857143
120,0,23.0,34.39,20.456
140,0,23.0,33.8,20.4685714286
150,0,22.9266666667,33.0666666667,20.456
120,0,22.89,32.56,20.4371428571
130,0,22.865,32.7,20.456
130,0,22.8566666667,33.16,20.4685714286
130,0,22.89,33.5666666667,20.39
130,0,22.89,33.7,20.4842857143
170,0,22.8566666667,33.76,20.5
210,0,22.79,33.7,20.5
110,0,22.8233333333,33.6633333333,20.5
100,0,22.8233333333,33.53,20.4371428571
110,0,22.79,33.4,20.39
90,0,22.79,33.4,20.39
120,20,22.79,33.4,20.39
130,0,22.79,33.4666666667,20.39
130,0,22.79,33.59,20.39
120,0,22.79,33.59,20.33
120,0,22.76,33.56,20.29
60,10,22.7,33.5,20.2
60,0,22.7,33.53,20.2
50,0,22.7,33.6633333333,20.218
60,10,22.7,33.79,20.29
60,0,22.7,33.9,20.29
50,0,22.7,33.9666666667,20.29
60,0,22.6333333333,33.9333333333,20.29
60,0,22.6333333333,33.9333333333,20.3185714286
60,0,22.6,33.8633333333,20.29
50,0,22.6,33.79,20.29
40,0,22.6,33.7,20.29
60,0,22.6,33.7,20.29
50,0,22.5,33.7,20.29
50,0,22.5666666667,33.7,20.29
40,0,22.5,33.7,20.31
30,0,22.5,33.7,20.3185714286
40,0,22.5,33.6266666667,20.39
40,0,22.5,33.7,20.39
40,0,22.4633333333,33.6633333333,20.39
50,0,22.39,33.59,20.39
60,0,22.39,33.59,20.39
50,0,22.39,33.59,20.3614285714
50,0,22.39,33.59,20.3471428571
60,0,22.3566666667,33.59,20.39
60,0,22.29,33.59,20.39
50,0,22.29,33.59,20.39
60,0,22.29,33.59,20.39
50,0,22.29,33.56,20.39
50,0,22.29,33.56,20.39
50,0,22.29,33.56,20.39
50,0,22.23,33.5,20.39
40,0,22.26,33.56,20.35
60,0,22.2,33.5,20.39
60,0,22.2,33.5,20.39
60,0,22.2,33.5,20.39
60,0,22.2,33.53,20.39
50,0,22.1333333333,33.59,20.39
50,0,22.1,33.59,20.39
50,0,22.1,33.59,20.3614285714
20,0,22.1,33.59,20.39
30,0,22.1,33.59,20.39
30,0,22.1,33.59,20.39
30,0,22.075,33.5675,20.39
60,0,22.0,33.56,20.39
50,0,22.1,33.59,20.3471428571
60,0,22.0333333333,33.53,20.39
40,0,22.0,33.5,20.39
60,0,22.0,33.5,20.39
70,0,22.0,33.53,20.39
70,10,22.0,33.59,20.39
70,0,21.9633333333,33.59,20.39
70,0,21.89,33.6633333333,20.39
70,10,21.9633333333,33.73,20.37
50,0,21.89,33.8633333333,20.3185714286
70,0,21.89,33.79,20.29
280,0,21.89,33.73,20.29
150,0,21.89,33.59,20.29
60,0,21.89,33.53,20.2642857143
70,0,21.8566666667,33.4666666667,20.29
60,0,21.8566666667,33.4,20.2514285714
70,0,21.8566666667,33.3633333333,20.2
50,0,21.79,33.3175,20.2
60,0,21.79,33.4,20.2
50,0,21.79,33.4333333333,20.2
50,0,21.79,33.5,20.218
80,0,21.79,33.5666666667,20.2514285714
60,10,21.79,33.76,20.33
370,0,21.79,33.79,20.39
400,0,21.8566666667,33.8633333333,20.39
70,0,21.9266666667,33.9,20.39
70,0,22.075,33.975,20.5
80,0,22.1333333333,34.0,20.5
90,0,22.26,34.0,20.5
70,10,22.39,34.0666666667,20.5
80,0,22.4633333333,34.3333333333,20.5
60,10,22.5,34.4333333333,20.6
50,10,22.5666666667,34.5,20.5285714286
80,0,22.6333333333,34.5966666667,20.6
80,0,22.7,34.79,20.5714285714
80,0,22.73,34.9,20.5
80,0,22.79,34.9475,20.5142857143
120,0,22.8566666667,35.4233333333,20.54
90,10,22.89,35.0933333333,20.5
50,10,22.89,34.3666666667,20.56
70,0,23.0,33.9666666667,20.5
60,0,23.0666666667,33.8266666667,20.5
90,10,23.0666666667,32.5566666667,20.5
80,0,23.0,31.9566666667,20.54
80,0,23.0333333333,31.9266666667,20.5571428571
80,0,23.1,32.06,20.5
60,10,23.1,32.23,20.5
70,0,23.1,32.3633333333,20.5
60,0,23.1,32.53,20.5428571429
60,10,23.1,32.59,20.5
70,0,23.2,32.79,20.5
70,0,23.2,32.8633333333,20.5
80,0,23.2,32.9,20.5
70,10,23.2,32.9,20.5125
70,0,23.2,33.0,20.54
70,0,23.2,33.0,20.5
60,10,23.245,33.045,20.5
70,0,23.26,33.09,20.5
60,0,23.26,33.09,20.5
70,10,23.29,33.1266666667,20.5
70,0,23.29,33.2,20.5
70,0,23.29,33.2,20.5
80,0,23.29,33.26,20.5
70,10,23.3233333333,33.3266666667,20.5
80,0,23.39,33.4,20.5
70,0,23.39,33.4333333333,20.5
70,0,23.39,33.6933333333,20.5
50,0,23.4266666667,34.1933333333,20.5
60,0,23.5,34.4666666667,20.5
80,0,23.5,34.5,20.5
90,0,23.5,34.4333333333,20.5
90,0,23.5,34.3633333333,20.5
80,0,23.5,34.1566666667,20.54
80,0,23.5,33.9666666667,20.6
70,0,23.5,33.7666666667,20.6
80,0,23.5,33.495,20.6
90,0,23.5,33.26,20.6
90,0,23.5,33.0666666667,20.6
130,0,23.39,32.76,20.6
120,0,23.39,32.6266666667,20.6
130,0,23.39,32.5,20.6
120,0,23.39,32.5,20.6
130,0,23.39,32.4,20.6
120,0,23.39,32.4,20.56
200,0,23.3566666667,32.4,20.5571428571
120,0,23.29,32.4,20.56
110,0,23.29,32.3633333333,20.5
120,0,23.29,32.29,20.5
130,0,23.29,32.29,20.5
130,0,23.29,32.3633333333,20.5
110,0,23.29,32.3633333333,20.5
120,0,23.29,32.29,20.5
90,0,23.26,32.26,20.5
90,0,23.2,32.2,20.5
80,0,23.2,32.2,20.5
80,0,23.2,32.2,20.4266666667
100,0,23.2,32.26,20.39
110,0,23.1666666667,32.3266666667,20.39
110,0,23.1,32.4,20.39
120,0,23.1,32.53,20.39
80,0,23.1,32.6633333333,20.39
80,0,23.1,32.73,20.39
80,0,23.1,32.8633333333,20.39
70,0,23.1,32.9333333333,20.39
80,0,23.0333333333,32.9333333333,20.39
60,0,23.0,33.0,20.39
50,0,23.0,33.0,20.39
70,0,23.0,33.0,20.39
50,0,23.0,33.06,20.4633333333
60,10,23.0,33.09,20.39
50,0,23.0,33.09,20.39
50,0,23.0,33.09,20.39
60,0,22.9266666667,33.09,20.39
50,0,22.89,33.09,20.4266666667
50,0,22.89,33.09,20.4266666667
60,0,22.89,33.09,20.39
50,0,22.89,33.09,20.39
60,0,22.89,33.09,20.4266666667
40,0,22.79,32.9,20.5
40,0,22.79,32.9,20.5
20,0,22.79,32.9,20.5
40,0,22.79,32.9,20.4266666667
50,0,22.79,32.9,20.5
50,0,22.79,32.9,20.5
50,0,22.76,32.9,20.5
60,0,22.76,32.9,20.5
60,0,22.7,32.9,20.5
60,0,22.7,32.9,20.5
60,0,22.7,32.9,20.5
50,0,22.7,32.9,20.5
50,0,22.7,32.9,20.5
50,0,22.7,32.9,20.5
40,0,22.6,32.79,20.5
50,0,22.6,32.79,20.5
60,0,22.6,32.9,20.5
60,0,22.6,32.9,20.5
60,0,22.6,32.9,20.5
60,0,22.6,32.9,20.5
60,0,22.6,32.9,20.5
50,0,22.5666666667,32.9,20.5
50,0,22.5,32.9,20.5
50,0,22.5,32.9,20.5666666667
40,0,22.5,32.9,20.5
50,0,22.5,32.9,20.5
60,0,22.5,32.9,20.5
50,0,22.5,32.9,20.5
60,0,22.5,32.9,20.5
50,0,22.4633333333,32.8633333333,20.5
30,0,22.39,32.79,20.5
20,0,22.39,32.79,20.5
30,0,22.39,32.79,20.5
30,0,22.39,32.8266666667,20.5
50,0,22.39,32.9,20.5
70,0,22.39,32.845,20.5
60,0,22.39,32.9,20.5
60,0,22.39,32.9,20.6
50,0,22.29,32.9,20.6
60,0,22.29,32.9,20.6
50,0,22.29,32.8633333333,20.6
70,0,22.29,32.79,20.6
170,0,22.29,32.92,20.6
400,0,22.29,33.09,20.6
150,0,22.29,33.0,20.6
70,0,22.29,32.86,20.6
110,10,22.29,32.79,20.6
100,0,22.29,32.8633333333,20.6
120,0,22.29,33.1266666667,20.7
80,0,22.29,33.26,20.7
90,0,22.3566666667,31.8933333333,20.73
120,10,22.29,31.5666666667,20.79
390,0,22.4266666667,31.8,20.79
240,0,22.5,31.86,20.79
120,0,22.6,31.745,20.8233333333
70,0,22.73,32.0666666667,20.89
90,0,22.8566666667,32.3333333333,20.79
80,0,22.89,32.0333333333,20.79
70,0,22.89,31.5666666667,20.79
80,10,22.79,31.5,20.79
110,0,22.79,31.5,20.79
90,0,22.8233333333,31.5666666667,20.79
100,0,22.89,31.7,20.79
100,10,22.89,31.7,20.79
100,0,22.89,31.5666666667,20.79
80,0,22.8566666667,30.9666666667,20.8566666667
80,0,22.79,30.3,20.8566666667
90,0,22.79,29.5666666667,20.8566666667
90,0,22.79,29.36,20.79
90,0,22.79,29.0666666667,20.79
90,10,22.79,28.9266666667,20.79
90,0,22.79,28.8933333333,20.79
90,0,22.79,29.1666666667,20.79
160,10,22.79,29.2,20.79
140,0,22.745,29.0475,20.79
80,0,22.79,28.79,20.8566666667
70,10,22.7,28.79,20.79
80,0,22.7,28.8566666667,20.79
30,0,22.7,29.0333333333,20.79
30,0,22.7,29.1,20.8566666667
40,0,22.7,29.29,20.8566666667
20,0,22.7,29.43,20.79
70,0,22.7,29.6333333333,20.79
60,0,22.7,29.76,20.79
60,0,22.79,30.0333333333,20.79
60,0,22.73,30.1666666667,20.79
60,0,22.73,30.2633333333,20.79
50,0,22.73,30.39,20.79
50,0,22.73,30.5,20.8566666667
50,0,22.79,30.5666666667,20.79
50,0,22.79,30.73,20.79
70,0,22.79,30.79,20.79
60,0,22.79,30.89,20.79
60,0,22.79,30.9725,20.79
60,0,22.79,31.0,20.79
50,0,22.79,31.1333333333,20.79
50,0,22.79,31.2,20.79
50,0,22.79,31.2,20.79
60,0,22.79,31.26,20.79
40,0,22.79,31.29,20.79
60,0,22.79,31.3566666667,20.79
50,0,22.79,31.39,20.79
60,0,22.79,31.4633333333,20.79
50,0,22.79,31.5,20.8614285714
60,0,22.79,31.5,20.79
210,0,22.79,31.5666666667,20.79
320,0,22.79,31.4266666667,20.79
520,0,22.79,31.39,20.8328571429
490,0,22.79,31.34,20.89
150,0,22.79,31.4725,20.89
90,0,22.79,31.7266666667,20.89
90,0,22.8566666667,32.03,20.89
80,0,22.8566666667,32.2233333333,20.89
70,10,22.89,32.345,20.89
80,0,22.9266666667,32.4333333333,21.0
120,0,22.9266666667,32.4333333333,20.9371428571
110,0,22.9633333333,32.4,20.934
90,0,22.9633333333,32.4666666667,20.89
100,0,23.0,32.53,20.89
90,0,23.0,32.59,20.89
100,0,23.0,32.7,20.89
100,0,23.0,32.76,20.89
90,0,23.0,32.79,20.89
90,0,23.0,32.79,20.89
110,0,23.0,32.79,20.89
100,0,23.0,32.79,20.89
90,0,23.0666666667,32.9,20.89
100,10,23.0666666667,32.9666666667,20.89
70,10,23.0,32.9333333333,20.89
50,0,23.0,33.06,20.89
50,0,23.0666666667,33.1633333333,20.9685714286
70,0,23.0666666667,33.2233333333,20.89
60,0,23.0,33.2,20.9214285714
50,0,23.0,33.29,20.89
70,10,23.0,33.29,20.89
50,0,23.0,33.29,20.89
60,0,23.0,33.29,20.89
50,0,22.89,33.4,20.89
50,0,22.89,33.4666666667,20.89
60,0,22.89,33.53,20.89
50,0,22.89,33.59,20.9528571429
50,0,22.89,33.6266666667,21.0
60,0,22.89,33.7,21.0
60,0,22.89,33.73,21.0
50,0,22.89,33.8633333333,21.0
50,0,22.89,33.9,21.0
20,0,22.89,33.9666666667,20.95875
40,0,22.79,33.9,21.0
40,0,22.79,33.9,21.0
50,0,22.79,33.9,21.0
60,0,22.79,33.9,21.0
50,0,22.79,34.0,21.0
60,0,22.79,34.0,21.0
60,0,22.79,34.0,21.0
60,0,22.79,34.0,21.0
60,0,22.79,34.0,21.0
50,0,22.79,34.0,21.0
40,0,22.79,34.06,21.0
50,0,22.7,34.09,21.0
60,0,22.7,34.09,21.0
40,0,22.7,34.09,21.0
60,0,22.7,34.1633333333,21.0142857143
60,0,22.7,34.2,21.1
60,0,22.7,34.2,21.0714285714
50,0,22.7,34.29,21.04
60,0,22.7,34.29,21.0714285714
70,0,22.6666666667,34.29,21.1
50,0,22.6,34.29,21.1
50,0,22.7,34.4,21.1
50,0,22.6333333333,34.4,21.1
50,0,22.6,34.4,21.1
40,0,22.6,34.4,21.1
60,0,22.6,34.4,21.0571428571
50,0,22.6,34.5,21.1
60,0,22.6,34.5,21.1
50,0,22.6,34.5,21.1
50,0,22.6,34.5,21.1
50,0,22.5666666667,34.5,21.04
40,0,22.5,34.5,21.1
60,0,22.5,34.59,21.1
50,0,22.5,34.59,21.1
50,0,22.5,34.56,21.1
80,0,22.5,34.56,21.1
110,10,22.5,34.6266666667,21.1
80,0,22.5,34.76,21.1
70,0,22.5,34.9333333333,21.1
60,0,22.5,35.1333333333,21.1
60,0,22.5,35.29,21.1
70,0,22.5,35.29,21.1
670,0,22.5,35.29,21.1
470,0,22.5,35.3175,21.1142857143
150,0,22.5,35.4,21.2
70,0,22.5,35.5,21.2257142857
110,0,22.5666666667,35.56,21.29
110,0,22.6,35.59,21.3042857143
100,0,22.6666666667,35.6633333333,21.35
100,0,22.73,35.7,21.39
80,0,22.8566666667,35.76,21.39
90,0,23.0,35.79,21.39
110,0,23.0666666667,35.79,21.39
450,0,23.2,35.79,21.39
610,0,23.26,35.79,21.4214285714
290,0,23.39,35.76,21.5
90,0,23.4633333333,35.76,21.4685714286
120,0,23.5333333333,35.79,21.434
110,0,23.6,35.79,21.4214285714
70,0,23.6333333333,35.8266666667,21.39
100,0,23.76,35.8266666667,21.4528571429
70,0,23.8233333333,35.79,21.5
70,0,23.89,35.79,21.5
60,0,23.945,35.7,21.5
60,0,24.0,35.7,21.5
80,0,24.0666666667,35.7,21.5
70,0,24.1,35.7,21.5
80,0,24.1666666667,35.7,21.5
310,0,24.1333333333,35.7,21.5
340,0,24.2,35.7,21.5
110,0,24.2,35.7,21.5
80,0,24.2,35.6266666667,21.5
100,0,24.2,35.56,21.5
120,0,24.26,35.5,21.456
80,0,24.29,35.4666666667,21.5
90,0,24.23,35.2666666667,21.5
90,0,24.26,35.1633333333,21.5
90,0,24.2,35.09,21.5
70,0,24.2,35.0,21.5
70,0,24.2,35.0,21.5
70,0,24.2,35.0,21.5
70,0,24.2,35.0,21.5
70,0,24.15,35.0,21.5
140,0,24.1,35.0,21.5
340,0,24.1,35.0,21.5
190,0,24.1,35.0,21.5
150,0,24.1,35.0,21.5
80,0,24.0666666667,34.9666666667,21.5
80,0,24.0,34.9,21.5
70,0,24.0,34.8633333333,21.5
80,10,24.0,34.79,21.5
70,0,24.0,34.8266666667,21.5
70,0,24.0,34.9,21.5
70,0,24.0,34.8266666667,21.5
70,0,24.0,34.9,21.5
70,0,24.0,35.0,21.5
60,0,24.0,35.06,21.5
70,0,23.9633333333,35.2,21.5
80,0,23.9633333333,35.26,21.5
90,10,23.9633333333,35.3266666667,21.5666666667
90,0,23.89,35.4666666667,21.5
100,0,23.89,35.53,21.6
90,0,23.945,35.59,21.5333333333
100,0,23.89,35.59,21.6
90,0,23.89,35.7,21.6
230,0,23.89,35.7,21.6
230,0,23.89,35.7,21.6
200,0,23.89,35.7,21.6
190,10,23.89,35.73,21.6
100,0,23.89,35.79,21.6
110,0,23.89,35.8266666667,21.6
110,0,23.89,35.9,21.6
110,0,23.89,35.9333333333,21.6
110,0,23.89,36.0,21.6
140,0,23.89,36.23,21.6
150,20,23.89,36.29,21.6
140,20,23.89,36.4633333333,21.6
130,20,23.9633333333,36.7233333333,21.6
130,20,24.0,36.9633333333,21.6
140,20,24.0,37.1633333333,21.6
120,0,24.0,37.26,21.6
100,0,24.0666666667,37.26,21.6
80,0,24.05,37.145,21.6
90,0,24.0,37.0,21.6
80,10,24.0,37.0,21.6
80,0,24.0,36.9,21.6
80,0,24.0,36.9,21.6
50,0,24.0,36.8633333333,21.6
50,0,24.0,36.79,21.6
60,0,24.0,36.79,21.6
50,0,24.0,36.79,21.6
50,0,24.0,36.7,21.6
50,0,24.0,36.6266666667,21.6
50,0,23.9266666667,36.7,21.6
60,0,23.9266666667,36.7,21.6
60,0,23.89,36.7,21.6
60,0,23.89,36.7,21.6666666667
60,0,23.89,36.7,21.7
60,10,23.89,36.7,21.6333333333
50,0,23.8566666667,36.7,21.6333333333
60,0,23.79,36.7,21.7
50,0,23.89,36.79,21.7
50,0,23.79,36.7,21.7
50,0,23.79,36.79,21.7
50,0,23.79,36.79,21.7
60,0,23.79,36.79,21.7
50,0,23.79,36.79,21.7
60,0,23.79,36.79,21.7
60,0,23.79,36.79,21.7
60,0,23.76,36.79,21.7
60,0,23.76,36.79,21.7
60,0,23.7,36.79,21.7
40,0,23.7,36.79,21.7
60,0,23.7,36.76,21.76
40,0,23.7,36.7,21.73
60,0,23.7,36.7,21.79
40,0,23.7,36.7,21.73
60,0,23.7,36.7,21.79
60,0,23.7,36.7,21.79
50,0,23.7,36.7,21.79
70,0,23.7,36.7,21.79
50,0,23.6,36.59,21.79
60,0,23.6333333333,36.7,21.79
50,0,23.6333333333,36.6266666667,21.79
50,0,23.6,36.59,21.79
50,0,23.6,36.59,21.79
60,0,23.6,36.59,21.79
40,0,23.6,36.6633333333,21.79
60,0,23.6,36.6266666667,21.79
60,0,23.6,36.6266666667,21.79
60,0,23.5666666667,36.6266666667,21.79
60,0,23.5,36.7,21.79
50,0,23.6,36.59,21.79
50,0,23.5333333333,36.59,21.79
50,0,23.5,36.59,21.79
50,0,23.5,36.59,21.79
50,0,23.5,36.59,21.79
40,0,23.5,36.59,21.79
50,0,23.5,36.59,21.79
50,0,23.5,36.6633333333,21.79
60,0,23.5,36.7,21.79
60,0,23.5,36.7,21.8566666667
60,0,23.4266666667,36.7,21.79
50,0,23.39,36.73,21.8233333333
60,0,23.39,36.79,21.89
60,0,23.39,36.79,21.89
260,0,23.39,36.79,21.89
360,0,23.39,36.9,21.89
100,0,23.445,37.05,21.89
90,0,23.5,37.2,21.9266666667
90,0,23.5,37.4633333333,22.0
100,0,23.5,37.6633333333,22.0
120,0,23.6,37.76,22.0
200,0,23.6,37.7,22.0
130,0,23.6,37.7,22.1
80,0,23.6,37.7,22.1
210,0,23.6,37.6633333333,22.1
240,0,23.6,37.59,22.1
210,0,23.6,37.59,22.1333333333
80,0,23.6,37.59,22.2
100,0,23.6,37.5,22.2
90,0,23.68,37.496,22.2
110,0,23.7,37.3633333333,22.2
120,0,23.7,37.23,22.2
360,0,23.7,36.93,22.2
270,0,23.7,36.73,22.2
120,0,23.7,36.4666666667,22.254
140,0,23.7,36.3266666667,22.2128571429
120,0,23.7,36.2,22.29
100,0,23.79,36.0,22.2642857143
260,0,23.79,36.0,22.254
250,0,23.79,35.9333333333,22.2642857143
100,0,23.79,35.79,22.254
90,0,23.79,35.73,22.245
80,0,23.79,35.7,22.2385714286
100,0,23.8566666667,35.6266666667,22.2
80,0,23.9266666667,35.3333333333,22.2642857143
90,0,23.9266666667,34.9266666667,22.218
80,0,23.9633333333,34.8583333333,22.2257142857
80,10,24.0,34.79,22.236
80,0,24.0325,34.78625,22.2257142857
70,10,24.065,34.7825,22.29
80,0,24.0975,34.77875,22.29
70,0,24.13,34.775,22.29
70,0,24.1625,34.77125,22.29
70,0,24.195,34.7675,22.29
80,0,24.2275,34.76375,22.29
100,0,24.26,34.76,22.29
90,0,24.2,34.7,22.29
90,0,24.29,34.79,22.29
100,0,24.29,34.845,22.29
110,0,24.29,34.9,22.29
110,0,24.3566666667,34.9,22.29
100,0,24.39,34.9,22.29
110,0,24.39,34.9,22.29
100,0,24.39,34.9,22.29
90,0,24.39,34.9,22.29
100,0,24.39,34.9,22.29
90,0,24.39,34.8266666667,22.29
100,0,24.4266666667,34.8266666667,22.29
90,0,24.5,34.9,22.29
90,0,24.4633333333,34.9666666667,22.29
80,0,24.4633333333,35.0266666667,22.29
90,0,24.5,35.1266666667,22.29
80,0,24.5,35.2,22.29
90,0,24.5,35.245,22.29
90,0,24.5,35.29,22.29
80,0,24.5,35.29,22.29
70,0,24.5,35.29,22.29
80,0,24.5,35.2,22.29
560,10,24.5,35.2,22.29
630,0,24.5,35.26,22.29
230,0,24.5,35.4333333333,22.3185714286
100,0,24.5,35.5,22.35
110,0,24.5,35.5,22.39
120,0,24.5,35.5,22.29
130,0,24.5,35.6266666667,22.3471428571
120,0,24.5,35.8333333333,22.35
140,0,24.5,35.9333333333,22.39
100,10,24.5,36.1333333333,22.39
110,0,24.5,36.4333333333,22.39
100,0,24.5,36.56,22.39
100,0,24.5,36.8266666667,22.39
100,0,24.5,36.9666666667,22.39
100,0,24.5,37.09,22.39
70,0,24.5,37.1725,22.39
50,0,24.5,37.26,22.39
50,10,24.5,37.2,22.39
60,0,24.5,37.26,22.39
60,0,24.5,37.29,22.39
50,0,24.4266666667,37.23,22.39
60,0,24.4633333333,37.26,22.39
60,0,24.39,37.26,22.39
70,10,24.4266666667,37.36,22.39
60,0,24.4266666667,37.4333333333,22.39
70,0,24.39,37.5,22.39
50,0,24.39,37.5,22.39
50,0,24.39,37.5,22.39
50,0,24.39,37.4333333333,22.39
60,0,24.39,37.4666666667,22.39
50,0,24.39,37.4,22.39
50,0,24.29,37.4,22.39
60,0,24.29,37.4,22.39
60,0,24.29,37.4,22.39
60,0,24.29,37.4,22.39
60,0,24.29,37.4,22.39
60,0,24.29,37.4,22.39
60,0,24.29,37.4,22.39
50,0,24.29,37.29,22.39
60,0,24.29,37.29,22.4528571429
60,0,24.26,37.29,22.4175
60,0,24.26,37.3633333333,22.456
50,0,24.23,37.3266666667,22.5
40,0,24.23,37.3266666667,22.5
60,0,24.23,37.3266666667,22.5
50,0,24.23,37.3266666667,22.5
50,0,24.2,37.29,22.5
50,0,24.2,37.29,22.5
60,0,24.2,37.29,22.5
50,0,24.2,37.29,22.5
60,0,24.2,37.4,22.5
60,0,24.2,37.4,22.5
50,0,24.2,37.4,22.5
60,0,24.2,37.4,22.5
50,0,24.2,37.45,22.5714285714
60,0,24.2,37.5,22.5
60,0,24.2,37.5,22.5142857143
50,0,24.1,37.53,22.58
60,0,24.1,37.59,22.5428571429
50,0,24.1,37.59,22.6
40,0,24.1,37.6633333333,22.5714285714
50,0,24.1,37.73,22.6
50,0,24.1,37.79,22.6
50,0,24.1,37.9,22.6
60,0,24.1,37.9,22.6
60,0,24.1,38.0,22.6
60,0,24.1,38.0,22.6
50,0,24.1,38.03,22.6
60,0,24.1,38.09,22.6
50,0,24.1,38.09,22.6
60,0,24.1,38.1633333333,22.6
50,0,24.1,38.2,22.6428571429
60,0,24.0333333333,38.2,22.64
50,0,24.0333333333,38.23,22.6142857143
50,0,24.1,38.29,22.6
50,0,24.1,38.3633333333,22.6428571429
40,0,24.0666666667,38.4,22.7
60,0,24.0666666667,38.4666666667,22.7
40,0,24.0333333333,38.4633333333,22.7
50,0,24.0333333333,38.59,22.7
60,0,24.0,38.59,22.7
90,0,24.0,38.59,22.7
60,0,24.0333333333,38.6266666667,22.79
70,0,24.1,38.6266666667,22.79
60,10,24.1,38.73,22.8233333333
400,0,24.1666666667,38.79,22.89
130,0,24.2,38.9333333333,22.89
370,0,24.26,39.1333333333,22.89
70,0,24.3233333333,39.2,22.9266666667
330,0,24.4633333333,39.26,22.945
230,0,24.5,39.29,22.9266666667
60,0,24.5666666667,39.43,23.0
80,0,24.6333333333,39.53,23.0
80,0,24.7225,39.7675,23.0333333333
80,0,24.8566666667,39.9666666667,23.0333333333
410,0,25.0,40.1633333333,23.1
180,0,25.0666666667,40.03,23.1
50,0,25.1,39.76,23.1
60,0,25.1,39.6266666667,23.1
50,0,25.1333333333,39.3633333333,23.1
60,0,25.1333333333,39.1566666667,23.1
50,0,25.1666666667,39.0,23.1
50,0,25.1666666667,38.86,23.1
50,0,25.1666666667,38.6633333333,23.1
50,0,25.1,38.53,23.1
60,0,25.1,38.3633333333,23.1
40,0,25.1,38.23,23.1
60,0,25.1666666667,38.09,23.1
50,0,25.1,38.03,23.1
60,0,25.1333333333,38.0,23.1
60,0,25.1333333333,37.9333333333,23.1
60,0,25.1,37.9,23.1
50,0,25.1,37.9,23.1
60,0,25.1,37.79,23.1
60,0,25.1,37.6633333333,23.1
50,0,25.1,37.53,23.1
60,0,25.1,37.5,23.1
60,0,25.1,37.5,23.1
50,0,25.1,37.3633333333,23.1
60,0,25.1,37.23,23.1
60,0,25.1,37.1633333333,23.1
50,0,25.1,37.09,23.1
60,0,25.1,36.9666666667,23.1
50,0,25.1,36.9,23.1
60,0,25.1,36.79,23.1
40,0,25.1,36.73,23.1
50,0,25.0333333333,36.6633333333,23.1
50,0,25.0333333333,36.53,23.1
50,0,25.0666666667,36.4666666667,23.1
50,0,25.0,36.3266666667,23.1
60,0,25.1,36.2,23.1
60,0,25.0333333333,36.2,23.1
50,0,25.0,36.06,23.1
60,0,25.0,35.975,23.1
50,0,25.0,35.9,23.1
60,0,25.0,35.79,23.1
50,0,25.0,35.73,23.1
70,0,25.0,35.6266666667,23.1
50,0,25.0,35.6266666667,23.1
60,0,25.0,35.56,23.1
60,0,25.0,35.4333333333,23.1
60,0,25.0,35.3633333333,23.1
40,0,25.0,35.23,23.1
60,0,24.9633333333,35.1633333333,23.1
40,0,24.89,35.03,23.1
50,0,24.89,34.9666666667,23.1
40,0,24.89,34.9,23.1
50,0,24.89,34.79,23.1
60,0,24.89,34.73,23.1
50,0,24.89,34.7,23.1
60,0,24.89,34.6266666667,23.1
50,0,24.89,34.7,23.1
50,0,24.9633333333,34.7,23.1
60,0,24.89,34.645,23.1
90,10,24.89,34.79,23.1
70,0,24.89,34.8633333333,23.1
90,0,24.89,34.9333333333,23.1
80,0,24.89,35.0,23.1
80,10,24.89,35.1266666667,23.1666666667
70,0,24.89,35.2,23.1
80,0,24.89,35.29,23.1333333333
70,0,24.89,35.29,23.2
80,0,24.89,35.4,23.1333333333
60,0,24.89,35.45,23.18
50,0,24.89,35.53,23.1714285714
60,0,24.89,35.6,23.14
60,0,24.89,35.67,23.1285714286
60,0,24.89,35.74,23.16
60,0,24.89,35.81,23.1714285714
60,0,24.89,35.88,23.1375
60,0,24.89,35.95,23.2
50,0,24.89,36.0,23.2
60,0,24.8233333333,35.9633333333,23.18
50,0,24.84,36.045,23.1285714286
60,0,24.8566666667,36.06,23.2
50,0,24.79,36.045,23.2
60,0,24.785,36.0475,23.2
60,0,24.78,36.05,23.2
40,0,24.775,36.0525,23.2
60,0,24.77,36.055,23.2
50,0,24.765,36.0575,23.2
50,0,24.76,36.06,23.2
50,0,24.755,36.0625,23.2
60,0,24.75,36.065,23.2
60,0,24.745,36.0675,23.2
50,0,24.74,36.07,23.2
70,0,24.735,36.0725,23.29
50,0,24.73,36.075,23.2385714286
60,0,24.725,36.0775,23.218
60,0,24.72,36.08,23.2514285714
60,0,24.715,36.0825,23.29
50,0,24.71,36.085,23.29
60,0,24.705,36.0875,23.29
60,0,24.7,36.09,23.29
60,0,24.7,36.1266666667,23.29
50,0,24.7,36.2,23.29
50,0,24.6928571429,36.2,23.29
50,0,24.6857142857,36.2,23.29
60,0,24.6785714286,36.2,23.29
40,0,24.6714285714,36.2,23.33
50,0,24.6642857143,36.2,23.3185714286
60,0,24.6571428571,36.2,23.33
60,0,24.65,36.2,23.29
50,0,24.6428571429,36.2,23.39
60,0,24.6357142857,36.2,23.3185714286
60,0,24.6285714286,36.2,23.33
50,0,24.6214285714,36.2,23.3185714286
60,0,24.6142857143,36.2,23.33
60,0,24.6071428571,36.2,23.3328571429
90,0,24.6,36.2,23.29
70,0,24.6,36.2,23.29
50,10,24.6,36.3,23.39
60,10,24.6,36.4,23.3757142857
70,0,24.6,36.5,23.35
50,0,24.6,36.4,23.39
60,10,24.55,36.45,23.39
40,0,24.5,36.5,23.39
70,0,24.5666666667,36.53,23.33
50,0,24.5,36.59,23.3328571429
60,0,24.5,36.7,23.35
50,0,24.5,36.7,23.29
60,10,24.5,36.79,23.29
50,0,24.5,36.79,23.3042857143
60,0,24.5,36.9333333333,23.3471428571
60,0,24.5,37.0,23.29
60,0,24.5,37.03,23.3471428571
50,0,24.5,37.09,23.39
50,0,24.5,37.2,23.39
70,10,24.55,37.245,23.39
50,0,24.5666666667,37.2955555556,23.4633333333
70,0,24.5833333333,37.3461111111,23.4633333333
60,0,24.6,37.3966666667,23.5
70,0,24.6166666667,37.4472222222,23.5
70,0,24.6333333333,37.4977777778,23.5
70,0,24.65,37.5483333333,23.5
70,0,24.6666666667,37.5988888889,23.5
70,0,24.6833333333,37.6494444444,23.5
60,10,24.7,37.7,23.5
60,0,24.7,37.76,23.5
60,0,24.79,37.9,23.5
60,0,24.79,37.9,23.5
50,0,24.79,38.0,23.5
60,0,24.79,38.0,23.5
50,0,24.79,38.0,23.5
50,0,24.79,38.06,23.5
50,0,24.79,38.09,23.5
50,0,24.79,38.09,23.5
60,0,24.79,38.09,23.5
60,20,24.79,38.1633333333,23.5
80,20,24.8233333333,38.2666666667,23.5
70,10,24.89,38.4,23.5
70,0,24.9266666667,38.4633333333,23.5428571429
60,0,24.9633333333,38.5266666667,23.5
230,0,25.0,38.59,23.5714285714
190,30,25.0,38.59,23.54
180,20,25.025,38.7,23.5714285714
80,20,25.05,38.81,23.54
80,10,25.075,38.92,23.6
60,0,25.1,39.03,23.6
360,0,25.1,39.09,23.6
370,0,25.1,39.09,23.6
110,0,25.1666666667,39.09,23.6
60,0,25.1,39.09,23.6
70,0,25.1,39.03,23.6
240,0,25.1666666667,39.0,23.6
60,0,25.1,38.9333333333,23.6
50,0,25.1,38.8633333333,23.6
60,0,25.1,38.79,23.6
50,0,25.1,38.79,23.6
60,0,25.1,38.79,23.6
80,0,25.1166666667,39.0583333333,23.6
60,0,25.1333333333,39.3266666667,23.6
80,0,25.2,39.5266666667,23.6
70,20,25.2,39.73,23.6
70,20,25.26,39.79,23.6
70,30,25.29,39.7,23.6
70,20,25.29,39.5666666667,23.6
70,20,25.34,39.345,23.6
70,20,25.39,39.26,23.6
100,20,25.4633333333,39.1266666667,23.6
90,20,25.5,39.0,23.6
90,30,25.5666666667,39.0,23.6
90,20,25.6333333333,39.03,23.6
170,20,25.7,39.03,23.6
410,20,25.7,38.8333333333,23.6
540,20,25.7,38.7,23.6
310,20,25.6666666667,38.9633333333,23.6
110,10,25.6666666667,39.3633333333,23.6
110,10,25.6,39.73,23.6
110,20,25.6,39.79,23.6
120,20,25.6,40.1333333333,23.6
160,30,25.6,40.66,23.6
110,20,25.6,41.0666666667,23.6
120,20,25.6,41.4666666667,23.6
110,10,25.6333333333,41.73,23.6
110,0,25.7,41.79,23.6
110,0,25.7,41.6633333333,23.6
100,0,25.7,41.4633333333,23.6
110,0,25.7,41.4,23.6
100,0,25.6,41.29,23.6
100,0,25.6,41.29,23.6
100,0,25.5,41.29,23.6
120,20,25.5,41.23,23.6
80,20,25.5,41.36,23.6
70,20,25.5666666667,41.5,23.6
70,30,25.6333333333,41.6333333333,23.6
70,20,25.7,41.56,23.6
70,20,25.7,41.79,23.6
70,20,25.7,41.8633333333,23.6
80,20,25.79,41.9,23.6
70,30,25.79,41.9,23.6
70,20,25.8233333333,41.79,23.6
80,20,25.89,41.79,23.6
70,20,25.89,41.76,23.6
70,20,25.9633333333,42.0333333333,23.6
80,30,26.0,42.2,23.6
60,10,26.0,42.26,23.6
60,0,26.1,42.26,23.6
60,0,26.1,42.1175,23.7
60,0,26.0333333333,42.09,23.6571428571
60,0,26.0,42.09,23.65
50,0,25.9266666667,41.7566666667,23.7
70,0,25.89,41.7,23.7
50,0,25.89,41.7,23.7
50,0,25.79,41.7,23.6571428571
60,0,25.79,41.76,23.7
50,0,25.76,41.79,23.7
50,0,25.7,41.8633333333,23.7
50,0,25.7,41.9,23.7
50,0,25.7,41.9666666667,23.7
50,0,25.7,42.0,23.7
50,0,25.7,42.06,23.736
60,0,25.6,42.1266666667,23.7257142857
50,0,25.6,42.2,23.79
70,0,25.6,42.29,23.79
60,0,25.6,42.29,23.736
50,0,25.6,42.4,23.79
70,0,25.5333333333,42.4666666667,23.79
50,0,25.5,42.5,23.79
60,0,25.5,42.5,23.79
50,0,25.5,42.5,23.79
70,0,25.5,42.5,23.79
50,0,25.5,42.56,23.79
60,0,25.5,42.59,23.79
50,0,25.4266666667,42.59,23.79
60,0,25.39,42.59,23.79
50,0,25.39,42.59,23.79
50,0,25.39,42.7,23.815
50,0,25.39,42.7,23.79
50,0,25.39,42.7,23.8042857143
50,0,25.39,42.7,23.83
50,0,25.39,42.7,23.8614285714
50,0,25.39,42.7,23.89
100,0,25.39,42.7,23.89
50,0,25.39,42.7,23.85
80,10,25.29,42.7,23.89
60,0,25.29,42.545,23.89
80,0,25.29,42.6266666667,23.9685714286
60,10,25.29,42.7,23.89
70,0,25.29,42.76,23.9685714286
70,0,25.2,43.4666666667,24.0
60,0,25.1333333333,44.1933333333,24.0
60,10,25.1666666667,44.4633333333,23.956
60,0,25.1,44.7966666667,24.0
60,0,25.1,45.39,24.0
60,10,25.0333333333,45.9233333333,24.0
80,0,25.0,46.29,24.0
50,0,25.0666666667,46.23,23.9528571429
60,0,25.1,46.2,23.956
50,0,25.1,46.1266666667,23.9057142857
60,0,25.1,46.06,23.978
50,0,25.1,45.9333333333,23.89
60,0,25.1,45.8633333333,23.89
50,0,25.1,45.79,23.89
60,0,25.1,45.79,23.89
60,0,25.1,45.79,23.89
60,0,25.1,45.79,23.89
60,0,25.1,45.79,23.89
60,0,25.1,45.79,23.89
60,0,25.1,45.79,23.89
50,0,25.1,45.79,23.89
50,0,25.1,45.9,23.89
50,0,25.1,45.9,23.89
50,0,25.1,46.0,23.89
50,0,25.1,46.0,23.89
50,0,25.1,46.0266666667,23.89
60,0,25.1,45.8266666667,23.9057142857
50,0,25.1,45.79,24.0
60,0,25.1666666667,45.73,24.0
60,0,25.2,45.6633333333,24.0
60,0,25.2,45.59,24.0
50,0,25.2,45.59,24.0
60,0,25.2,45.53,24.0
60,0,25.2,45.56,24.0
50,0,25.2,45.5,24.0
60,0,25.23,45.5,24.0
60,0,25.29,45.5,24.0
50,0,25.29,45.4,24.0
60,0,25.365,45.3725,24.0
60,0,25.39,45.29,24.0
60,0,25.39,45.2,24.0
50,0,25.39,45.2,24.0
60,0,25.39,45.2,24.0714285714
50,0,25.4633333333,45.1266666667,24.1
60,0,25.4266666667,45.09,24.1
50,0,25.5,45.09,24.1
50,0,25.5,45.06,24.1
50,0,25.5,45.0,24.1
50,0,25.5,44.9666666667,24.1
50,0,25.5,44.9,24.1
50,0,25.5,44.8633333333,24.1
60,0,25.5,44.79,24.1
60,0,25.5,44.79,24.1
50,0,25.5,44.79,24.1
60,0,25.6,44.79,24.1285714286
60,0,25.5333333333,44.79,24.1
60,0,25.6,44.76,24.1
60,0,25.5333333333,44.7,24.1
50,0,25.55,44.7,24.1
60,0,25.5333333333,44.7,24.1
50,0,25.5333333333,44.7,24.1428571429
60,0,25.5,44.7,24.14
70,0,25.5,44.6266666667,24.1
70,0,25.5666666667,44.59,24.1
70,0,25.5666666667,44.59,24.1428571429
80,0,25.5666666667,44.6266666667,24.16
70,0,25.5,44.7,24.15
80,0,25.5,44.7,24.1714285714
80,0,25.5,44.7,24.2
100,0,25.5,44.9333333333,24.2
350,0,25.5,45.1333333333,24.2
140,0,25.5,45.36,24.2
80,0,25.5,45.56,24.2
80,0,25.4633333333,45.73,24.2
100,0,25.39,45.8633333333,24.2
110,0,25.39,46.1266666667,24.2
100,0,25.39,46.3333333333,24.2
100,0,25.39,46.53,24.1333333333
100,0,25.39,46.6725,24.2
100,0,25.3233333333,46.7,24.2
140,0,25.39,46.6633333333,24.2
90,0,25.3233333333,46.53,24.2
100,0,25.29,46.3633333333,24.1333333333
90,0,25.29,46.29,24.1333333333
100,0,25.29,46.29,24.1
90,0,25.29,46.2128571429,24.04
90,0,25.29,46.134,24.0
100,0,25.2514285714,46.09,24.0
100,0,25.254,46.09,23.90375
110,10,25.2257142857,46.0514285714,23.89
70,0,25.2,46.016,23.79
60,0,25.2,45.9,23.83
60,0,25.2,45.856,23.89
50,0,25.2,45.7385714286,23.89
60,0,25.16,45.7,23.9685714286
60,0,25.1571428571,45.6685714286,23.934
60,0,25.1,45.59,24.0
50,0,25.1285714286,45.59,24.0
60,0,25.1,45.59,24.0
60,0,25.1,45.59,24.0
60,0,25.1,45.5,24.0
60,0,25.1,45.5385714286,24.0
50,0,25.1,45.5,24.0
60,0,25.1,45.5642857143,24.0
50,0,25.1,45.55625,24.0
70,0,25.1,45.59,24.0
50,0,25.1,45.59,24.0
60,0,25.1,45.59,24.0
40,0,25.1,45.59,24.0
50,0,25.025,45.5,24.0
50,0,25.1,45.5,24.0285714286
60,0,25.025,45.5,24.04
50,0,25.02,45.48,24.0142857143
60,0,25.0,45.4,24.06
50,0,25.0,45.4,24.05
60,0,25.0,45.4,24.0714285714
50,0,25.0,45.4,24.0
70,0,25.0,45.4,24.0428571429
50,0,25.0,45.4,24.1
60,0,25.0,45.4,24.0285714286
50,0,25.0,45.4,24.04
60,0,25.0,45.4,24.0857142857
60,0,25.0,45.4,24.02
60,0,25.0,45.4,24.0285714286
50,0,24.978,45.4,24.06
60,0,24.9371428571,45.4,24.0571428571
50,0,24.934,45.4,24.06
50,0,24.945,45.4,24.0285714286
50,0,24.89,45.4,24.1
50,0,24.89,45.4,24.0714285714
60,0,24.89,45.4,24.1
50,0,24.89,45.425,24.1
50,0,24.89,45.4714285714,24.06
50,0,24.89,45.4,24.0428571429
50,0,24.89,45.4,24.1
50,0,24.89,45.4,24.1
60,0,24.89,45.4285714286,24.1
60,0,24.89,45.5,24.0571428571
50,0,24.89,45.5,24.1
60,0,24.89,45.46,24.0571428571
100,0,24.89,45.4285714286,24.1
70,0,24.89,45.4,24.1
70,10,24.8471428571,45.2985714286,24.1
320,0,24.84,45.245,24.1
80,0,24.8614285714,45.3085714286,24.1
60,0,24.85,45.356,24.1
70,0,24.8614285714,45.4,24.1
60,0,24.83,45.44,24.08
70,0,24.8471428571,45.5385714286,24.0714285714
70,0,24.79,45.5,24.1
70,0,24.8614285714,45.5642857143,24.0428571429
80,0,24.79,45.59,24.02
70,0,24.8328571429,45.6371428571,24.1
70,0,24.8185714286,45.6685714286,24.0
100,0,24.8066666667,45.715,23.7685714286
410,0,24.8614285714,45.6942857143,23.68
270,0,24.89,45.7,23.5714285714
60,0,24.8614285714,45.6428571429,23.456
70,0,24.89,45.718,23.3328571429
80,0,24.9685714286,45.6942857143,23.35
80,0,25.04,45.59,23.4971428571
40,0,25.17,45.4557142857,23.6
50,0,25.31,45.316,23.6571428571
70,0,25.39,45.1214285714,23.718
70,0,25.5,44.96,23.7257142857
90,0,25.6,44.8371428571,23.79
70,0,25.7,44.736,23.79
60,0,25.7257142857,44.6214285714,23.79
50,0,25.79,44.5,23.81
70,0,25.8757142857,44.4142857143,23.89
90,0,25.87,44.654,23.89
60,10,25.7642857143,45.5357142857,23.89
50,0,25.736,45.9,23.89
50,0,25.8471428571,45.6785714286,23.89
60,0,25.89,45.4,23.79
60,0,25.9214285714,45.2385714286,23.79
50,0,26.0,45.29,23.79
60,0,26.0,45.1371428571,23.79
50,0,26.0,44.958,23.83
70,0,26.0428571429,44.7642857143,23.89
50,0,26.1,44.656,23.912
60,0,26.075,44.50875,23.9214285714
50,0,26.0428571429,44.3371428571,23.934
60,0,26.1,44.29,24.0
50,0,26.0571428571,44.29,24.0
70,0,26.1,44.29,24.0
70,0,26.1,44.2514285714,24.0
80,0,26.1,44.236,24.0
60,0,26.1,44.2385714286,24.0
90,0,26.1,44.2,24.0
70,0,26.1,44.1371428571,24.0
90,0,26.1,44.09,24.0142857143
70,0,26.1,44.09,24.04
90,0,26.1,44.054,24.0125
70,0,26.1428571429,43.9428571429,24.1
80,0,26.18,43.834,24.1
80,0,26.1,43.79,24.1
80,0,26.14,43.7,24.1
80,0,26.2,43.6371428571,24.1
80,0,26.2,43.59,24.1
70,0,26.1285714286,43.6214285714,24.1
80,0,26.1,43.736,24.1
70,0,26.1,43.91,24.1
70,0,26.1,44.018,24.1
70,0,26.1,44.09,24.1
80,0,26.1,44.2,24.06
70,0,26.1,44.3828571429,24.1
80,0,26.04,44.898,24.1
80,0,26.0,45.64125,24.1
70,0,26.0,46.6214285714,24.1
90,0,25.89,47.476,24.1
80,0,25.89,47.8942857143,24.1
100,0,25.89,48.174,24.1
110,0,25.89,48.29,24.12
100,0,25.89,47.916,24.1285714286
110,0,25.89,47.5842857143,24.1
90,0,25.89,47.316,24.1
100,0,25.8614285714,47.1214285714,24.1
100,0,25.79,47.054,24.1
100,0,25.79,46.9271428571,24.1
110,0,25.79,46.79,24.1
90,0,25.79,46.7257142857,24.1
120,10,25.79,46.59,24.08
90,0,25.7257142857,46.5385714286,24.0
100,0,25.736,46.48,24.0
80,0,25.7,46.3685714286,23.9842857143
90,0,25.7,46.254,23.934
100,0,25.7,46.2,23.89
90,0,25.7,46.134,23.85
90,0,25.6285714286,46.09,23.8042857143
80,0,25.66,46.09,23.83
70,0,25.6,46.09,23.79
80,0,25.6,46.09,23.7
70,0,25.6,46.09,23.7
60,0,25.6,46.09,23.7
50,0,25.6,46.0385714286,23.7257142857
70,0,25.6,45.925,23.79
60,0,25.56,45.834,23.79
60,0,25.6,45.79,23.79
50,0,25.54,45.656,23.79
60,0,25.5142857143,45.59,23.83
40,0,25.5,45.536,23.89
60,0,25.5,45.4285714286,23.89
70,0,25.5,45.4,23.89
50,0,25.5,45.4,23.89
50,0,25.5,45.4,23.89
60,0,25.5,45.3685714286,23.89
50,0,25.5,45.334,23.912
60,0,25.5,45.3528571429,23.9214285714
60,0,25.478,45.356,24.0
60,0,25.4371428571,45.4,23.9685714286
60,0,25.39,45.4,23.934
50,0,25.39,45.3057142857,23.89
60,0,25.39,45.312,24.0
60,0,25.39,45.3214285714,24.0
60,0,25.39,45.29,24.0
50,0,25.39,45.2771428571,24.0
60,0,25.39,45.2,24.0
50,0,25.39,45.2,24.0
60,0,25.39,45.2,24.0
60,0,25.3471428571,45.1371428571,24.0
60,0,25.39,45.09,24.0
50,0,25.3185714286,45.0257142857,23.9528571429
60,0,25.29,44.9428571429,24.0
50,0,25.29,44.8633333333,24.0
70,0,25.29,44.7385714286,24.0
50,0,25.29,44.7,24.0
60,0,25.29,44.7,24.0
50,0,25.29,44.656,24.0
50,0,25.29,44.59,24.0
50,0,25.29,44.59,24.0
50,0,25.29,44.5642857143,24.0
50,0,25.2,44.5,24.0
50,0,25.2,44.5,24.0
50,0,25.2,44.5,24.0
60,0,25.2,44.5,24.0
50,0,25.2,44.5,24.0
70,0,25.2,44.4142857143,24.0
50,0,25.2,44.4,24.0
50,0,25.2,44.4,24.0
60,0,25.2,44.29,24.0
60,0,25.1428571429,44.2128571429,23.9685714286
50,0,25.15,44.2,24.0
60,0,25.1,44.2,24.0
90,0,25.1,44.2,24.0
50,0,25.1,44.2,24.0
60,0,25.1,44.09,24.0
50,10,25.1,44.1371428571,24.0
40,0,25.1,44.09,24.0
50,0,25.1,44.09,24.0
40,0,25.1,44.09,24.0
50,0,25.1,44.09,23.9842857143
60,0,25.1,44.09,23.912
60,0,25.1,44.134,24.0
60,0,25.1,44.2,24.0
50,0,25.1,44.2,24.0
60,10,25.1,44.2,24.0
50,0,25.1,44.2,24.0
70,0,25.1,44.2225,24.0
50,0,25.12,44.312,24.0625
60,0,25.16,44.4,24.0857142857
50,0,25.2,44.4,24.0
50,0,25.2,44.4,24.0
50,0,25.2,44.5,24.0
50,0,25.2,44.5,24.0285714286
40,0,25.2,44.59,24.0
50,10,25.2,44.59,24.0
40,0,25.2,44.6842857143,24.0
50,0,25.2,44.7,24.0
50,0,25.2,44.7257142857,24.02
60,0,25.2,44.754,24.0285714286
60,0,25.2,44.7771428571,24.0
60,0,25.218,44.812,24.0
60,0,25.2642857143,44.8528571429,24.0
50,0,25.2,44.9,24.0
60,10,25.2,44.9,24.06
60,0,25.2385714286,44.9,24.0
50,0,25.218,44.9,24.02
50,0,25.29,44.9,24.0285714286
50,0,25.29,44.79,24.04
50,0,25.29,44.7771428571,24.0428571429
50,0,25.29,44.7,24.06
50,0,25.29,44.7,24.1
50,0,25.39,44.656,24.1
60,0,25.39,44.59,24.1
60,10,25.39,44.572,24.1
50,0,25.39,44.4714285714,24.1
60,0,25.456,44.4,24.1
50,0,25.4842857143,44.3371428571,24.1
60,0,25.5,44.29,24.1
60,0,25.5285714286,44.2257142857,24.1
60,0,25.54,44.2,24.1
50,0,25.6,44.1371428571,24.1
60,0,25.6,44.09,24.1
50,0,25.6,44.09,24.1
60,0,25.6,44.054,24.1
60,0,25.6142857143,44.0257142857,24.1
60,0,25.64,43.98,24.1
50,0,25.6428571429,43.9,24.1
70,0,25.66,43.9,24.1428571429
40,0,25.6428571429,43.9,24.1
50,0,25.7,43.9,24.1
60,0,25.7,43.9,24.1
80,0,25.7,43.83125,24.1
60,0,25.7,43.856,24.16
80,0,25.6857142857,43.8842857143,24.1428571429
80,0,25.64,43.9,24.1
100,0,25.6714285714,43.9714285714,24.1
100,0,25.64,44.036,24.2
110,0,25.6428571429,44.09,24.1142857143
200,0,25.6,44.156,24.14
100,0,25.6714285714,44.2,24.1714285714
100,0,25.64,44.29,24.2
100,0,25.6142857143,44.3842857143,24.2
110,0,25.6,44.4,24.1857142857
120,0,25.6,44.4285714286,24.16
110,0,25.6,44.46,24.2
470,0,25.6,44.4,24.14
340,0,25.6,44.378,24.1428571429
100,0,25.6,44.2257142857,24.16
110,0,25.6,44.156,24.1571428571
110,0,25.5714285714,44.09,24.14
90,0,25.58,44.09,24.2
110,0,25.5428571429,44.1685714286,24.2
110,0,25.5,44.236,24.2
130,0,25.5,44.29,24.2
120,0,25.5,44.356,24.2
120,0,25.5,44.4,24.2
120,0,25.5,44.44,24.2
130,0,25.5,44.5,24.14
120,0,25.5,44.5675,24.1571428571
130,0,25.456,44.59,24.14
120,0,25.4685714286,44.59,24.1
80,0,25.39,44.7,24.1
70,0,25.4214285714,44.8142857143,24.1
70,0,25.39,44.92,24.08
130,0,25.39,45.0957142857,24.0714285714
80,0,25.39,45.4,24.0
70,10,25.39,45.5371428571,24.0428571429
80,10,25.39,45.674,24.025
80,10,25.39,45.79,24.0
60,0,25.39,45.94,24.0
60,0,25.39,46.1116666667,24.0
60,0,25.39,46.156,24.0428571429
60,0,25.39,46.1214285714,24.06
70,0,25.39,46.09,24.1
50,0,25.39,46.09,24.1
60,0,25.29,46.054,24.1
60,0,25.29,46.0,24.1
60,0,25.29,46.0,24.1
60,0,25.29,45.9,24.1
60,0,25.29,45.9,24.1
50,0,25.29,45.9,24.1
60,0,25.29,45.878,24.1285714286
50,0,25.245,45.79,24.16
70,0,25.272,45.79,24.1571428571
50,0,25.2257142857,45.79,24.14
60,0,25.29,45.79,24.1714285714
40,0,25.2675,45.8725,24.2
60,0,25.2,45.9,24.2
50,0,25.2,45.9,24.2
50,0,25.2,45.9,24.2
50,0,25.2,45.856,24.2
50,0,25.2,45.79,24.2
60,0,25.2,45.772,24.236
60,0,25.2,45.7,24.2
50,0,25.2,45.7,24.2675
60,0,25.1285714286,45.6214285714,24.254
60,0,25.1,45.5,24.2514285714
50,0,25.1,45.4428571429,24.254
60,0,25.1,45.4,24.29
60,0,25.1,45.4,24.29
60,0,25.1,45.356,24.29
60,0,25.1,45.2385714286,24.29
60,0,25.1,45.2,24.29
50,0,25.1,45.1214285714,24.29
60,0,25.1,45.0,24.29
60,0,25.1,44.95,24.29
60,0,25.1,44.856,24.29
50,0,25.1,44.7385714286,24.29
50,0,25.1,44.7,24.29
50,0,25.05,44.6175,24.29
50,0,25.0,44.59,24.29
50,0,25.0,44.59,24.29
50,0,25.0,44.4985714286,24.29
50,0,25.0,44.4,24.29
60,0,25.0,44.4,24.29
50,0,24.956,44.356,24.29
60,0,24.9842857143,44.29,24.29
60,0,24.978,44.236,24.29
70,0,24.9633333333,44.2,24.3185714286
60,0,24.978,44.2,24.39
70,0,24.89,44.2,24.365
190,0,24.89,44.2,24.3757142857
370,0,24.89,44.29,24.39
100,0,24.89,44.3528571429,24.3185714286
90,0,24.89,44.478,24.29
110,0,24.8614285714,44.6371428571,24.1557142857
80,0,24.79,44.7,24.04
120,0,24.7514285714,44.7957142857,24.0
110,0,24.754,44.94,23.89
80,0,24.7771428571,45.1528571429,23.9528571429
560,0,24.79,45.312,24.0
660,10,24.8614285714,45.4,24.0285714286
330,20,24.89,45.5,24.1
270,20,24.945,45.575,24.1571428571
290,20,25.04,45.59,24.2
230,20,25.1142857143,45.5385714286,24.2257142857
250,30,25.2,45.44,24.254
190,20,25.2642857143,45.3685714286,24.236
80,20,25.39,45.2,24.2
70,20,25.39,45.1528571429,24.2128571429
60,20,25.456,45.178,24.272
80,30,25.5714285714,45.09,24.2
80,20,25.6,45.09,24.2
70,20,25.6428571429,45.09,24.2
60,20,25.62,45.036,24.2
80,20,25.7,45.0,24.2
70,20,25.7,44.9,24.29
80,30,25.7,44.9285714286,24.29
80,20,25.7,44.878,24.29
110,20,25.7,44.7257142857,24.29
600,20,25.7,44.9,24.29
560,20,25.7514285714,44.8371428571,24.29
320,0,25.81,44.79,24.29
260,0,25.89,44.7257142857,24.29
280,0,25.89,44.59,24.3614285714
260,0,25.89,44.5385714286,24.39
240,0,25.87,44.5,24.39
210,0,25.79,44.4285714286,24.39
100,0,25.79,44.356,24.39
380,0,25.79,44.2771428571,24.39
620,0,25.79,44.178,24.39
310,0,25.79,44.09,24.39
270,0,25.79,44.0,24.4214285714
280,0,25.79,43.9166666667,24.39
240,0,25.79,43.7542857143,24.4371428571
280,0,25.79,43.66,24.5
230,0,25.7514285714,43.4714285714,24.4528571429
170,0,25.754,43.356,24.456
170,0,25.7,43.2128571429,24.4057142857
620,0,25.7,43.116,24.5
460,0,25.7,43.0,24.5
240,10,25.7,42.856,24.434
250,0,25.7,42.7228571429,24.5
270,0,25.7,42.572,24.5
250,0,25.7,42.4714285714,24.5
220,0,25.7,42.29,24.5
170,0,25.6571428571,42.2128571429,24.5
100,0,25.68,42.116,24.5
200,0,25.6,42.0,24.5
350,0,25.6,41.96,24.5
300,0,25.6,41.8057142857,24.5
450,0,25.6,41.79,24.5
450,0,25.6,41.79,24.5
290,0,25.6,41.7,24.5
270,0,25.6,41.7257142857,24.5
280,0,25.56,41.7,24.5
200,0,25.6,41.7,24.5
120,0,25.6,41.7,24.5
120,0,25.5285714286,41.6371428571,24.434
110,0,25.56,41.59,24.4057142857
560,0,25.525,41.51,24.37
450,0,25.5,41.4,24.3328571429
490,0,25.5,41.46,24.29
280,0,25.5,41.3528571429,24.2128571429
280,0,25.5,41.272,24.2
310,0,25.5,41.2,24.1714285714
280,10,25.5,41.054,24.1
310,0,25.5,40.8242857143,24.0857142857
330,0,25.5,40.276,24.0
190,0,25.5,39.8971428571,23.9685714286
130,0,25.5,39.7,23.89
140,0,25.5,39.8285714286,23.79
150,0,25.456,40.018,23.7514285714
140,0,25.4685714286,40.1371428571,23.736
130,0,25.39,40.036,23.6714285714
130,0,25.39,40.09,23.6
100,0,25.39,40.072,23.5142857143
120,0,25.39,40.0,23.434
100,10,25.39,40.0,23.39
80,0,25.39,40.0,23.254
60,0,25.39,40.076,23.2128571429
60,0,25.39,40.2,23.31
60,0,25.39,40.29,23.4214285714
60,0,25.39,40.245,23.5
60,0,25.39,40.2,23.5857142857
60,0,25.39,40.09,23.6
50,0,25.39,40.0128571429,23.6285714286
50,0,25.39,39.9625,23.6
50,0,25.37,39.9,23.6857142857
60,0,25.33,39.834,23.7
60,0,25.29,39.79,23.7257142857
60,0,25.29,39.7642857143,23.7
70,0,25.29,39.7,23.7514285714
60,0,25.29,39.7,23.79
60,0,25.29,39.6214285714,23.79
60,0,25.2675,39.59,23.79
60,0,25.254,39.536,23.79
50,0,25.2642857143,39.5,23.79
60,0,25.2,39.5,23.79
50,0,25.2,39.5,23.79
60,0,25.2,39.4,23.83
60,0,25.2,39.4,23.89
70,0,25.2,39.29,23.89
60,0,25.2,39.29,23.89
70,0,25.1714285714,39.2257142857,23.89
60,0,25.2,39.2,23.89
60,0,25.2,39.1633333333,23.89
70,0,25.15,39.09,23.89
60,0,25.1,39.0,23.89
60,0,25.1,38.94,23.89
50,0,25.1,38.8985714286,23.89
60,0,25.1,38.79,23.89
60,0,25.1,38.77875,23.89
60,0,25.1,38.7385714286,23.89
70,0,25.1,38.656,23.89
60,0,25.1,38.59,23.89
70,0,25.1,38.572,23.89
60,0,25.1,38.5,23.89
60,0,25.1,38.5,23.89
50,0,25.0857142857,38.4428571429,23.89
60,0,25.0,38.4,23.89
60,0,25.0,38.3528571429,23.89
50,0,25.0,38.29,23.89
60,0,25.0,38.2771428571,23.89
60,0,25.0,38.2,23.9371428571
60,0,25.0,38.1685714286,23.956
70,0,25.0,38.09,23.9214285714
60,0,25.0,38.0771428571,23.89
60,0,24.934,38.0,23.9371428571
60,0,24.89,37.9571428571,23.934
50,0,24.89,37.9,23.9528571429
60,0,24.89,37.8371428571,23.956
50,0,24.89,37.79,23.9528571429
60,0,24.89,37.7642857143,23.89
70,0,24.89,37.7,23.9214285714
50,0,24.89,37.6371428571,23.934
70,0,24.89,37.59,23.89
60,0,24.89,37.5642857143,23.89
70,0,24.89,37.5,23.9057142857
70,0,24.89,37.5,23.978
60,0,24.8042857143,37.2571428571,23.9685714286
100,0,24.79,36.74,23.934
50,0,24.79,36.3971428571,23.9371428571
80,0,24.736,35.96,23.89
320,0,24.7642857143,36.1128571429,23.89
350,0,24.79,36.334,23.89
160,0,24.7514285714,36.2642857143,23.89
70,0,24.79,36.09,23.89
80,0,24.79,35.94,23.89
70,0,24.79,35.75,23.93125
70,0,24.79,35.6371428571,23.89
70,0,24.79,35.4,23.7528571429
80,0,24.79,35.2385714286,23.456
80,0,24.79,35.072,23.4528571429
100,0,24.79,34.9285714286,23.5
90,0,24.79,34.754,23.5
290,0,24.8042857143,34.6528571429,23.5
430,0,24.89,34.7,23.5
100,0,24.89,34.7,23.5
100,0,24.89,34.7,23.4057142857
100,0,24.89,34.7,23.412
110,0,24.912,34.776,23.4528571429
110,0,24.9685714286,35.0285714286,23.39
110,0,25.0,35.4,23.39
90,0,25.0,35.4571428571,23.39
90,0,25.0,35.516,23.39
100,0,25.0375,35.36125,23.39
90,0,25.0285714286,34.59,23.39
100,0,24.85,33.174,23.412
110,0,24.7385714286,32.4285714286,23.5
110,0,24.7,32.116,23.5
130,0,24.7642857143,32.5928571429,23.5
110,0,24.89,33.134,23.478
110,0,24.9057142857,33.3842857143,23.39
130,0,24.956,33.696,23.16
110,0,25.0,33.9542857143,23.1
130,0,25.1,34.236,23.1
130,10,25.1,34.4928571429,23.1
120,0,25.1,34.29,23.1
90,0,24.9971428571,32.1685714286,23.2
100,0,24.89,31.16,23.2257142857
100,0,24.89,31.17,23.2
110,0,24.89,31.392,23.2
110,0,24.8614285714,31.4114285714,23.2
100,0,24.56,30.016,23.2
90,0,24.3485714286,29.7271428571,23.218
130,0,24.236,29.436,23.29
120,0,24.1,28.9971428571,23.39
140,0,24.0,28.716,23.39
130,0,24.0,29.0985714286,23.39
130,0,24.0,29.22,23.4214285714
130,0,24.0285714286,29.9242857143,23.5
130,0,24.2,30.58,23.5
120,0,24.3342857143,31.0528571429,23.5
110,0,24.4671428571,31.3764285714,23.5
110,0,24.6,31.7,23.5
110,0,24.6666666667,31.76,23.5
110,0,24.7,31.86,23.5
110,0,24.7,32.06,23.5
100,0,24.7,32.23,23.5
100,0,24.7,32.29,23.4633333333
90,0,24.73,32.4,23.456
100,0,24.79,32.4,23.35
490,0,24.79,32.4333333333,23.29
570,10,24.8566666667,32.56,23.236
460,0,24.89,32.79,23.2
120,10,24.89,32.93,23.2
100,0,24.89,33.7266666667,23.1
110,10,24.89,34.1333333333,23.1
110,0,24.5633333333,31.26,23.1333333333
100,0,24.23,29.6666666667,23.15
100,0,24.23,29.6633333333,23.1
90,0,24.29,29.93,23.0
90,0,24.29,30.1,23.0857142857
90,0,24.29,30.1633333333,23.1
90,0,24.29,30.3566666667,23.1
80,10,24.29,30.5,23.06
110,0,24.29,30.5666666667,22.9371428571
90,0,24.29,30.7,22.83
80,0,24.29,30.8266666667,22.79
80,0,24.29,30.9266666667,22.79
80,10,24.23,30.9266666667,22.79
80,0,24.2,31.0,22.79
80,0,24.2,31.0666666667,22.79
80,0,24.2,31.2,22.7385714286
70,0,24.2,31.26,22.7
80,0,24.2,31.39,22.7
70,0,24.1333333333,31.4633333333,22.6571428571
70,0,24.1,31.6333333333,22.6
90,0,24.1,31.7,22.7
70,10,24.1,31.76,22.6714285714
50,0,24.1,31.7,22.7
50,0,24.1,31.73,22.7
50,0,24.025,31.79,22.79
60,0,24.0666666667,31.8566666667,22.79
50,0,24.0,32.0,22.79
40,0,24.0,32.06,22.79
50,0,24.0,32.1266666667,22.79
50,0,24.0,32.2,22.83
50,0,24.0,32.3266666667,22.89
50,0,24.0,32.4666666667,22.89
60,0,24.0,32.59,22.89
50,0,24.0,32.6633333333,22.89
60,0,24.0,32.7,22.89
50,0,24.0,32.76,22.89
50,0,24.0,32.9,22.9266666667
50,0,23.9266666667,32.9,22.89
50,0,23.9266666667,33.0,22.89
60,0,23.9266666667,33.0,22.934
50,0,23.89,33.09,23.0
50,0,23.89,33.1633333333,23.0
60,0,23.89,33.2,23.0
60,0,23.89,33.26,23.0
50,0,23.84,33.395,23.0
60,0,23.79,33.4333333333,23.0
50,0,23.79,33.5,23.0
60,0,23.8566666667,33.59,23.0
50,0,23.79,33.59,23.0
40,0,23.79,33.7,23.0
60,0,23.79,33.7,23.05
30,0,23.79,33.73,23.0
40,0,23.79,33.79,23.06
30,0,23.76,33.79,23.0
40,0,23.76,33.79,23.0428571429
40,0,23.73,33.8266666667,23.06
50,0,23.73,33.9,23.0
60,0,23.7,33.9,23.0
50,0,23.7,33.9,23.04
60,0,23.7,33.9333333333,23.075
40,0,23.7,34.0,23.0
50,0,23.7,34.0,23.0714285714
60,0,23.7,34.0,23.0
40,0,23.6666666667,34.0,23.0428571429
60,0,23.6,34.0,23.0
60,0,23.6,34.0,23.0
60,0,23.6,34.03,23.0666666667
60,0,23.6,34.03,23.0428571429
50,0,23.6,34.09,23.06
50,0,23.6,34.1633333333,23.0285714286
60,0,23.6,34.2,23.0
40,0,23.6,34.2,23.0
60,0,23.6,34.2,23.075
50,0,23.5333333333,34.2,23.0714285714
90,0,23.5,34.29,23.1
80,0,23.5,34.29,23.1
50,0,23.5333333333,34.29,23.04
60,0,23.5333333333,34.29,23.0
60,0,23.5,34.26,23.075
220,0,23.5,34.3333333333,23.0714285714
190,0,23.5333333333,34.6266666667,23.04
120,0,23.6,34.76,23.1
70,0,23.5333333333,34.5266666667,23.1
50,0,23.5333333333,34.4666666667,23.1428571429
150,0,23.6,34.45,23.2
130,10,23.6,34.59,23.1285714286
120,0,23.6,34.39,23.1142857143
110,0,23.4633333333,32.9333333333,23.2
80,0,23.2633333333,32.3266666667,23.2
100,0,23.29,32.6933333333,23.1
100,0,23.3566666667,33.0266666667,23.1142857143
100,0,23.39,33.2666666667,23.2
70,0,23.4633333333,33.5266666667,23.2
80,0,23.5,33.7,23.2
80,10,23.5,33.545,23.2
200,0,23.5333333333,33.4666666667,23.2
110,10,23.6,33.4666666667,23.1571428571
110,0,23.6,33.56,23.14
100,0,23.6,33.4333333333,23.1
100,10,23.6,33.4633333333,23.08
110,0,23.6,33.7233333333,23.0428571429
100,10,23.6,33.9,23.06
110,0,23.6666666667,33.9666666667,23.0
110,0,23.7,34.145,23.0
90,10,23.7,34.1633333333,23.0
100,0,23.7,34.03,23.0
90,0,23.79,33.9333333333,22.9214285714
110,0,23.79,33.9333333333,22.89
100,0,23.79,33.8633333333,22.9371428571
90,0,23.8566666667,33.79,22.934
110,0,23.79,33.56,22.89
110,0,23.8566666667,33.56,22.89
100,0,23.89,33.4666666667,22.89
260,0,23.8233333333,33.2666666667,22.9214285714
160,0,23.8233333333,33.23,22.89
80,10,23.89,33.23,22.9214285714
80,0,23.89,33.1633333333,23.0
90,0,23.8233333333,33.03,23.0
90,0,23.8233333333,33.0,23.0
70,0,23.89,32.86,23.0
100,0,23.79,32.7,23.0
100,10,23.79,32.7,23.0
100,0,23.79,32.6266666667,23.0
80,0,23.79,32.7225,23.0
90,0,23.79,32.99,22.934
100,0,23.89,33.36,22.9057142857
90,20,23.89,33.56,22.89
100,20,23.89,33.73,22.89
100,20,23.89,33.8633333333,22.89
110,30,23.9266666667,34.03,22.89
130,20,24.0,34.1633333333,22.89
110,20,24.0333333333,34.23,22.89
110,20,24.1,34.29,22.89
300,30,24.1333333333,34.3266666667,22.8757142857
360,20,24.2,34.3266666667,22.79
140,20,24.2,34.29,22.8328571429
100,20,24.2,34.29,22.8275
200,20,24.2,34.29,22.79
330,30,24.2,34.29,22.8185714286
290,20,24.26,34.4666666667,22.79
120,0,24.2,34.4666666667,22.79
80,10,24.23,34.6266666667,22.79
80,0,24.29,34.7,22.79
100,30,24.2,34.59,22.79
110,20,24.2,34.73,22.79
100,20,24.2,34.93,22.79
110,20,24.2,35.23,22.79
100,20,24.2,35.3633333333,22.79
100,20,24.2,35.53,22.79
80,0,24.2,35.6633333333,22.79
100,0,24.2,35.7,22.79
90,0,24.2,35.7,22.772
100,0,24.1,35.7,22.7642857143
90,0,24.1,35.7,22.7
170,0,24.0666666667,35.7,22.7257142857
500,0,24.0,35.7,22.736
330,0,24.0,35.79,22.7
290,0,24.0,35.79,22.7
260,0,23.9633333333,35.9,22.6857142857
230,0,23.89,35.9666666667,22.6
240,0,23.8566666667,36.0,22.6
240,0,23.79,36.06,22.6
150,10,23.79,36.09,22.6
100,0,23.79,36.1725,22.6
90,0,23.79,36.2,22.6
90,0,23.79,36.23,22.66
90,0,23.73,36.29,22.6
80,0,23.7,36.29,22.64
100,0,23.7,36.29,22.65
70,0,23.7,36.3266666667,22.7
80,0,23.7,36.4,22.7
80,0,23.6666666667,36.3633333333,22.7
80,0,23.6,36.29,22.7
80,0,23.6,36.4,22.7
90,0,23.6,36.4,22.736
90,0,23.6,36.5,22.7
80,0,23.6,36.5,22.7257142857
70,0,23.6,36.5,22.7
50,0,23.5333333333,36.56,22.7
60,0,23.5,36.59,22.7
60,0,23.5,36.59,22.79
50,0,23.5,36.6266666667,22.79
50,0,23.5,36.7,22.7771428571
60,0,23.5,36.7,22.754
50,0,23.5,36.79,22.79
50,0,23.4266666667,36.73,22.79
50,0,23.39,36.79,22.79
60,0,23.39,36.73,22.79
50,0,23.39,36.79,22.79
70,0,23.39,36.79,22.79
50,0,23.39,36.79,22.79
60,0,23.39,36.79,22.79
60,0,23.3233333333,36.79,22.79
50,0,23.3233333333,36.8633333333,22.79
70,0,23.29,36.9,22.79
50,0,23.29,36.9,22.79
50,0,23.29,36.9,22.79
50,0,23.29,36.9,22.79
50,0,23.29,37.0,22.79
50,0,23.23,36.9333333333,22.79
50,0,23.26,36.9666666667,22.79
50,0,23.2,36.9,22.79
60,0,23.2,36.9,22.79
50,0,23.2,37.0,22.79
60,0,23.2,37.0,22.79
60,0,23.2,37.0,22.79
50,0,23.2,37.0,22.79
60,0,23.2,37.06,22.79
50,0,23.1333333333,37.06,22.79
50,0,23.1,37.09,22.79
50,0,23.1,37.09,22.79
50,0,23.1,37.09,22.84
50,0,23.1,37.09,22.8042857143
50,0,23.1,37.1266666667,22.79
50,0,23.1,37.2,22.79
60,0,23.1,37.2,22.79
50,0,23.1,37.2,22.79
60,0,23.1,37.2,22.79
60,0,23.0333333333,37.1266666667,22.79
60,0,23.0666666667,37.2,22.79
50,0,23.0,37.2,22.79
50,0,23.0,37.2,22.79
90,0,23.0,37.2,22.8185714286
60,0,23.0,37.26,22.79
40,0,23.0,37.3266666667,22.79
50,0,23.0,37.4666666667,22.79
60,0,23.0,37.53,22.79
50,0,23.0,37.59,22.79
160,0,23.0,37.7,22.79
170,0,23.0,37.7,22.79
80,0,22.9633333333,37.79,22.79
60,0,22.9633333333,37.79,22.89
50,0,22.9633333333,37.8633333333,22.89
50,0,22.89,37.79,22.89
80,10,22.89,37.79,22.89
100,20,22.89,37.79,22.89
320,30,22.9266666667,37.9333333333,22.89
160,20,23.0,38.06,22.89
100,20,23.1,38.29,22.89
100,20,23.1,38.29,22.8471428571
110,20,23.2,38.29,22.89
100,20,23.2675,38.2675,22.8328571429
100,30,23.3566666667,38.2,22.79
100,20,23.39,38.06,22.79
90,0,23.39,38.0,22.89
110,0,23.5,37.93,22.89
110,0,23.5,37.6566666667,22.8233333333
110,0,23.3566666667,37.2233333333,22.8233333333
290,0,23.23,36.6966666667,22.8233333333
450,0,23.1666666667,36.0266666667,22.8233333333
160,0,23.1,35.9,22.89
100,0,23.1666666667,35.76,22.89
120,0,23.1666666667,35.6266666667,22.89
120,0,23.2,35.4666666667,22.89
120,10,23.2,35.3266666667,22.89
330,0,23.23,35.2666666667,22.89
350,0,23.29,35.4,22.89
360,0,23.3233333333,35.59,22.89
340,0,23.39,35.6633333333,22.89
100,0,23.5,35.9475,22.89
80,0,23.5,36.045,22.89
90,10,23.6,35.79,22.89
80,0,23.6,35.745,22.89
80,0,23.6,35.5266666667,22.89
100,0,23.6,35.1333333333,22.89
100,0,23.6,34.5,22.89
100,0,23.6,33.7,22.89
80,0,23.55,33.6,22.9371428571
210,0,23.5333333333,33.4866666667,22.89
90,10,23.5166666667,33.3733333333,22.89
100,0,23.5,33.26,22.89
90,0,23.4266666667,32.7933333333,22.89
90,0,23.26,32.2233333333,22.89
90,0,23.1333333333,32.03,22.89
90,0,23.0666666667,31.8233333333,22.89
90,0,23.0666666667,32.0233333333,22.89
80,0,23.1333333333,32.4633333333,22.89
90,0,23.26,32.8633333333,22.89
90,0,23.29,33.2666666667,22.89
120,0,23.3566666667,33.4666666667,22.89
110,0,23.39,33.6266666667,22.89
110,0,23.39,33.7,22.89
630,0,23.39,33.545,22.89
400,0,23.5,33.6266666667,22.89
350,0,23.4266666667,33.7,22.89
120,0,23.4633333333,33.7,22.85
100,0,23.4633333333,33.8333333333,22.8471428571
110,0,23.4266666667,33.8266666667,22.83
100,0,23.4266666667,33.8266666667,22.79
150,0,23.39,33.8266666667,22.79
100,0,23.39,33.9,22.79
120,0,23.39,33.9,22.79
120,0,23.3233333333,33.9,22.79
110,0,23.3566666667,33.8266666667,22.79
120,0,23.3566666667,34.16,22.79
120,20,23.39,34.73,22.79
110,10,23.39,34.79,22.7642857143
100,20,23.39,34.9,22.7
130,0,23.39,34.9,22.7
80,0,23.39,34.9,22.7
80,0,23.3233333333,34.9666666667,22.6714285714
80,0,23.29,35.0,22.64
80,0,23.29,35.0,22.6142857143
80,0,23.23,35.0,22.6
70,10,23.2,35.0,22.6
60,0,23.2,35.0,22.6
60,0,23.2,35.03,22.6
60,10,23.2,35.09,22.6
50,0,23.1666666667,35.09,22.6375
50,0,23.1,35.09,22.6
40,0,23.1,35.2666666667,22.6
60,0,23.1666666667,35.4666666667,22.6
40,0,23.2,35.7666666667,22.6
40,10,23.2,36.0266666667,22.6285714286
50,0,23.2,36.23,22.66
60,10,23.2,36.3633333333,22.6
70,0,23.2,36.5666666667,22.6
60,10,23.26,36.76,22.6
70,0,23.23,36.86,22.6
50,0,23.29,37.0,22.6428571429
40,0,23.29,36.9,22.6
50,0,23.2225,36.8175,22.6285714286
50,0,23.2,36.8633333333,22.6
50,0,23.1,36.9,22.6
50,0,23.1,36.9,22.64
60,0,23.1,36.9333333333,22.6
50,0,23.1,37.0,22.6
60,0,23.0,36.9,22.6
50,0,23.0,36.9666666667,22.62
60,0,23.0,37.0,22.7
50,0,22.9266666667,37.0,22.7
60,0,22.89,37.03,22.68
50,0,22.89,37.09,22.62
40,0,22.89,37.09,22.7
60,0,22.89,37.1633333333,22.7
40,0,22.89,37.29,22.7
70,0,22.89,37.29,22.7
50,0,22.79,37.29,22.7
60,0,22.79,37.29,22.7
60,0,22.79,37.4,22.7
50,0,22.79,37.4,22.7
60,0,22.745,37.5,22.7
40,0,22.76,37.5,22.7
50,0,22.7,37.56,22.7
50,0,22.7,37.59,22.7
50,0,22.7,37.6633333333,22.7
50,0,22.7,37.7,22.7
60,0,22.7,37.7,22.7
50,0,22.7,37.79,22.7
60,0,22.7,37.79,22.7
70,0,22.6333333333,37.73,22.7
80,0,22.6333333333,37.79,22.7
50,0,22.6,37.76,22.7
50,0,22.5333333333,37.7,22.7
50,0,22.5,37.7,22.7
50,0,22.5,37.7,22.7
60,0,22.5666666667,37.76,22.7
40,0,22.5666666667,37.76,22.7
50,0,22.6,37.9,22.7
40,0,22.6,38.0266666667,22.7
80,0,22.6,38.345,22.7
70,0,22.6333333333,38.53,22.7
60,0,22.7,38.59,22.65
70,0,22.7,38.53,22.64
110,0,22.7,38.6633333333,22.65
50,0,22.7,38.73,22.6
50,0,22.7,38.93,22.7
50,0,22.73,39.0,22.7
50,0,22.79,39.0,22.7
70,0,22.79,38.9,22.7
50,0,22.79,38.8266666667,22.7
60,0,22.8233333333,38.8266666667,22.7
60,0,22.89,38.9,22.736
50,0,23.0,38.79,22.79
50,0,23.0666666667,38.79,22.79
50,0,23.2,38.7,22.79
50,0,23.26,38.7,22.79
50,0,23.3233333333,38.59,22.79
50,0,23.39,38.59,22.79
60,0,23.445,38.545,22.79
50,0,23.6,38.5,22.79
50,0,23.6,38.4333333333,22.79
60,0,23.7,38.4666666667,22.79
50,0,23.76,38.4,22.79
60,0,23.79,38.3633333333,22.83
50,0,23.79,38.29,22.79
60,0,23.89,38.3633333333,22.79
40,0,23.9633333333,38.29,22.81
60,0,23.9266666667,38.26,22.8185714286
40,0,24.0,38.2,22.79
60,0,24.0,38.2,22.79
50,0,24.0,38.1266666667,22.79
60,0,24.1,38.1633333333,22.79
50,0,24.1,38.09,22.79
50,0,24.1,38.2,22.79
60,0,24.1,38.2,22.79
50,0,24.1333333333,38.2,22.79
50,0,24.2,38.2,22.79
40,0,24.2,38.1633333333,22.79
50,0,24.2,38.1725,22.79
50,0,24.2,38.1266666667,22.79
40,0,24.2,38.1633333333,22.79
30,0,24.2,38.1633333333,22.79
40,0,24.2,38.2,22.79
40,0,24.1333333333,38.2,22.79
60,0,24.1333333333,38.2,22.79
60,0,24.1333333333,38.2,22.79
50,0,24.1,38.2,22.79
60,0,24.1,38.2,22.79
50,0,24.1,38.2,22.79
50,0,24.0333333333,38.2,22.79
40,0,24.1,38.2,22.79
50,0,24.1,38.2,22.79
60,0,24.1,38.1633333333,22.79
60,0,24.1,38.09,22.79
50,0,24.0,38.06,22.79
60,0,24.0,38.0,22.79
60,0,24.0,38.06,22.79
50,0,24.0,38.0225,22.79
80,0,24.0,38.09,22.79
70,0,24.0,38.09,22.79
80,0,23.9266666667,38.03,22.79
80,0,23.89,38.0,22.79
80,0,23.89,38.0,22.754
90,0,23.8566666667,37.9666666667,22.7642857143
100,0,23.8566666667,37.9666666667,22.754
190,0,23.79,37.9,22.79
380,0,23.79,37.9,22.7
100,0,23.79,37.9,22.7
90,0,23.79,37.9666666667,22.7128571429
110,0,23.79,38.0,22.736
90,0,23.79,38.0,22.7
110,0,23.79,38.09,22.7
100,0,23.73,38.09,22.7
90,0,23.7,38.1266666667,22.7
140,0,23.7,38.2,22.7
140,0,23.7,38.23,22.7
130,10,23.7,38.29,22.7
120,0,23.7,38.495,22.7
120,0,23.7,39.0,22.6571428571
130,0,23.7,39.46,22.6
140,0,23.79,39.6633333333,22.6
110,10,23.73,39.59,22.6
110,0,23.7,39.5,22.6
110,0,23.7,39.5,22.6
110,0,23.7,39.5,22.5428571429
90,0,23.7,39.5,22.5
60,10,23.7,39.4,22.5
80,0,23.7,39.4666666667,22.5
50,0,23.6,39.4,22.5
60,0,23.6,39.3266666667,22.5
50,0,23.6,39.29,22.5285714286
60,10,23.6,39.29,22.6
80,0,23.6,39.29,22.6
50,0,23.6,39.29,22.6
40,0,23.5666666667,39.2,22.6
20,0,23.5666666667,39.1266666667,22.6
30,10,23.5,39.06,22.6
30,0,23.5,39.0,22.6
60,0,23.5,38.9333333333,22.6
60,0,23.5,38.9,22.6
60,0,23.5,38.8266666667,22.6
60,0,23.5,38.79,22.6
60,0,23.5,38.79,22.6
50,0,23.4633333333,38.7233333333,22.6
60,0,23.39,38.59,22.6
50,10,23.39,38.59,22.6428571429
50,0,23.39,38.59,22.64
50,0,23.39,38.56,22.6
50,0,23.39,38.5,22.64
50,0,23.39,38.5,22.6571428571
40,0,23.3233333333,38.4333333333,22.6
60,0,23.39,38.4,22.6
50,0,23.3233333333,38.4,22.7
60,0,23.29,38.29,22.6714285714
60,10,23.29,38.29,22.66
60,0,23.29,38.29,22.7
50,0,23.2675,38.29,22.7
60,0,23.2,38.29,22.7
50,0,23.2,38.29,22.675
50,0,23.2,38.29,22.66
60,0,23.2,38.29,22.7
40,0,23.2,38.29,22.64
60,0,23.2,38.29,22.7
40,10,23.2,38.29,22.7
60,0,23.2,38.4,22.7
60,0,23.2,38.4,22.7
50,0,23.1666666667,38.4,22.7
60,0,23.1666666667,38.4,22.7
50,0,23.1,38.4333333333,22.7
60,0,23.1666666667,38.5,22.7
50,0,23.1,38.5,22.7
50,0,23.1,38.5,22.7
40,0,23.1,38.59,22.7
80,0,23.1,38.53,22.7
70,0,23.1,38.56,22.7
60,0,23.1,38.56,22.7
50,0,23.1,38.7,22.7
70,10,23.1,38.8266666667,22.7
60,0,23.1,38.9666666667,22.7
60,0,23.0333333333,38.9633333333,22.7
130,0,23.0333333333,39.03,22.7
60,0,23.0,39.09,22.7
70,0,23.0,39.1633333333,22.7
50,0,23.0,39.29,22.7
50,0,23.0666666667,39.3633333333,22.6875
50,0,23.0,39.29,22.6
50,0,23.0666666667,39.43,22.6
50,0,23.0333333333,39.4333333333,22.6142857143
50,0,23.0333333333,39.5,22.64
60,0,23.0666666667,39.59,22.6
60,10,23.0666666667,39.59,22.6
50,0,23.0666666667,39.7,22.6
70,0,23.0666666667,39.76,22.6
70,0,23.1,39.79,22.6
80,0,23.1,39.79,22.6
50,0,23.1,39.95,22.6
50,0,23.1,40.03,22.6285714286
50,0,23.1666666667,40.09,22.64
40,0,23.2,40.4,22.6
90,0,23.26,40.4666666667,22.66
60,0,23.29,40.4,22.6
80,0,23.29,40.3333333333,22.6
70,0,23.29,40.2666666667,22.6285714286
60,0,23.29,40.2,22.6
40,0,23.2128571429,40.1685714286,22.6285714286
60,0,23.2,40.2,22.6
50,0,23.2,40.29,22.6
50,0,23.2,40.3266666667,22.6
90,0,23.2,40.3266666667,22.6
100,0,23.2,40.39,22.6
80,0,23.2,41.13,22.6
60,0,23.29,41.59,22.6
70,0,23.29,41.53,22.6
50,0,23.29,41.2233333333,22.6
60,0,23.3566666667,41.03,22.62
50,0,23.39,40.8633333333,22.6285714286
50,0,23.3233333333,40.6566666667,22.6
50,0,23.34,40.5,22.6
40,0,23.39,40.3633333333,22.6
80,0,23.39,40.29,22.6
70,0,23.39,40.09,22.6
90,0,23.39,40.03,22.6
80,0,23.39,40.0,22.6
90,0,23.39,39.9333333333,22.6
80,0,23.39,39.79,22.6
90,0,23.39,39.73,22.6
90,0,23.39,39.6633333333,22.6
90,0,23.39,39.59,22.6
80,0,23.5,39.56,22.6
80,0,23.5,39.4333333333,22.6
80,0,23.5,39.29,22.6
80,0,23.5,39.23,22.6
80,0,23.5,39.09,22.6
90,0,23.5,39.09,22.6
90,0,23.5,39.06,22.6
90,0,23.5,39.0,22.6
80,0,23.5,38.9,22.6
80,0,23.5,38.79,22.6
70,0,23.5,38.79,22.6
70,0,23.5,38.7,22.6
50,0,23.5,38.6266666667,22.6
70,0,23.39,38.5,22.56
140,0,23.39,38.5,22.5714285714
240,0,23.39,38.4,22.52
60,0,23.39,38.4,22.5285714286
70,0,23.39,38.53,22.5
90,0,23.39,38.6633333333,22.5
100,0,23.3566666667,38.8266666667,22.5
110,0,23.3566666667,38.9666666667,22.5
100,0,23.3233333333,39.23,22.4633333333
240,0,23.39,39.3633333333,22.456
130,0,23.3233333333,39.5666666667,22.456
150,10,23.3233333333,39.8333333333,22.5
120,10,23.3566666667,40.0666666667,22.5
210,30,23.29,40.4,22.5
330,20,23.4266666667,41.2633333333,22.5
130,30,23.575,41.9925,22.5
130,30,23.5333333333,42.1933333333,22.5
150,20,23.6,42.53,22.5
140,20,23.6666666667,42.8633333333,22.5
160,30,23.7,42.76,22.5
140,20,23.7,42.7,22.43125
140,20,23.73,42.7,22.39
160,20,23.79,42.6266666667,22.39
140,0,23.79,42.4666666667,22.39
130,0,23.79,42.2666666667,22.39
290,0,23.79,41.93,22.33
460,0,23.73,41.73,22.3042857143
160,0,23.7,41.43,22.29
100,10,23.7,41.1566666667,22.29
110,0,23.6666666667,40.93,22.29
90,0,23.6,40.73,22.29
70,0,23.6,40.56,22.29
60,0,23.6,40.5,22.29
60,0,23.6,40.5,22.29
50,0,23.6,40.4333333333,22.29
60,0,23.5,40.4,22.29
50,0,23.5,40.29,22.3614285714
60,0,23.5,40.29,22.39
40,0,23.5,40.26,22.39
50,0,23.4266666667,40.1266666667,22.39
50,0,23.39,40.09,22.39
50,0,23.39,40.09,22.39
60,0,23.39,40.06,22.39
50,0,23.3233333333,40.0,22.39
70,0,23.3233333333,40.0,22.39
60,0,23.3233333333,39.9333333333,22.456
60,0,23.29,39.9,22.39
50,0,23.29,39.8266666667,22.39
60,0,23.29,39.79,22.412
40,0,23.29,39.79,22.4214285714
50,0,23.26,39.76,22.39
50,0,23.2,39.6266666667,22.4371428571
40,0,23.2,39.59,22.5
50,0,23.2,39.59,22.4528571429
50,0,23.2,39.7,22.5
60,0,23.2,39.79,22.5
50,0,23.1333333333,39.8633333333,22.5
60,0,23.1,40.0,22.5
50,0,23.1,40.06,22.5
50,0,23.1,40.09,22.5
50,0,23.1,40.09,22.5
50,0,23.1,40.09,22.5
60,0,23.1,40.1633333333,22.5
40,0,23.0,40.1266666667,22.5
50,0,23.0666666667,40.26,22.5
40,0,23.0,40.2,22.5
60,0,23.0,40.2,22.5
40,0,23.0,40.2,22.5
60,0,23.0,40.2,22.5
60,0,23.0,40.2,22.5
60,0,23.0,40.2,22.5
60,0,22.9266666667,40.2,22.5
50,0,22.9266666667,40.2,22.5
60,0,22.89,40.2,22.5
50,0,22.89,40.1175,22.5
60,0,22.89,40.09,22.5
50,0,22.89,40.06,22.5
80,0,22.89,40.0,22.5
40,0,22.8566666667,39.8633333333,22.5
50,0,22.79,39.79,22.5
50,0,22.79,39.79,22.5
60,0,22.79,39.79,22.5
60,0,22.79,39.7,22.5
60,0,22.79,39.7,22.5
70,0,22.79,39.7,22.5
60,0,22.79,39.7,22.5
50,0,22.79,39.79,22.5
50,0,22.79,39.8633333333,22.5
50,0,22.79,39.8266666667,22.4057142857
40,0,22.79,39.9,22.39
60,0,22.73,39.8266666667,22.4371428571
40,0,22.73,39.9,22.5
60,0,22.79,39.9,22.5
50,0,22.79,39.925,22.5
60,0,22.79,40.0,22.5
50,0,22.79,40.0,22.5
60,0,22.79,40.0,22.5
50,0,22.79,40.0,22.5
50,0,22.79,40.06,22.5
50,0,22.79,40.2,22.5
50,0,22.79,40.1266666667,22.5
40,0,22.79,40.09,22.5
20,0,22.79,40.1633333333,22.5
40,0,22.8233333333,40.3266666667,22.5
30,0,22.89,40.4,22.5
40,0,22.9266666667,40.4,22.5428571429
60,0,23.0,40.4,22.52
50,0,23.1,40.3633333333,22.6
60,0,23.1666666667,40.29,22.6
50,0,23.29,40.26,22.6
50,0,23.3566666667,40.1266666667,22.64
60,0,23.39,40.0,22.6428571429
40,0,23.39,39.9333333333,22.6
50,0,23.39,39.9,22.6
50,0,23.39,39.8633333333,22.6
50,0,23.39,39.79,22.6
60,0,23.39,39.79,22.66
60,0,23.39,39.79,22.6428571429
60,0,23.5,39.9,22.6
50,0,23.5,39.9,22.6
70,0,23.5,39.79,22.6
50,0,23.5,39.73,22.6714285714
60,0,23.5333333333,39.7,22.6
40,0,23.6,39.7,22.6
50,0,23.6,39.6633333333,22.6375
40,0,23.5333333333,39.59,22.6
50,0,23.5,39.59,22.6142857143
50,0,23.5,39.59,22.64
50,0,23.5,39.56,22.6
60,0,23.5666666667,39.5,22.6
50,0,23.6,39.5,22.6
60,0,23.6,39.4333333333,22.6
50,0,23.6,39.4,22.6
60,0,23.6,39.29,22.6
80,0,23.6,39.23,22.6
80,0,23.6,39.2,22.6
80,0,23.6666666667,39.2,22.6
80,0,23.7,39.2,22.6
80,0,23.7,39.1266666667,22.6333333333
80,0,23.7,39.09,22.6333333333
90,0,23.7,39.03,22.6666666667
80,0,23.7,39.0,22.6
100,0,23.7,39.0,22.6
90,0,23.7,39.0,22.6
90,0,23.7,38.9333333333,22.6666666667
80,0,23.7,38.9,22.6
100,0,23.7,38.9,22.6
80,10,23.7,38.8633333333,22.6
70,0,23.7,38.73,22.6
90,0,23.7,38.6633333333,22.6
70,0,23.7,38.59,22.6666666667
100,0,23.6,38.4666666667,22.6
400,0,23.6,38.2225,22.6
520,0,23.6,38.03,22.6
160,0,23.6,38.03,22.6
100,0,23.6,38.09,22.6
210,0,23.6,38.2,22.6
110,0,23.5333333333,38.26,22.6
70,0,23.5,38.4,22.6
70,0,23.5,38.4666666667,22.6
70,0,23.5,38.53,22.6
100,0,23.5,38.6633333333,22.6
110,0,23.4633333333,38.8266666667,22.6
100,0,23.39,38.9666666667,22.6
110,0,23.39,39.1266666667,22.6
100,0,23.39,39.2,22.6333333333
170,0,23.39,39.23,22.625
110,10,23.39,39.29,22.6
130,0,23.3233333333,39.4333333333,22.6
120,0,23.39,39.56,22.6
90,0,23.3566666667,39.6266666667,22.6666666667
90,0,23.29,39.7,22.6
70,0,23.29,39.79,22.5666666667
80,0,23.29,39.9333333333,22.5
70,10,23.29,40.06,22.5
60,0,23.29,40.09,22.5
60,0,23.23,40.03,22.5
60,0,23.23,40.03,22.5
50,0,23.23,40.09,22.5
50,0,23.2,40.23,22.5
50,0,23.2,40.29,22.5666666667
50,0,23.2,40.3266666667,22.5
50,0,23.2,40.4,22.5
50,0,23.2,40.4333333333,22.5
60,0,23.2,40.5,22.5333333333
50,0,23.1,40.5,22.575
60,0,23.1,40.5,22.5666666667
60,0,23.1666666667,40.56,22.6
50,0,23.1,40.56,22.6
60,0,23.1,40.59,22.6
40,0,23.1,40.59,22.6
50,0,23.1,40.59,22.6
50,0,23.1,40.59,22.6
60,0,23.0333333333,40.4633333333,22.6
40,0,23.0666666667,40.5,22.6
70,0,23.0,40.5,22.6
50,0,23.0,40.4,22.6
50,0,23.0,40.4,22.6
60,0,23.0,40.4,22.6
50,0,23.0,40.4,22.6
60,0,22.9633333333,40.3633333333,22.6
40,0,22.89,40.29,22.6
50,0,22.89,40.29,22.6
40,0,22.89,40.29,22.6333333333
30,0,22.89,40.29,22.625
20,0,22.89,40.29,22.6
30,0,22.89,40.2,22.6
50,0,22.89,40.2,22.6
70,0,22.89,40.29,22.6666666667
60,0,22.89,40.29,22.6
50,0,22.8566666667,40.26,22.6
60,0,22.79,40.2675,22.6
60,0,22.79,40.29,22.6
50,0,22.79,40.3266666667,22.6
50,0,22.79,40.4,22.6666666667
50,0,22.79,40.5,22.6
50,0,22.79,40.5,22.6
50,0,22.79,40.53,22.6
50,0,22.79,40.59,22.6
60,0,22.79,40.59,22.6
80,0,22.79,40.6633333333,22.6333333333
80,10,22.76,40.7,22.7
50,0,22.7,40.76,22.6
60,0,22.7,40.79,22.6
60,10,22.7,40.79,22.6
40,0,22.76,40.79,22.6
60,0,22.7,40.79,22.6
50,0,22.7,40.79,22.6
50,0,22.7,40.79,22.6
60,10,22.7,40.9,22.6333333333
90,30,22.7,40.9475,22.6333333333
90,20,22.76,41.2233333333,22.6
80,20,22.8233333333,41.5666666667,22.6
90,20,22.9633333333,41.76,22.6
80,20,23.0333333333,41.9333333333,22.6
70,30,23.1,41.9333333333,22.6
80,0,23.1,41.9,22.5333333333
80,0,23.1666666667,41.9,22.6
110,0,23.2,42.03,22.6
130,20,23.2,42.1633333333,22.6
170,20,23.29,42.29,22.6
130,20,23.29,42.29,22.6
130,30,23.3233333333,42.3633333333,22.6
90,20,23.39,42.43,22.55
70,20,23.5,42.76,22.5666666667
60,20,23.5666666667,42.6266666667,22.5
90,20,23.5,42.59,22.5333333333
80,20,23.5,42.59,22.6
80,30,23.5333333333,42.6933333333,22.6
60,20,23.6,43.0266666667,22.5333333333
100,20,23.7,43.145,22.5
80,20,23.79,42.9666666667,22.5
70,20,23.79,42.8266666667,22.5
90,30,23.79,42.79,22.5
70,20,23.8566666667,42.8633333333,22.5
80,20,23.89,42.9,22.5
70,20,23.89,42.9,22.5
80,30,23.89,42.9,22.5
60,20,23.9633333333,42.9666666667,22.5
60,20,23.89,42.9,22.5
120,30,23.8233333333,42.9666666667,22.5
50,20,23.79,43.09,22.5
70,20,23.8566666667,43.2233333333,22.5
60,20,23.89,43.4333333333,22.5
90,20,23.9633333333,43.56,22.5
70,30,24.0,43.59,22.5
70,0,24.0,43.7233333333,22.5
70,0,24.0,43.9666666667,22.5
70,0,24.0,43.9666666667,22.5666666667
60,0,23.89,44.2266666667,22.5666666667
70,0,23.815,44.5725,22.5
60,0,23.79,44.93,22.5333333333
50,0,23.8566666667,45.06,22.5333333333
60,0,23.79,45.0,22.6
60,0,23.79,44.9,22.5333333333
70,0,23.79,44.9,22.5333333333
60,0,23.79,44.79,22.5333333333
60,0,23.79,44.79,22.5333333333
50,0,23.79,44.7,22.5333333333
60,0,23.79,44.6266666667,22.6
50,0,23.79,44.59,22.6
40,0,23.79,44.53,22.6
50,0,23.79,44.5,22.6
50,0,23.79,44.5,22.6
50,0,23.79,44.4,22.6
40,0,23.79,44.4,22.6
30,0,23.79,44.3633333333,22.6
40,0,23.79,44.23,22.6
30,0,23.79,44.09,22.6333333333
60,0,23.79,43.9975,22.7
60,0,23.79,43.8266666667,22.6
70,0,23.79,43.7,22.6
90,0,23.79,43.6266666667,22.6666666667
60,0,23.73,43.4666666667,22.6
80,0,23.73,43.4,22.6333333333
70,0,23.7,43.3633333333,22.6333333333
80,0,23.7,43.23,22.6
70,0,23.7,43.2,22.6
90,10,23.7,43.2,22.6
80,0,23.7,43.2,22.6
80,0,23.7,43.1266666667,22.6666666667
70,0,23.7,43.2,22.6
70,0,23.7,43.1266666667,22.6
80,0,23.7,43.0,22.6666666667
70,0,23.7,43.0,22.6
60,0,23.7,42.8633333333,22.6
60,0,23.7,42.79,22.6666666667
70,0,23.6666666667,42.76,22.6
60,0,23.6,42.7,22.6
70,0,23.6,42.7,22.6
70,0,23.6,42.7,22.6
70,0,23.6,42.76,22.6
70,0,23.6,42.9,22.6
70,0,23.5333333333,42.9,22.6
80,0,23.5,43.03,22.6
60,0,23.5,43.09,22.6
70,0,23.5,43.09,22.6
60,0,23.5,43.1633333333,22.5666666667
80,10,23.5,43.23,22.5
70,0,23.5,43.29,22.5
50,0,23.5,43.29,22.5
60,0,23.5,43.29,22.55
40,0,23.5,43.29,22.5666666667
60,10,23.4266666667,43.23,22.5
50,0,23.39,43.2,22.5333333333
60,0,23.39,43.2,22.5333333333
60,0,23.39,43.2,22.5333333333
50,0,23.39,43.2,22.5333333333
50,0,23.39,43.2,22.5333333333
50,0,23.34,43.2225,22.6
50,0,23.3233333333,43.29,22.5666666667
50,0,23.29,43.4,22.5666666667
40,0,23.29,43.4,22.6
30,0,23.29,43.4333333333,22.6
40,0,23.29,43.5,22.6
40,0,23.29,43.5,22.6
40,0,23.29,43.5,22.6
60,0,23.29,43.59,22.6
60,0,23.29,43.6633333333,22.6
50,0,23.29,43.7,22.6
60,0,23.29,43.76,22.6
50,0,23.26,43.76,22.6
50,0,23.2,43.76,22.6
50,0,23.2,43.79,22.6
50,0,23.2,43.79,22.6
50,0,23.2,43.9,22.66
60,0,23.2,43.9,22.6
50,0,23.2,43.9,22.6285714286
60,0,23.2,43.9,22.64
50,0,23.2,43.95,22.6571428571
60,0,23.2,43.9,22.7
60,0,23.2,43.9,22.6571428571
40,0,23.2,44.0,22.7
50,0,23.2,44.0,22.7
50,0,23.1333333333,44.0,22.7
40,0,23.2,44.0,22.6571428571
60,0,23.1,44.0,22.7
50,0,23.1,43.9333333333,22.7
60,0,23.1333333333,44.0,22.7
60,0,23.1333333333,44.0,22.7
60,0,23.1,44.0,22.7
50,0,23.1,44.0,22.7
60,0,23.1,44.0,22.7
50,0,23.1,44.0,22.7
70,0,23.1,43.9666666667,22.7
40,0,23.1,43.9666666667,22.7385714286
50,0,23.1,44.0,22.7675
50,0,23.1,44.0,22.79
50,0,23.1,44.0,22.79
50,0,23.1,44.0,22.79
50,0,23.0333333333,43.9333333333,22.79
60,0,23.0666666667,44.0,22.79
60,0,23.0666666667,44.06,22.79
50,0,23.0,44.0,22.79
60,0,23.0,44.06,22.79
80,0,23.0666666667,44.1633333333,22.79
80,0,23.0,44.1633333333,22.79
50,0,23.0,44.23,22.79
50,0,23.0666666667,44.3633333333,22.8042857143
60,0,23.0666666667,44.4666666667,22.89
50,0,23.0666666667,44.5266666667,22.89
50,0,23.0666666667,44.59,22.89
80,0,23.0666666667,44.7233333333,22.89
330,10,23.1,45.03,22.89
280,0,23.1666666667,45.1633333333,22.89
130,0,23.2,45.4633333333,22.956
330,0,23.26,45.7966666667,22.89
100,0,23.29,46.6,22.89
100,0,23.29,47.27,22.9371428571
80,0,23.29,47.56,23.0
90,0,23.4266666667,47.5,23.0
390,0,23.5,47.4333333333,23.0
790,0,23.6,47.26,23.0
410,0,23.5333333333,47.2,23.0
270,0,23.5333333333,47.1566666667,23.0
340,0,23.6,47.29,23.0
270,0,23.6333333333,47.1266666667,23.0
340,0,23.7,47.0666666667,23.0
610,0,23.7,46.76,23.0
470,0,23.7,46.5666666667,23.0
110,0,23.73,46.29,23.0
590,0,23.79,46.6233333333,23.0
720,0,23.79,47.0,23.0
600,0,23.79,47.0,23.0028571429
260,0,23.8020588235,46.9411764706,23.0057142857
310,0,23.8141176471,46.8823529412,23.0085714286
270,0,23.8261764706,46.8235294118,23.0114285714
250,0,23.8382352941,46.7647058824,23.0142857143
270,0,23.8502941176,46.7058823529,23.0171428571
230,0,23.8623529412,46.6470588235,23.02
200,0,23.8744117647,46.5882352941,23.0228571429
150,0,23.8864705882,46.5294117647,23.0257142857
80,0,23.8985294118,46.4705882353,23.0285714286
550,10,23.9105882353,46.4117647059,23.0314285714
620,0,23.9226470588,46.3529411765,23.0342857143
250,0,23.9347058824,46.2941176471,23.0371428571
300,0,23.9467647059,46.2352941176,23.04
260,0,23.9588235294,46.1764705882,23.0428571429
220,0,23.9708823529,46.1176470588,23.0457142857
270,10,23.9829411765,46.0588235294,23.0485714286
220,0,23.995,46.0,23.0514285714
110,0,24.0070588235,45.9411764706,23.0542857143
480,0,24.0191176471,45.8823529412,23.0571428571
520,0,24.0311764706,45.8235294118,23.06
380,0,24.0432352941,45.7647058824,23.0628571429
550,0,24.0552941176,45.7058823529,23.0657142857
540,0,24.0673529412,45.6470588235,23.0685714286
340,10,24.0794117647,45.5882352941,23.0714285714
220,0,24.0914705882,45.5294117647,23.0742857143
140,0,24.1035294118,45.4705882353,23.0771428571
110,0,24.1155882353,45.4117647059,23.08
90,0,24.1276470588,45.3529411765,23.0828571429
110,10,24.1397058824,45.2941176471,23.0857142857
100,0,24.1517647059,45.2352941176,23.0885714286
90,0,24.1638235294,45.1764705882,23.0914285714
100,0,24.1758823529,45.1176470588,23.0942857143
120,0,24.1879411765,45.0588235294,23.0971428571
110,0,24.2,45.0,23.1
90,0,24.1954954955,45.0422522523,23.1
80,0,24.190990991,45.0845045045,23.1017272727
90,10,24.1864864865,45.1267567568,23.1034545455
80,0,24.181981982,45.169009009,23.1051818182
150,0,24.1774774775,45.2112612613,23.1069090909
130,0,24.172972973,45.2535135135,23.1086363636
120,10,24.1684684685,45.2957657658,23.1103636364
120,0,24.163963964,45.338018018,23.1120909091
120,0,24.1594594595,45.3802702703,23.1138181818
110,10,24.154954955,45.4225225225,23.1155454545
110,10,24.1504504505,45.4647747748,23.1172727273
110,10,24.1459459459,45.507027027,23.119
110,10,24.1414414414,45.5492792793,23.1207272727
110,10,24.1369369369,45.5915315315,23.1224545455
110,10,24.1324324324,45.6337837838,23.1241818182
100,10,24.1279279279,45.676036036,23.1259090909
110,10,24.1234234234,45.7182882883,23.1276363636
100,20,24.1189189189,45.7605405405,23.1293636364
100,10,24.1144144144,45.8027927928,23.1310909091
100,0,24.1099099099,45.845045045,23.1328181818
70,10,24.1054054054,45.8872972973,23.1345454545
90,10,24.1009009009,45.9295495495,23.1362727273
100,10,24.0963963964,45.9718018018,23.138
110,10,24.0918918919,46.0140540541,23.1397272727
340,0,24.0873873874,46.0563063063,23.1414545455
90,0,24.0828828829,46.0985585586,23.1431818182
90,0,24.0783783784,46.1408108108,23.1449090909
80,0,24.0738738739,46.1830630631,23.1466363636
90,0,24.0693693694,46.2253153153,23.1483636364
60,0,24.0648648649,46.2675675676,23.1500909091
80,0,24.0603603604,46.3098198198,23.1518181818
70,0,24.0558558559,46.3520720721,23.1535454545
70,0,24.0513513514,46.3943243243,23.1552727273
70,0,24.0468468468,46.4365765766,23.157
70,0,24.0423423423,46.4788288288,23.1587272727
160,0,24.0378378378,46.5210810811,23.1604545455
410,0,24.0333333333,46.5633333333,23.1621818182
140,0,24.0288288288,46.6055855856,23.1639090909
60,0,24.0243243243,46.6478378378,23.1656363636
50,0,24.0198198198,46.6900900901,23.1673636364
60,0,24.0153153153,46.7323423423,23.1690909091
60,0,24.0108108108,46.7745945946,23.1708181818
60,0,24.0063063063,46.8168468468,23.1725454545
60,0,24.0018018018,46.8590990991,23.1742727273
60,0,23.9972972973,46.9013513514,23.176
60,0,23.9927927928,46.9436036036,23.1777272727
50,0,23.9882882883,46.9858558559,23.1794545455
60,0,23.9837837838,47.0281081081,23.1811818182
60,0,23.9792792793,47.0703603604,23.1829090909
50,0,23.9747747748,47.1126126126,23.1846363636
60,0,23.9702702703,47.1548648649,23.1863636364
60,0,23.9657657658,47.1971171171,23.1880909091
50,0,23.9612612613,47.2393693694,23.1898181818
50,0,23.9567567568,47.2816216216,23.1915454545
50,0,23.9522522523,47.3238738739,23.1932727273
50,0,23.9477477477,47.3661261261,23.195
50,0,23.9432432432,47.4083783784,23.1967272727
60,0,23.9387387387,47.4506306306,23.1984545455
50,0,23.9342342342,47.4928828829,23.2001818182
50,0,23.9297297297,47.5351351351,23.2019090909
60,0,23.9252252252,47.5773873874,23.2036363636
50,0,23.9207207207,47.6196396396,23.2053636364
60,0,23.9162162162,47.6618918919,23.2070909091
50,0,23.9117117117,47.7041441441,23.2088181818
60,0,23.9072072072,47.7463963964,23.2105454545
50,0,23.9027027027,47.7886486486,23.2122727273
60,0,23.8981981982,47.8309009009,23.214
50,0,23.8936936937,47.8731531532,23.2157272727
60,0,23.8891891892,47.9154054054,23.2174545455
50,0,23.8846846847,47.9576576577,23.2191818182
60,0,23.8801801802,47.9999099099,23.2209090909
50,0,23.8756756757,48.0421621622,23.2226363636
50,0,23.8711711712,48.0844144144,23.2243636364
40,0,23.8666666667,48.1266666667,23.2260909091
50,0,23.8621621622,48.1689189189,23.2278181818
50,0,23.8576576577,48.2111711712,23.2295454545
50,0,23.8531531532,48.2534234234,23.2312727273
50,0,23.8486486486,48.2956756757,23.233
60,0,23.8441441441,48.3379279279,23.2347272727
70,0,23.8396396396,48.3801801802,23.2364545455
60,0,23.8351351351,48.4224324324,23.2381818182
60,0,23.8306306306,48.4646846847,23.2399090909
60,0,23.8261261261,48.5069369369,23.2416363636
60,0,23.8216216216,48.5491891892,23.2433636364
60,0,23.8171171171,48.5914414414,23.2450909091
70,0,23.8126126126,48.6336936937,23.2468181818
70,0,23.8081081081,48.6759459459,23.2485454545
60,0,23.8036036036,48.7181981982,23.2502727273
60,10,23.7990990991,48.7604504505,23.252
50,0,23.7945945946,48.8027027027,23.2537272727
60,0,23.7900900901,48.844954955,23.2554545455
220,0,23.7855855856,48.8872072072,23.2571818182
490,0,23.7810810811,48.9294594595,23.2589090909
260,0,23.7765765766,48.9717117117,23.2606363636
120,0,23.7720720721,49.013963964,23.2623636364
120,0,23.7675675676,49.0562162162,23.2640909091
100,0,23.7630630631,49.0984684685,23.2658181818
130,0,23.7585585586,49.1407207207,23.2675454545
100,0,23.7540540541,49.182972973,23.2692727273
110,0,23.7495495495,49.2252252252,23.271
80,0,23.745045045,49.2674774775,23.2727272727
90,0,23.7405405405,49.3097297297,23.2744545455
80,0,23.736036036,49.351981982,23.2761818182
150,0,23.7315315315,49.3942342342,23.2779090909
490,0,23.727027027,49.4364864865,23.2796363636
320,0,23.7225225225,49.4787387387,23.2813636364
360,0,23.718018018,49.520990991,23.2830909091
470,0,23.7135135135,49.5632432432,23.2848181818
410,0,23.709009009,49.6054954955,23.2865454545
290,0,23.7045045045,49.6477477477,23.2882727273
280,0,23.7,49.69,23.29
250,0,23.7,49.8633333333,23.29
190,0,23.79,49.76,23.29
130,0,23.73,49.7,23.29
110,0,23.79,49.59,23.29
110,0,23.79,49.59,23.29
120,0,23.79,49.6266666667,23.29
100,0,23.79,49.8333333333,23.29
100,0,23.79,50.03,23.29
100,0,23.8566666667,50.2233333333,23.29
110,0,23.9266666667,50.4,23.29
110,0,24.0,50.2666666667,23.29
100,0,24.0,50.06,23.29
100,0,24.0,49.86,23.29
110,0,24.0,49.76,23.3328571429
110,0,24.0,49.6266666667,23.29
110,0,24.0,49.56,23.3185714286
110,0,24.0,49.4333333333,23.33
100,0,24.0,49.3633333333,23.29
100,0,24.0,49.29,23.29
90,0,24.0,49.49,23.29
100,0,24.0,49.7666666667,23.29
100,0,24.0,49.9666666667,23.29
110,0,24.1,50.03,23.29
90,0,24.1,50.1633333333,23.3042857143
90,0,24.1333333333,50.06,23.33
90,0,24.2,49.9333333333,23.29
80,0,24.2,49.79,23.35
100,0,24.2,49.79,23.29
90,0,24.2,49.7666666667,23.29
90,0,24.2,49.9666666667,23.29
80,0,24.2,50.03,23.29
210,0,24.2,50.09,23.35
440,0,24.2,49.9666666667,23.29
340,0,24.2,49.9666666667,23.29
240,0,24.23,50.3,23.29
200,0,24.29,50.6333333333,23.29
160,0,24.29,50.6266666667,23.3328571429
130,0,24.29,50.76,23.29
110,0,24.29,50.745,23.29
120,0,24.29,50.6633333333,23.29
110,0,24.29,50.53,23.29
120,0,24.29,50.4,23.29
130,10,24.29,50.4,23.29
110,0,24.29,50.26,23.254
110,0,24.29,50.1266666667,23.2
110,0,24.29,49.8333333333,23.2
90,0,24.29,49.7,23.2
80,0,24.29,49.4666666667,23.2
80,0,24.23,49.1933333333,23.1285714286
90,0,24.2,48.8633333333,23.06
120,0,24.2,48.6566666667,23.0857142857
120,0,24.2,48.4666666667,23.08
130,0,24.2,48.3266666667,23.0
120,10,24.2,48.1633333333,23.0
120,0,24.2,48.0316666667,22.9725
90,0,24.2,47.9,22.89
100,10,24.1666666667,47.8633333333,22.912
100,0,24.1,47.73,22.9685714286
90,0,24.1,47.59,23.0
80,0,24.0333333333,47.4,23.0142857143
70,0,24.0142857143,47.2285714286,23.06
80,0,24.0,47.1633333333,23.0571428571
60,0,24.0,47.03,23.1
80,0,24.0,47.0,23.1
100,0,24.0,46.9333333333,23.1
80,0,24.0,46.9,23.1
70,0,24.0,46.8266666667,23.1
60,0,23.9266666667,46.76,23.1
60,0,23.9266666667,46.7,23.1
60,0,23.89,46.6633333333,23.1285714286
60,0,23.89,46.59,23.2
60,0,23.89,46.5,23.2
60,0,23.8233333333,46.4333333333,23.2
60,0,23.79,46.3633333333,23.2
60,0,23.79,46.29,23.2
60,0,23.79,46.29,23.2
60,0,23.79,46.29,23.2
60,0,23.79,46.2,23.2
50,0,23.79,46.1266666667,23.2
50,0,23.745,46.09,23.2
50,0,23.76,46.06,23.2
50,0,23.7,46.0,23.2
50,0,23.7,45.9666666667,23.2
50,0,23.7,45.9,23.2
60,0,23.7,45.9,23.2
50,0,23.7,45.9,23.218
60,0,23.7,45.79,23.2514285714
60,0,23.7,45.79,23.29
60,0,23.6,45.59,23.29
60,0,23.6666666667,45.6633333333,23.29
60,0,23.6,45.56,23.29
50,0,23.6,45.5,23.236
60,0,23.6,45.5,23.29
50,0,23.6,45.5,23.29
50,0,23.6,45.5,23.29
50,0,23.6,45.4333333333,23.29
50,0,23.6,45.4,23.29
50,0,23.6,45.4,23.29
50,0,23.6,45.3633333333,23.29
40,0,23.575,45.29,23.29
50,0,23.5,45.29,23.29
50,0,23.5,45.29,23.29
60,0,23.5,45.29,23.29
90,0,23.5,45.26,23.29
60,0,23.5,45.26,23.29
70,0,23.5,45.2225,23.29
70,10,23.5,45.29,23.29
50,0,23.5,45.4,23.29
60,0,23.5,45.4666666667,23.33
60,0,23.4266666667,45.4333333333,23.3042857143
60,0,23.5,45.5,23.29
50,10,23.39,45.4333333333,23.29
80,0,23.39,45.5,23.29
50,0,23.5,45.73,23.29
60,0,23.4266666667,45.79,23.29
60,0,23.5,46.0,23.29
50,0,23.4266666667,45.9333333333,23.29
70,0,23.5,46.0,23.29
50,0,23.4725,45.975,23.272
60,0,23.4633333333,45.9,23.2
50,10,23.39,45.79,23.2
50,0,23.39,45.79,23.23
50,0,23.39,45.79,23.2
50,0,23.39,45.73,23.2
50,0,23.39,45.7,23.2
60,0,23.39,45.7,23.2
50,0,23.39,45.6633333333,23.2
60,0,23.39,45.59,23.2
50,0,23.39,45.56,23.2
60,10,23.39,45.5,23.1333333333
50,0,23.39,45.4,23.2
60,0,23.39,45.4,23.1
50,0,23.3566666667,45.4,23.1666666667
50,0,23.3566666667,45.4,23.1
50,0,23.39,45.4,23.1666666667
40,0,23.39,45.4,23.1666666667
60,0,23.39,45.29,23.1
50,0,23.39,45.3633333333,23.1666666667
60,0,23.39,45.4,23.1
50,10,23.3566666667,45.4,23.1
60,0,23.3566666667,45.4,23.1
50,0,23.39,45.3266666667,23.1
60,0,23.39,45.4,23.1
60,0,23.39,45.3266666667,23.1
60,0,23.39,45.4,23.1
40,0,23.4633333333,45.4666666667,23.1
50,0,23.39,45.4,23.1
60,0,23.39,45.53,23.1
60,10,23.39,45.59,23.1
80,0,23.5,45.7,23.1
80,0,23.5,45.7,23.1
50,0,23.5,45.7,23.1
60,0,23.5,45.6266666667,23.1
60,0,23.5333333333,45.5,23.1333333333
50,0,23.6,45.36,23.1333333333
60,0,23.6,45.26,23.1
60,0,23.6,45.2,23.1
60,0,23.6333333333,45.09,23.2
50,0,23.7,45.0675,23.1333333333
60,0,23.7,45.0,23.1
40,0,23.7,45.0,23.1666666667
70,0,23.7,44.9333333333,23.2
70,0,23.7,44.8633333333,23.1333333333
70,0,23.7,44.79,23.2
70,0,23.7,44.73,23.1333333333
80,0,23.76,44.99,23.1
60,0,23.79,45.3266666667,23.1
90,0,23.8566666667,45.5266666667,23.1333333333
70,0,23.89,45.5,23.2
70,0,23.9633333333,45.56,23.15
60,0,24.0,45.7,23.1666666667
70,0,24.0666666667,45.76,23.1666666667
100,0,24.1,45.76,23.1666666667
290,0,24.1,45.6266666667,23.1
350,0,24.1,45.56,23.1
270,0,24.1,45.5,23.1
230,0,24.2,45.4,23.1
240,0,24.2,45.3266666667,23.1
590,0,24.2,45.145,23.1
490,0,24.2,45.1266666667,23.1
460,0,24.2,45.26,23.1
160,0,24.2,45.1333333333,23.1
120,0,24.2,44.86,23.1
110,0,24.2,44.6633333333,23.1
120,0,24.2,44.6633333333,23.075
120,0,24.2,44.9333333333,23.0
110,0,24.2,45.0,23.0142857143
170,0,24.2,45.1266666667,23.05
110,0,24.2,45.2,23.0
110,0,24.2,45.2,22.9175
110,0,24.2,45.2,22.89
110,0,24.2,45.2,22.8566666667
110,0,24.2,45.2,22.8566666667
110,0,24.2,45.06,22.79
110,0,24.2,44.86,22.79
100,0,24.2,44.6633333333,22.79
110,0,24.2,44.53,22.73
100,0,24.2,44.26,22.7
100,20,24.125,44.095,22.6333333333
80,20,24.1,44.0,22.6
70,20,24.1333333333,44.1266666667,22.6
70,20,24.2,44.26,22.6
60,30,24.2,44.29,22.6
70,20,24.2,44.3633333333,22.6666666667
60,20,24.29,44.5,22.6
60,20,24.29,44.56,22.7
70,20,24.29,44.7,22.7
70,30,24.3566666667,44.7,22.7
70,10,24.39,44.73,22.7
60,0,24.39,44.73,22.79
50,0,24.39,44.59,22.79
70,0,24.39,44.59,22.79
50,0,24.3566666667,44.4666666667,22.79
60,0,24.29,44.4,22.79
60,0,24.29,44.26,22.79
50,0,24.29,44.1266666667,22.79
60,0,24.2,43.8633333333,22.79
60,0,24.2,43.73,22.79
50,0,24.2,43.545,22.79
40,0,24.1,43.5,22.8566666667
50,0,24.1,43.4333333333,22.89
50,0,24.1,43.29,22.89
50,0,24.0333333333,43.23,22.89
50,0,24.0,43.2,22.89
60,0,24.0,43.1266666667,22.89
60,0,24.0,43.09,22.89
60,0,24.0,43.03,22.89
60,0,23.9266666667,43.0,22.89
50,0,23.9266666667,43.0,22.945
60,0,23.89,42.9,22.9266666667
50,0,23.89,42.9,22.9266666667
60,0,23.8233333333,42.79,22.89
50,0,23.8233333333,42.73,22.89
60,0,23.79,42.7,23.0
50,0,23.79,42.7,23.0
50,0,23.79,42.7,22.89
50,0,23.79,42.7,22.89
50,0,23.76,42.7,22.9266666667
50,0,23.7,42.7,22.9266666667
60,0,23.7,42.7,22.89
60,0,23.7,42.7,22.9633333333
50,0,23.7,42.7,23.0
50,0,23.7,42.7,23.0
50,0,23.7,42.7,23.0
60,0,23.6333333333,42.6266666667,23.0
60,0,23.7,42.7,23.0
50,0,23.6,42.59,23.0
90,0,23.6,42.59,23.0
50,0,23.6,42.59,23.0
40,0,23.6,42.6633333333,23.0
60,0,23.6,42.79,23.0
340,0,23.6,42.8633333333,23.0
60,0,23.6,42.9333333333,23.0
70,0,23.6,43.0,23.0
70,0,23.5333333333,43.0,23.0
70,0,23.5333333333,43.0,23.0
70,0,23.5,43.03,23.0
80,0,23.5,42.9633333333,23.0
70,0,23.5,42.6,23.0
90,0,23.39,42.4,23.0
70,20,23.39,42.4,23.0
80,20,23.39,42.045,23.0
120,20,23.434,42.28,23.0
400,0,23.5,42.57125,22.9266666667
210,0,23.5,42.736,22.89
60,0,23.5,42.79,22.89
60,0,23.5,42.79,22.89
60,0,23.5,42.79,22.89
50,0,23.5,42.73375,22.89
60,0,23.5,42.656,22.89
50,0,23.5,42.5771428571,22.89
30,0,23.5,42.48,22.89
30,0,23.5,42.4,22.89
30,0,23.5,42.29,22.8233333333
30,0,23.5,42.2771428571,22.8233333333
60,0,23.5,42.2,22.79
50,0,23.5,42.2,22.79
60,0,23.39,42.0,22.8233333333
60,0,23.39,42.0,22.8233333333
60,0,23.5,42.0266666667,22.79
60,0,23.4266666667,41.7666666667,22.79
70,0,23.39,41.56,22.79
90,0,23.39,41.3,22.79
90,0,23.39,41.2,22.79
100,0,23.39,41.23,22.79
110,0,23.39,41.29,22.79
100,0,23.4266666667,41.4633333333,22.79
110,0,23.5,41.59,22.79
100,0,23.5,41.6633333333,22.79
170,0,23.5,41.6633333333,22.73
180,0,23.6,41.6633333333,22.79
110,0,23.6,41.53,22.79
100,0,23.6,41.3333333333,22.79
110,0,23.6,41.1266666667,22.73
100,0,23.6333333333,41.0,22.745
110,0,23.7,40.9333333333,22.7
100,0,23.7,40.8266666667,22.76
110,0,23.7,40.9,22.7
110,0,23.7,41.03,22.7
140,0,23.7,41.09,22.7
140,0,23.79,41.09,22.79
150,0,23.79,41.09,22.79
150,0,23.79,41.145,22.7
150,0,23.79,41.09,22.7
150,0,23.8566666667,41.1633333333,22.7
150,0,23.89,41.1633333333,22.76
150,0,23.9633333333,41.09,22.745
160,0,23.9266666667,40.9666666667,22.7
140,0,24.0,40.4425,22.7
140,10,23.89,39.9966666667,22.76
140,30,23.8233333333,39.33,22.7
140,20,23.8233333333,40.1,22.79
130,20,23.9633333333,40.8333333333,22.73
140,20,24.0333333333,41.1633333333,22.7
140,20,24.1,40.9633333333,22.76
140,20,24.1333333333,40.59,22.7
150,30,24.2,40.53,22.7
140,20,24.2,40.4333333333,22.7
140,20,24.2,40.5,22.7
150,20,24.29,40.59,22.7
150,20,24.29,40.53,22.7
150,30,24.34,40.5,22.7
130,20,24.365,40.5,22.7
160,20,24.39,40.5,22.7
480,20,24.3566666667,39.9933333333,22.7
260,10,24.29,39.3266666667,22.7
100,0,24.29,39.6266666667,22.7
110,0,24.29,39.7,22.7
110,0,24.29,39.7,22.7
120,0,24.29,39.76,22.7
120,0,24.29,39.9633333333,22.6666666667
110,0,24.29,40.2233333333,22.6
160,0,24.29,40.4333333333,22.6666666667
110,0,24.29,40.545,22.6
110,0,24.29,40.6266666667,22.6
120,0,24.29,40.57,22.5333333333
130,0,24.29,40.5133333333,22.5
120,0,24.29,40.4566666667,22.5
100,0,24.29,40.4,22.4266666667
90,0,24.29,40.3266666667,22.4266666667
110,0,24.29,40.2233333333,22.4266666667
80,0,24.23,40.03,22.4266666667
80,0,24.2,39.8633333333,22.4266666667
80,10,24.2,39.73,22.4266666667
90,0,24.1333333333,39.6633333333,22.39
80,0,24.12,39.572,22.39
70,10,24.1,39.5,22.39
60,20,24.1,39.6566666667,22.4266666667
80,20,24.1,39.93,22.5
60,30,24.2,40.2666666667,22.4266666667
70,20,24.2,40.4666666667,22.5
60,20,24.23,40.5666666667,22.4266666667
60,20,24.29,40.7,22.5
70,20,24.29,40.73,22.5
50,20,24.29,40.79,22.5
70,10,24.39,40.8266666667,22.5
50,0,24.39,40.8266666667,22.5
60,0,24.39,40.8633333333,22.5
60,0,24.3233333333,40.79,22.5
50,0,24.29,40.59,22.5
60,0,24.29,40.53,22.5
60,0,24.2,40.3633333333,22.5
50,0,24.2,40.23,22.5
60,0,24.2,40.06,22.5
50,0,24.1333333333,39.9333333333,22.5
50,0,24.1,39.845,22.525
50,0,24.0666666667,39.76,22.5333333333
50,0,24.0,39.6266666667,22.5
50,0,24.0,39.59,22.5666666667
50,0,24.0,39.53,22.6
50,0,24.0,39.5,22.5333333333
70,0,24.0,39.5,22.6
50,0,23.89,39.5,22.6
60,0,23.89,39.5,22.6
50,0,23.8233333333,39.4333333333,22.6
50,0,23.8233333333,39.4333333333,22.6
60,0,23.79,39.29,22.6
60,0,23.79,39.29,22.6
60,0,23.79,39.26,22.6
40,0,23.79,39.2,22.6
50,0,23.76,39.2,22.6
50,0,23.7,39.2,22.6
50,0,23.7,39.1266666667,22.6
50,0,23.7,39.1266666667,22.6
50,0,23.7,39.09,22.65
50,0,23.7,39.09,22.6
60,0,23.6333333333,39.03,22.6
60,0,23.6666666667,39.06,22.6
50,0,23.6,39.0,22.6
50,0,23.6,39.0,22.6
60,0,23.6,39.0,22.6
60,0,23.6,39.0,22.6
80,0,23.5333333333,39.0,22.6
50,10,23.5,39.0,22.6
50,0,23.5,38.9333333333,22.6
50,0,23.4633333333,38.5633333333,22.6
40,0,23.39,38.0966666667,22.6
30,0,23.39,38.0,22.6
50,0,23.39,38.0,22.6
50,0,23.39,38.09,22.6
50,0,23.3233333333,38.1633333333,22.6
80,0,23.39,38.23,22.6
70,0,23.3233333333,38.3633333333,22.5
70,0,23.29,38.4,22.5
90,0,23.29,38.5425,22.5
50,0,23.29,38.59,22.5
60,0,23.26,38.59,22.5
60,0,23.2,38.6633333333,22.5
60,10,23.26,38.79,22.5
70,20,23.2,38.8633333333,22.4633333333
110,30,23.1666666667,38.2666666667,22.39
60,20,23.1,38.5266666667,22.39
110,20,23.2,38.9333333333,22.39
70,20,23.2,39.0,22.4633333333
80,20,23.29,39.2,22.3233333333
100,30,23.29,39.26,22.2
110,20,23.39,39.29,22.2
70,20,23.4633333333,39.29,22.1666666667
90,20,23.5,39.3266666667,22.1
80,20,23.5666666667,39.4,22.0
90,30,23.6333333333,39.4333333333,22.0
50,20,23.7,39.5,21.9633333333
100,20,23.79,39.36,21.89
70,0,23.745,38.595,21.89
120,10,23.66,37.854,21.89
80,0,23.6,37.5266666667,21.89
50,0,23.6,37.2666666667,21.89
60,0,23.6,37.09,21.8233333333
50,0,23.6666666667,37.1633333333,21.79
50,0,23.7,37.29,21.79
50,0,23.76,37.29,21.7
50,0,23.79,37.4,21.7
40,0,23.79,37.4666666667,21.7
60,0,23.79,37.5,21.7
60,0,23.79,37.56,21.7
60,0,23.8233333333,37.6266666667,21.7
50,0,23.89,37.76,21.7
60,0,23.89,37.79,21.6333333333
70,0,23.89,37.79,21.6
50,0,23.89,37.79,21.6
70,0,23.89,37.79,21.6333333333
80,0,23.9266666667,37.79,21.6352941176
70,0,24.0,37.79,21.5846153846
90,0,24.0,37.8266666667,21.5375
70,0,24.0,37.8725,21.575
80,0,24.0,37.845,21.5176470588
80,0,24.0,37.9,21.5882352941
80,0,24.0,37.9,21.6
80,0,24.0333333333,37.9333333333,21.60625
70,0,24.05,37.95,21.6428571429
90,0,24.1,38.0,21.6277777778
80,0,24.1,38.1333333333,21.6
90,0,24.1333333333,38.5666666667,21.6
70,0,24.2,38.7,21.67375
80,0,24.2,38.7,21.7158823529
80,0,24.2,38.8333333333,21.79
80,0,24.2,39.1266666667,21.79
90,0,24.26,39.3333333333,21.79
420,0,24.3233333333,39.6566666667,21.79
240,0,24.39,39.8633333333,21.79
270,0,24.4633333333,39.6333333333,21.79
190,0,24.39,39.4333333333,21.8566666667
180,0,24.39,38.9,21.8233333333
70,0,24.39,38.5666666667,21.89
80,0,24.39,38.4,21.89
120,0,24.3566666667,38.29,21.89
190,0,24.29,38.1566666667,21.89
160,0,24.29,38.0,21.89
90,0,24.29,37.9333333333,22.0
100,0,24.29,37.8633333333,22.0
170,0,24.29,37.79,22.0
310,0,24.29,37.79,22.0
120,0,24.29,37.79,22.0333333333
120,0,24.29,37.9,22.1
120,0,24.2783116883,37.9298701299,22.1
120,0,24.2666233766,37.9597402597,22.1
120,0,24.2549350649,37.9896103896,22.1
130,0,24.2432467532,38.0194805195,22.1
110,0,24.2315584416,38.0493506494,22.1
120,0,24.2198701299,38.0792207792,22.1
110,0,24.2081818182,38.1090909091,22.1
110,0,24.1964935065,38.138961039,22.1
240,0,24.1848051948,38.1688311688,22.1
440,0,24.1731168831,38.1987012987,22.1
160,0,24.1614285714,38.2285714286,22.1
80,0,24.1497402597,38.2584415584,22.1
110,10,24.1380519481,38.2883116883,22.1
70,20,24.1263636364,38.3181818182,22.1
70,0,24.1146753247,38.3480519481,22.1
50,0,24.102987013,38.3779220779,22.1
50,0,24.0912987013,38.4077922078,22.1
60,0,24.0796103896,38.4376623377,22.1
40,0,24.0679220779,38.4675324675,22.1
50,0,24.0562337662,38.4974025974,22.1
50,0,24.0445454545,38.5272727273,22.1
60,0,24.0328571429,38.5571428571,22.1
50,0,24.0211688312,38.587012987,22.1
60,0,24.0094805195,38.6168831169,22.1
50,0,23.9977922078,38.6467532468,22.1
60,0,23.9861038961,38.6766233766,22.1
50,0,23.9744155844,38.7064935065,22.1
60,0,23.9627272727,38.7363636364,22.1
50,0,23.951038961,38.7662337662,22.1
50,0,23.9393506494,38.7961038961,22.1
50,0,23.9276623377,38.825974026,22.1
50,0,23.915974026,38.8558441558,22.1
50,0,23.9042857143,38.8857142857,22.1
50,0,23.8925974026,38.9155844156,22.1
60,0,23.8809090909,38.9454545455,22.1
50,0,23.8692207792,38.9753246753,22.1
60,0,23.8575324675,39.0051948052,22.1
60,0,23.8458441558,39.0350649351,22.1
60,0,23.8341558442,39.0649350649,22.1
50,0,23.8224675325,39.0948051948,22.1
50,0,23.8107792208,39.1246753247,22.1
60,0,23.7990909091,39.1545454545,22.1
50,0,23.7874025974,39.1844155844,22.1
50,0,23.7757142857,39.2142857143,22.1
40,0,23.764025974,39.2441558442,22.1
50,0,23.7523376623,39.274025974,22.1
50,0,23.7406493506,39.3038961039,22.1
60,0,23.728961039,39.3337662338,22.1
50,0,23.7172727273,39.3636363636,22.1
60,0,23.7055844156,39.3935064935,22.1
50,0,23.6938961039,39.4233766234,22.1
60,0,23.6822077922,39.4532467532,22.1
50,0,23.6705194805,39.4831168831,22.1
60,0,23.6588311688,39.512987013,22.1
60,0,23.6471428571,39.5428571429,22.1
50,0,23.6354545455,39.5727272727,22.1
50,0,23.6237662338,39.6025974026,22.1
50,0,23.6120779221,39.6324675325,22.1
50,0,23.6003896104,39.6623376623,22.1
50,0,23.5887012987,39.6922077922,22.1
50,0,23.577012987,39.7220779221,22.1
60,0,23.5653246753,39.7519480519,22.1
50,0,23.5536363636,39.7818181818,22.1
60,0,23.5419480519,39.8116883117,22.1
50,0,23.5302597403,39.8415584416,22.1
60,0,23.5185714286,39.8714285714,22.1
60,0,23.5068831169,39.9012987013,22.1
60,0,23.4951948052,39.9311688312,22.1
70,0,23.4835064935,39.961038961,22.1
100,0,23.4718181818,39.9909090909,22.1
40,0,23.4601298701,40.0207792208,22.1
50,0,23.4484415584,40.0506493506,22.1
50,10,23.4367532468,40.0805194805,22.1
80,0,23.4250649351,40.1103896104,22.1
50,0,23.4133766234,40.1402597403,22.1
180,0,23.4016883117,40.1701298701,22.1
90,0,23.39,40.2,22.1
70,0,23.5,40.5966666667,22.1
130,0,23.5,40.79,22.2
360,0,23.5,41.0,22.2
160,0,23.5666666667,41.3333333333,22.245
90,0,23.6333333333,41.6266666667,22.29
90,0,23.76,41.76,22.3566666667
110,0,23.8233333333,42.0666666667,22.39
130,0,23.89,42.3333333333,22.39
100,0,24.0333333333,42.53,22.39
110,0,24.1,42.59,22.4633333333
90,0,24.2,42.6633333333,22.4633333333
80,0,24.26,42.59,22.5
460,0,24.2,42.4633333333,22.5
820,0,24.2,42.695,22.5
350,0,24.1333333333,42.73,22.5
300,0,24.1333333333,42.4666666667,22.5333333333
260,0,24.2,42.1933333333,22.6
290,0,24.2,41.6,22.6
220,0,24.2,41.3266666667,22.6
170,0,24.3233333333,41.26,22.6
90,0,24.39,41.2,22.6
80,0,24.5,41.4666666667,22.6
80,0,24.5,41.4,22.6
100,0,24.6,41.2966666667,22.6
600,0,24.6,41.03,22.6
510,10,24.5,40.9,22.6
280,0,24.5,40.8266666667,22.6
250,0,24.5,40.9,22.6
260,0,24.5,40.9,22.7
250,0,24.4633333333,40.8333333333,22.6333333333
180,0,24.4633333333,40.7,22.6
110,0,24.5,40.7,22.6
80,0,24.5,40.7,22.6
70,0,24.39,40.395,22.6
80,10,24.39,40.36,22.6
70,0,24.39,40.56,22.6
80,0,24.39,40.7,22.6
70,0,24.4633333333,40.76,22.6
80,0,24.4266666667,40.7,22.6
70,0,24.5,40.6266666667,22.6
70,0,24.5,40.3633333333,22.6
70,0,24.5,40.23,22.6
60,0,24.4266666667,40.1266666667,22.6
60,10,24.5,40.1266666667,22.6
60,0,24.5,39.9666666667,22.6
60,0,24.5,39.9,22.6
60,0,24.5,39.9,22.6
50,0,24.5,39.8266666667,22.6
70,0,24.5,39.8266666667,22.6666666667
70,0,24.5,39.9666666667,22.6
130,0,24.6,40.2,22.6
390,0,24.5333333333,40.2,22.6
420,10,24.6,40.23,22.6
710,0,24.6,40.3975,22.6
850,0,24.6666666667,40.56,22.6
470,0,24.7,40.7,22.6
360,0,24.7,40.6266666667,22.6
620,0,24.7,40.56,22.6
600,0,24.7,40.5,22.7
520,0,24.6666666667,40.43,22.7
290,0,24.6,40.23,22.65
250,0,24.6,40.2,22.7
190,0,24.6,40.2,22.7
120,0,24.6,40.1633333333,22.7
100,0,24.6,40.09,22.7
320,0,24.6,40.09,22.7
270,0,24.6,40.1633333333,22.7
290,0,24.5,40.2,22.7
270,0,24.5,40.2,22.7
260,0,24.5,40.2,22.7
310,0,24.5,40.26,22.7
250,0,24.5,40.4,22.625
130,0,24.5,40.4666666667,22.7
120,0,24.5,40.645,22.7
100,20,24.4633333333,41.1266666667,22.7
90,20,24.39,41.3333333333,22.7
100,10,24.4266666667,41.83,22.7
80,0,24.5,42.09,22.7
90,10,24.5,41.9666666667,22.7
90,30,24.5,41.9,22.7
100,10,24.5333333333,42.36,22.7
80,0,24.6,42.4333333333,22.7
60,10,24.6,42.29,22.7
80,20,24.6,42.23,22.7
60,20,24.6,42.39,22.7
80,20,24.6,42.6633333333,22.7
70,20,24.6,42.8266666667,22.7
80,20,24.6666666667,42.9666666667,22.7
70,20,24.7,43.1266666667,22.7
70,20,24.7,43.2,22.6333333333
60,20,24.7,43.2,22.6666666667
70,20,24.7,43.2,22.6666666667
60,20,24.7,43.2,22.6
70,20,24.7,43.2,22.6666666667
60,20,24.76,43.26,22.6
70,20,24.8233333333,43.3266666667,22.6
70,20,24.89,43.4,22.6
60,10,24.89,43.3633333333,22.6
60,10,24.89,43.23,22.6
70,0,24.89,43.0,22.6
50,10,24.89,42.9333333333,22.6
60,0,24.89,42.76,22.6
60,0,24.89,42.7,22.6
60,0,24.79,42.5,22.6666666667
60,0,24.79,42.4333333333,22.6
60,0,24.79,42.3633333333,22.7
50,0,24.73,42.29,22.7
60,0,24.7,42.29,22.7
60,0,24.7,42.23,22.7
60,0,24.7,42.29,22.7
40,0,24.7,42.29,22.7
60,0,24.7,42.29,22.7
40,0,24.7,42.23,22.7
60,0,24.6,42.09,22.7
50,0,24.6,42.09,22.7
50,0,24.6,42.09,22.7
60,0,24.5666666667,42.1266666667,22.7
60,0,24.5,42.1266666667,22.7
60,0,24.5,42.1266666667,22.7
60,0,24.5,42.2,22.7
50,0,24.5,42.2,22.7
60,0,24.5,42.2,22.7
60,0,24.5,42.2,22.7
60,0,24.5,42.2,22.7
60,0,24.4633333333,42.1633333333,22.73
50,0,24.39,42.1633333333,22.73
60,0,24.39,42.2,22.76
60,0,24.39,42.2,22.7
60,0,24.4633333333,42.26,22.76
60,0,24.39,42.2,22.76
60,0,24.39,42.2,22.79
60,0,24.39,42.2,22.79
50,0,24.3566666667,42.2,22.76
60,0,24.34,42.2225,22.76
50,10,24.3566666667,42.23,22.79
110,0,24.29,42.29,22.79
70,0,24.29,42.3633333333,22.79
50,0,24.29,42.5,22.79
50,0,24.29,42.56,22.79
50,0,24.29,42.59,22.79
50,0,24.29,42.59,22.79
60,0,24.29,42.7,22.79
60,0,24.29,42.7,22.79
190,0,24.23,42.6266666667,22.79
130,0,24.29,42.7,22.79
180,0,24.29,42.73,22.79
360,0,24.29,42.79,22.79
100,0,24.29,42.9,22.79
70,0,24.23,42.8266666667,22.79
80,0,24.2,42.8266666667,22.79
80,0,24.26,43.1,22.8566666667
90,0,24.29,43.2666666667,22.89
90,0,24.29,43.4,22.89
60,0,24.39,43.45,22.89
70,0,24.39,43.5,22.89
50,0,24.39,43.5,22.89
580,0,24.5,43.5,22.89
660,0,24.5,43.56,22.89
300,0,24.4633333333,43.7,22.89
260,0,24.39,43.8333333333,22.89
290,0,24.39,44.0666666667,22.9175
240,0,24.39,44.26,22.9266666667
240,0,24.39,44.4,23.0
180,0,24.39,44.4,23.0
190,0,24.5,44.5,23.0
70,0,24.5,44.5,23.0
400,0,24.4633333333,44.43,23.0333333333
620,0,24.4633333333,44.3633333333,23.0333333333
330,0,24.5,44.3633333333,23.0333333333
250,0,24.5,44.3633333333,23.1
260,0,24.5,44.53,23.1
240,0,24.5,44.59,23.0333333333
230,0,24.5,44.7,23.1
220,0,24.5,44.7225,23.1
90,0,24.5,44.79,23.1
70,0,24.5,44.8266666667,23.1
370,0,24.5,44.9,23.1
280,0,24.5,45.0666666667,23.1
240,0,24.5,45.3333333333,23.1
250,0,24.5333333333,45.5666666667,23.1
220,0,24.6,45.76,23.1
230,0,24.6,45.79,23.1
190,10,24.6,45.8633333333,23.1
160,0,24.6333333333,46.03,23.1
80,0,24.7,46.09,23.1
60,0,24.7,45.9666666667,23.1
60,0,24.7,45.8266666667,23.1
60,0,24.6666666667,45.5266666667,23.1
60,0,24.6666666667,45.4,23.1
70,0,24.7,45.3633333333,23.1333333333
80,0,24.7,45.23,23.1333333333
80,0,24.7,45.1633333333,23.1666666667
70,0,24.7,45.1633333333,23.1
100,0,24.7,45.3,23.2
100,0,24.7,45.4333333333,23.2
90,0,24.7,45.5,23.16
100,0,24.7,45.4666666667,23.2
220,0,24.7,45.4,23.2
180,0,24.7,45.5,23.2
120,0,24.7,45.56,23.2
110,0,24.7,45.6266666667,23.2
90,0,24.7,45.6266666667,23.2
100,0,24.7,45.59,23.2
90,0,24.7,45.59,23.2
270,10,24.7,45.73,23.2
420,10,24.7,45.79,23.2
430,10,24.7,45.9633333333,23.2
